# Blender v2.93.0 OBJ File: 'nivel.blend'
# www.blender.org
mtllib nivel.mtl
o Cube_Cube.001
v -62.341995 -1.390277 31.753778
v -62.341995 0.351041 31.753778
v -62.341995 -1.390277 -43.657600
v -62.341995 0.351041 -43.657600
v -15.426779 -1.390277 31.753778
v -15.426779 0.351041 31.753778
v -15.426779 -1.390277 -43.657600
v -15.426779 0.351041 -43.657600
v -62.341995 -1.390277 5.523731
v -62.341995 0.351041 5.523734
v -15.359051 -1.390277 8.436004
v -15.359051 0.351041 8.436001
v 1.863712 -1.390277 -43.657600
v 1.863712 0.351041 -43.657600
v -12.648336 -1.390277 5.523734
v -12.648336 0.351041 5.523731
v 16.609827 -1.390277 -43.657600
v 16.609827 0.351041 -43.657600
v -7.147802 -1.390277 8.683616
v -7.147802 0.351041 8.683613
v 31.485500 -1.390230 18.641867
v 31.485500 0.351087 18.641867
v -0.113314 -1.390230 18.641867
v -0.113314 0.351087 18.641863
v 70.060448 -1.390277 -43.893311
v 70.060448 0.351041 -43.893311
v 70.060448 -1.390230 18.641867
v 70.060448 0.351087 18.641867
vt 0.375000 0.086957
vt 0.625000 0.086957
vt 0.625000 0.250000
vt 0.375000 0.250000
vt 0.625000 0.500000
vt 0.375000 0.500000
vt 0.375000 0.663043
vt 0.625000 0.663044
vt 0.625000 0.750000
vt 0.375000 0.750000
vt 0.625000 1.000000
vt 0.375000 1.000000
vt 0.125000 0.663043
vt 0.125000 0.750000
vt 0.875000 0.663043
vt 0.875000 0.750000
vt 0.875000 0.500000
vt 0.125000 0.500000
vt 0.625000 0.500000
vt 0.375000 0.500000
vt 0.375000 0.000000
vt 0.625000 0.000000
vt 0.625000 0.663044
vt 0.625000 0.663044
vt 0.625000 0.500000
vt 0.375000 0.663043
vt 0.625000 0.663044
vt 0.625000 0.500000
vt 0.375000 0.500000
vt 0.375000 0.663043
vt 0.375000 0.500000
vt 0.375000 0.663043
vt 0.625000 0.500000
vt 0.625000 0.500000
vt 0.375000 0.500000
vt 0.375000 0.500000
vn -1.0000 0.0000 0.0000
vn 0.0000 0.0000 -1.0000
vn 1.0000 0.0000 0.0029
vn 0.0000 0.0000 1.0000
vn 0.0000 -1.0000 0.0000
vn 0.0000 1.0000 0.0000
vn 0.7320 0.0000 0.6813
vn -0.4981 0.0000 0.8671
vn -0.8168 0.0000 0.5770
vn 1.0000 0.0000 0.0000
vn -0.0044 0.0000 -1.0000
usemtl None
s off
f 9/1/1 10/2/1 4/3/1 3/4/1
f 3/4/2 4/3/2 8/5/2 7/6/2
f 11/7/3 12/8/3 6/9/3 5/10/3
f 5/10/4 6/9/4 2/11/4 1/12/4
f 9/13/5 11/7/5 5/10/5 1/14/5
f 12/8/6 10/15/6 2/16/6 6/9/6
f 8/5/6 4/17/6 10/15/6 12/8/6
f 3/18/5 7/6/5 11/7/5 9/13/5
f 7/6/2 8/5/2 14/19/2 13/20/2
f 1/21/1 2/22/1 10/2/1 9/1/1
f 14/19/6 16/23/6 20/24/6 18/25/6
f 8/5/6 12/8/6 16/23/6 14/19/6
f 11/7/5 7/6/5 13/20/5 15/26/5
f 12/8/7 11/7/7 15/26/7 16/23/7
f 18/25/6 20/24/6 24/27/6 22/28/6
f 13/20/2 14/19/2 18/25/2 17/29/2
f 16/23/8 15/26/8 19/30/8 20/24/8
f 15/26/5 13/20/5 17/29/5 19/30/5
f 21/31/4 22/28/4 24/27/4 23/32/4
f 18/25/6 22/28/6 28/33/6 26/34/6
f 20/24/9 19/30/9 23/32/9 24/27/9
f 19/30/5 17/29/5 21/31/5 23/32/5
f 25/35/10 26/34/10 28/33/10 27/36/10
f 17/29/11 18/25/11 26/34/11 25/35/11
f 21/31/5 17/29/5 25/35/5 27/36/5
f 22/28/4 21/31/4 27/36/4 28/33/4
o Cylinder
v -28.130207 0.351040 -11.286552
v -28.130207 6.096195 -11.286552
v -26.991190 0.351040 -11.174368
v -26.991190 6.096195 -11.174368
v -25.895945 0.351040 -10.842130
v -25.895945 6.096195 -10.842130
v -24.886562 0.351040 -10.302603
v -24.886562 6.096195 -10.302603
v -24.001831 0.351040 -9.576523
v -24.001831 6.096195 -9.576523
v -23.275749 0.351040 -8.691791
v -23.275749 6.096195 -8.691791
v -22.736223 0.351040 -7.682407
v -22.736223 6.096195 -7.682407
v -22.403984 0.351040 -6.587162
v -22.403984 6.096195 -6.587162
v -22.291801 0.351040 -5.448145
v -22.291801 6.096195 -5.448145
v -22.403984 0.351040 -4.309129
v -22.403984 6.096195 -4.309129
v -22.736223 0.351040 -3.213885
v -22.736223 6.096195 -3.213885
v -23.275749 0.351040 -2.204502
v -23.275749 6.096195 -2.204502
v -24.001831 0.351040 -1.319769
v -24.001831 6.096195 -1.319769
v -24.886562 0.351040 -0.593688
v -24.886562 6.096195 -0.593688
v -25.895945 0.351040 -0.054162
v -25.895945 6.096195 -0.054162
v -26.991190 0.351040 0.278077
v -26.991190 6.096195 0.278077
v -28.130207 0.351040 0.390260
v -28.130207 6.096195 0.390260
v -29.269222 0.351040 0.278077
v -29.269222 6.096195 0.278077
v -30.364468 0.351040 -0.054162
v -30.364468 6.096195 -0.054162
v -31.373852 0.351040 -0.593689
v -31.373852 6.096195 -0.593689
v -32.258583 0.351040 -1.319769
v -32.258583 6.096195 -1.319769
v -32.984665 0.351040 -2.204500
v -32.984665 6.096195 -2.204500
v -33.524189 0.351040 -3.213884
v -33.524189 6.096195 -3.213884
v -33.856430 0.351040 -4.309129
v -33.856430 6.096195 -4.309129
v -33.968613 0.351040 -5.448146
v -33.968613 6.096195 -5.448146
v -33.856430 0.351040 -6.587163
v -33.856430 6.096195 -6.587163
v -33.524189 0.351040 -7.682408
v -33.524189 6.096195 -7.682408
v -32.984665 0.351040 -8.691790
v -32.984665 6.096195 -8.691790
v -32.258583 0.351040 -9.576522
v -32.258583 6.096195 -9.576522
v -31.373852 0.351040 -10.302603
v -31.373852 6.096195 -10.302603
v -30.364468 0.351040 -10.842130
v -30.364468 6.096195 -10.842130
v -29.269222 0.351040 -11.174369
v -29.269222 6.096195 -11.174369
vt 1.000000 0.500000
vt 1.000000 1.000000
vt 0.968750 1.000000
vt 0.968750 0.500000
vt 0.937500 1.000000
vt 0.937500 0.500000
vt 0.906250 1.000000
vt 0.906250 0.500000
vt 0.875000 1.000000
vt 0.875000 0.500000
vt 0.843750 1.000000
vt 0.843750 0.500000
vt 0.812500 1.000000
vt 0.812500 0.500000
vt 0.781250 1.000000
vt 0.781250 0.500000
vt 0.750000 1.000000
vt 0.750000 0.500000
vt 0.718750 1.000000
vt 0.718750 0.500000
vt 0.687500 1.000000
vt 0.687500 0.500000
vt 0.656250 1.000000
vt 0.656250 0.500000
vt 0.625000 1.000000
vt 0.625000 0.500000
vt 0.593750 1.000000
vt 0.593750 0.500000
vt 0.562500 1.000000
vt 0.562500 0.500000
vt 0.531250 1.000000
vt 0.531250 0.500000
vt 0.500000 1.000000
vt 0.500000 0.500000
vt 0.468750 1.000000
vt 0.468750 0.500000
vt 0.437500 1.000000
vt 0.437500 0.500000
vt 0.406250 1.000000
vt 0.406250 0.500000
vt 0.375000 1.000000
vt 0.375000 0.500000
vt 0.343750 1.000000
vt 0.343750 0.500000
vt 0.312500 1.000000
vt 0.312500 0.500000
vt 0.281250 1.000000
vt 0.281250 0.500000
vt 0.250000 1.000000
vt 0.250000 0.500000
vt 0.218750 1.000000
vt 0.218750 0.500000
vt 0.187500 1.000000
vt 0.187500 0.500000
vt 0.156250 1.000000
vt 0.156250 0.500000
vt 0.125000 1.000000
vt 0.125000 0.500000
vt 0.093750 1.000000
vt 0.093750 0.500000
vt 0.062500 1.000000
vt 0.062500 0.500000
vt 0.296822 0.485388
vt 0.250000 0.490000
vt 0.203178 0.485388
vt 0.158156 0.471731
vt 0.116663 0.449553
vt 0.080294 0.419706
vt 0.050447 0.383337
vt 0.028269 0.341844
vt 0.014612 0.296822
vt 0.010000 0.250000
vt 0.014612 0.203178
vt 0.028269 0.158156
vt 0.050447 0.116663
vt 0.080294 0.080294
vt 0.116663 0.050447
vt 0.158156 0.028269
vt 0.203178 0.014612
vt 0.250000 0.010000
vt 0.296822 0.014612
vt 0.341844 0.028269
vt 0.383337 0.050447
vt 0.419706 0.080294
vt 0.449553 0.116663
vt 0.471731 0.158156
vt 0.485388 0.203178
vt 0.490000 0.250000
vt 0.485388 0.296822
vt 0.471731 0.341844
vt 0.449553 0.383337
vt 0.419706 0.419706
vt 0.383337 0.449553
vt 0.341844 0.471731
vt 0.031250 1.000000
vt 0.031250 0.500000
vt 0.000000 1.000000
vt 0.000000 0.500000
vt 0.750000 0.490000
vt 0.796822 0.485388
vt 0.841844 0.471731
vt 0.883337 0.449553
vt 0.919706 0.419706
vt 0.949553 0.383337
vt 0.971731 0.341844
vt 0.985388 0.296822
vt 0.990000 0.250000
vt 0.985388 0.203178
vt 0.971731 0.158156
vt 0.949553 0.116663
vt 0.919706 0.080294
vt 0.883337 0.050447
vt 0.841844 0.028269
vt 0.796822 0.014612
vt 0.750000 0.010000
vt 0.703178 0.014612
vt 0.658156 0.028269
vt 0.616663 0.050447
vt 0.580294 0.080294
vt 0.550447 0.116663
vt 0.528269 0.158156
vt 0.514612 0.203178
vt 0.510000 0.250000
vt 0.514612 0.296822
vt 0.528269 0.341844
vt 0.550447 0.383337
vt 0.580294 0.419706
vt 0.616663 0.449553
vt 0.658156 0.471731
vt 0.703178 0.485388
vn 0.0980 0.0000 -0.9952
vn 0.2903 0.0000 -0.9569
vn 0.4714 0.0000 -0.8819
vn 0.6344 0.0000 -0.7730
vn 0.7730 0.0000 -0.6344
vn 0.8819 0.0000 -0.4714
vn 0.9569 0.0000 -0.2903
vn 0.9952 0.0000 -0.0980
vn 0.9952 0.0000 0.0980
vn 0.9569 0.0000 0.2903
vn 0.8819 0.0000 0.4714
vn 0.7730 0.0000 0.6344
vn 0.6344 0.0000 0.7730
vn 0.4714 0.0000 0.8819
vn 0.2903 0.0000 0.9569
vn 0.0980 0.0000 0.9952
vn -0.0980 0.0000 0.9952
vn -0.2903 0.0000 0.9569
vn -0.4714 0.0000 0.8819
vn -0.6344 0.0000 0.7730
vn -0.7730 0.0000 0.6344
vn -0.8819 0.0000 0.4714
vn -0.9569 0.0000 0.2903
vn -0.9952 0.0000 0.0980
vn -0.9952 0.0000 -0.0980
vn -0.9569 0.0000 -0.2903
vn -0.8819 0.0000 -0.4714
vn -0.7730 0.0000 -0.6344
vn -0.6344 0.0000 -0.7730
vn -0.4714 0.0000 -0.8819
vn 0.0000 1.0000 -0.0000
vn -0.2903 0.0000 -0.9569
vn -0.0980 0.0000 -0.9952
vn 0.0000 -1.0000 -0.0000
usemtl None
s off
f 29/37/12 30/38/12 32/39/12 31/40/12
f 31/40/13 32/39/13 34/41/13 33/42/13
f 33/42/14 34/41/14 36/43/14 35/44/14
f 35/44/15 36/43/15 38/45/15 37/46/15
f 37/46/16 38/45/16 40/47/16 39/48/16
f 39/48/17 40/47/17 42/49/17 41/50/17
f 41/50/18 42/49/18 44/51/18 43/52/18
f 43/52/19 44/51/19 46/53/19 45/54/19
f 45/54/20 46/53/20 48/55/20 47/56/20
f 47/56/21 48/55/21 50/57/21 49/58/21
f 49/58/22 50/57/22 52/59/22 51/60/22
f 51/60/23 52/59/23 54/61/23 53/62/23
f 53/62/24 54/61/24 56/63/24 55/64/24
f 55/64/25 56/63/25 58/65/25 57/66/25
f 57/66/26 58/65/26 60/67/26 59/68/26
f 59/68/27 60/67/27 62/69/27 61/70/27
f 61/70/28 62/69/28 64/71/28 63/72/28
f 63/72/29 64/71/29 66/73/29 65/74/29
f 65/74/30 66/73/30 68/75/30 67/76/30
f 67/76/31 68/75/31 70/77/31 69/78/31
f 69/78/32 70/77/32 72/79/32 71/80/32
f 71/80/33 72/79/33 74/81/33 73/82/33
f 73/82/34 74/81/34 76/83/34 75/84/34
f 75/84/35 76/83/35 78/85/35 77/86/35
f 77/86/36 78/85/36 80/87/36 79/88/36
f 79/88/37 80/87/37 82/89/37 81/90/37
f 81/90/38 82/89/38 84/91/38 83/92/38
f 83/92/39 84/91/39 86/93/39 85/94/39
f 85/94/40 86/93/40 88/95/40 87/96/40
f 87/96/41 88/95/41 90/97/41 89/98/41
f 32/99/42 30/100/42 92/101/42 90/102/42 88/103/42 86/104/42 84/105/42 82/106/42 80/107/42 78/108/42 76/109/42 74/110/42 72/111/42 70/112/42 68/113/42 66/114/42 64/115/42 62/116/42 60/117/42 58/118/42 56/119/42 54/120/42 52/121/42 50/122/42 48/123/42 46/124/42 44/125/42 42/126/42 40/127/42 38/128/42 36/129/42 34/130/42
f 89/98/43 90/97/43 92/131/43 91/132/43
f 91/132/44 92/131/44 30/133/44 29/134/44
f 29/135/45 31/136/45 33/137/45 35/138/45 37/139/45 39/140/45 41/141/45 43/142/45 45/143/45 47/144/45 49/145/45 51/146/45 53/147/45 55/148/45 57/149/45 59/150/45 61/151/45 63/152/45 65/153/45 67/154/45 69/155/45 71/156/45 73/157/45 75/158/45 77/159/45 79/160/45 81/161/45 83/162/45 85/163/45 87/164/45 89/165/45 91/166/45
o Cylinder.001
v -37.960049 0.351041 -7.017356
v -37.960049 4.077482 -7.017356
v -37.516277 0.351041 -6.973649
v -37.516277 4.077482 -6.973649
v -37.089558 0.351041 -6.844205
v -37.089558 4.077482 -6.844205
v -36.696293 0.351041 -6.634000
v -36.696293 4.077482 -6.634000
v -36.351593 0.351041 -6.351112
v -36.351593 4.077482 -6.351112
v -36.068703 0.351041 -6.006412
v -36.068703 4.077482 -6.006412
v -35.858498 0.351041 -5.613146
v -35.858498 4.077482 -5.613146
v -35.729057 0.351041 -5.186428
v -35.729057 4.077482 -5.186428
v -35.685349 0.351041 -4.742655
v -35.685349 4.077482 -4.742655
v -35.729057 0.351041 -4.298883
v -35.729057 4.077482 -4.298883
v -35.858498 0.351041 -3.872165
v -35.858498 4.077482 -3.872165
v -36.068703 0.351041 -3.478899
v -36.068703 4.077482 -3.478899
v -36.351593 0.351041 -3.134199
v -36.351593 4.077482 -3.134199
v -36.696293 0.351041 -2.851311
v -36.696293 4.077482 -2.851311
v -37.089558 0.351041 -2.641106
v -37.089558 4.077482 -2.641106
v -37.516277 0.351041 -2.511662
v -37.516277 4.077482 -2.511662
v -37.960049 0.351041 -2.467954
v -37.960049 4.077482 -2.467954
v -38.403820 0.351041 -2.511662
v -38.403820 4.077482 -2.511662
v -38.830540 0.351041 -2.641106
v -38.830540 4.077482 -2.641106
v -39.223804 0.351041 -2.851311
v -39.223804 4.077482 -2.851311
v -39.568504 0.351041 -3.134199
v -39.568504 4.077482 -3.134199
v -39.851395 0.351041 -3.478899
v -39.851395 4.077482 -3.478899
v -40.061600 0.351041 -3.872165
v -40.061600 4.077482 -3.872165
v -40.191044 0.351041 -4.298883
v -40.191044 4.077482 -4.298883
v -40.234749 0.351041 -4.742655
v -40.234749 4.077482 -4.742655
v -40.191044 0.351041 -5.186428
v -40.191044 4.077482 -5.186428
v -40.061600 0.351041 -5.613146
v -40.061600 4.077482 -5.613146
v -39.851395 0.351041 -6.006411
v -39.851395 4.077482 -6.006411
v -39.568504 0.351041 -6.351111
v -39.568504 4.077482 -6.351111
v -39.223804 0.351041 -6.634000
v -39.223804 4.077482 -6.634000
v -38.830540 0.351041 -6.844205
v -38.830540 4.077482 -6.844205
v -38.403820 0.351041 -6.973649
v -38.403820 4.077482 -6.973649
vt 1.000000 0.500000
vt 1.000000 1.000000
vt 0.968750 1.000000
vt 0.968750 0.500000
vt 0.937500 1.000000
vt 0.937500 0.500000
vt 0.906250 1.000000
vt 0.906250 0.500000
vt 0.875000 1.000000
vt 0.875000 0.500000
vt 0.843750 1.000000
vt 0.843750 0.500000
vt 0.812500 1.000000
vt 0.812500 0.500000
vt 0.781250 1.000000
vt 0.781250 0.500000
vt 0.750000 1.000000
vt 0.750000 0.500000
vt 0.718750 1.000000
vt 0.718750 0.500000
vt 0.687500 1.000000
vt 0.687500 0.500000
vt 0.656250 1.000000
vt 0.656250 0.500000
vt 0.625000 1.000000
vt 0.625000 0.500000
vt 0.593750 1.000000
vt 0.593750 0.500000
vt 0.562500 1.000000
vt 0.562500 0.500000
vt 0.531250 1.000000
vt 0.531250 0.500000
vt 0.500000 1.000000
vt 0.500000 0.500000
vt 0.468750 1.000000
vt 0.468750 0.500000
vt 0.437500 1.000000
vt 0.437500 0.500000
vt 0.406250 1.000000
vt 0.406250 0.500000
vt 0.375000 1.000000
vt 0.375000 0.500000
vt 0.343750 1.000000
vt 0.343750 0.500000
vt 0.312500 1.000000
vt 0.312500 0.500000
vt 0.281250 1.000000
vt 0.281250 0.500000
vt 0.250000 1.000000
vt 0.250000 0.500000
vt 0.218750 1.000000
vt 0.218750 0.500000
vt 0.187500 1.000000
vt 0.187500 0.500000
vt 0.156250 1.000000
vt 0.156250 0.500000
vt 0.125000 1.000000
vt 0.125000 0.500000
vt 0.093750 1.000000
vt 0.093750 0.500000
vt 0.062500 1.000000
vt 0.062500 0.500000
vt 0.296822 0.485388
vt 0.250000 0.490000
vt 0.203178 0.485388
vt 0.158156 0.471731
vt 0.116663 0.449553
vt 0.080294 0.419706
vt 0.050447 0.383337
vt 0.028269 0.341844
vt 0.014612 0.296822
vt 0.010000 0.250000
vt 0.014612 0.203178
vt 0.028269 0.158156
vt 0.050447 0.116663
vt 0.080294 0.080294
vt 0.116663 0.050447
vt 0.158156 0.028269
vt 0.203178 0.014612
vt 0.250000 0.010000
vt 0.296822 0.014612
vt 0.341844 0.028269
vt 0.383337 0.050447
vt 0.419706 0.080294
vt 0.449553 0.116663
vt 0.471731 0.158156
vt 0.485388 0.203178
vt 0.490000 0.250000
vt 0.485388 0.296822
vt 0.471731 0.341844
vt 0.449553 0.383337
vt 0.419706 0.419706
vt 0.383337 0.449553
vt 0.341844 0.471731
vt 0.031250 1.000000
vt 0.031250 0.500000
vt 0.000000 1.000000
vt 0.000000 0.500000
vt 0.750000 0.490000
vt 0.796822 0.485388
vt 0.841844 0.471731
vt 0.883337 0.449553
vt 0.919706 0.419706
vt 0.949553 0.383337
vt 0.971731 0.341844
vt 0.985388 0.296822
vt 0.990000 0.250000
vt 0.985388 0.203178
vt 0.971731 0.158156
vt 0.949553 0.116663
vt 0.919706 0.080294
vt 0.883337 0.050447
vt 0.841844 0.028269
vt 0.796822 0.014612
vt 0.750000 0.010000
vt 0.703178 0.014612
vt 0.658156 0.028269
vt 0.616663 0.050447
vt 0.580294 0.080294
vt 0.550447 0.116663
vt 0.528269 0.158156
vt 0.514612 0.203178
vt 0.510000 0.250000
vt 0.514612 0.296822
vt 0.528269 0.341844
vt 0.550447 0.383337
vt 0.580294 0.419706
vt 0.616663 0.449553
vt 0.658156 0.471731
vt 0.703178 0.485388
vn 0.0980 0.0000 -0.9952
vn 0.2903 0.0000 -0.9569
vn 0.4714 0.0000 -0.8819
vn 0.6344 0.0000 -0.7730
vn 0.7730 0.0000 -0.6344
vn 0.8819 0.0000 -0.4714
vn 0.9569 0.0000 -0.2903
vn 0.9952 0.0000 -0.0980
vn 0.9952 0.0000 0.0980
vn 0.9569 0.0000 0.2903
vn 0.8819 0.0000 0.4714
vn 0.7730 0.0000 0.6344
vn 0.6344 0.0000 0.7730
vn 0.4714 0.0000 0.8819
vn 0.2903 0.0000 0.9569
vn 0.0980 0.0000 0.9952
vn -0.0980 0.0000 0.9952
vn -0.2903 0.0000 0.9569
vn -0.4714 0.0000 0.8819
vn -0.6344 0.0000 0.7730
vn -0.7730 0.0000 0.6344
vn -0.8819 0.0000 0.4714
vn -0.9569 0.0000 0.2903
vn -0.9952 0.0000 0.0980
vn -0.9952 0.0000 -0.0980
vn -0.9569 0.0000 -0.2903
vn -0.8819 0.0000 -0.4714
vn -0.7730 0.0000 -0.6344
vn -0.6344 0.0000 -0.7730
vn -0.4714 0.0000 -0.8819
vn 0.0000 1.0000 -0.0000
vn -0.2903 0.0000 -0.9569
vn -0.0980 0.0000 -0.9952
vn 0.0000 -1.0000 0.0000
usemtl None
s off
f 93/167/46 94/168/46 96/169/46 95/170/46
f 95/170/47 96/169/47 98/171/47 97/172/47
f 97/172/48 98/171/48 100/173/48 99/174/48
f 99/174/49 100/173/49 102/175/49 101/176/49
f 101/176/50 102/175/50 104/177/50 103/178/50
f 103/178/51 104/177/51 106/179/51 105/180/51
f 105/180/52 106/179/52 108/181/52 107/182/52
f 107/182/53 108/181/53 110/183/53 109/184/53
f 109/184/54 110/183/54 112/185/54 111/186/54
f 111/186/55 112/185/55 114/187/55 113/188/55
f 113/188/56 114/187/56 116/189/56 115/190/56
f 115/190/57 116/189/57 118/191/57 117/192/57
f 117/192/58 118/191/58 120/193/58 119/194/58
f 119/194/59 120/193/59 122/195/59 121/196/59
f 121/196/60 122/195/60 124/197/60 123/198/60
f 123/198/61 124/197/61 126/199/61 125/200/61
f 125/200/62 126/199/62 128/201/62 127/202/62
f 127/202/63 128/201/63 130/203/63 129/204/63
f 129/204/64 130/203/64 132/205/64 131/206/64
f 131/206/65 132/205/65 134/207/65 133/208/65
f 133/208/66 134/207/66 136/209/66 135/210/66
f 135/210/67 136/209/67 138/211/67 137/212/67
f 137/212/68 138/211/68 140/213/68 139/214/68
f 139/214/69 140/213/69 142/215/69 141/216/69
f 141/216/70 142/215/70 144/217/70 143/218/70
f 143/218/71 144/217/71 146/219/71 145/220/71
f 145/220/72 146/219/72 148/221/72 147/222/72
f 147/222/73 148/221/73 150/223/73 149/224/73
f 149/224/74 150/223/74 152/225/74 151/226/74
f 151/226/75 152/225/75 154/227/75 153/228/75
f 96/229/76 94/230/76 156/231/76 154/232/76 152/233/76 150/234/76 148/235/76 146/236/76 144/237/76 142/238/76 140/239/76 138/240/76 136/241/76 134/242/76 132/243/76 130/244/76 128/245/76 126/246/76 124/247/76 122/248/76 120/249/76 118/250/76 116/251/76 114/252/76 112/253/76 110/254/76 108/255/76 106/256/76 104/257/76 102/258/76 100/259/76 98/260/76
f 153/228/77 154/227/77 156/261/77 155/262/77
f 155/262/78 156/261/78 94/263/78 93/264/78
f 93/265/79 95/266/79 97/267/79 99/268/79 101/269/79 103/270/79 105/271/79 107/272/79 109/273/79 111/274/79 113/275/79 115/276/79 117/277/79 119/278/79 121/279/79 123/280/79 125/281/79 127/282/79 129/283/79 131/284/79 133/285/79 135/286/79 137/287/79 139/288/79 141/289/79 143/290/79 145/291/79 147/292/79 149/293/79 151/294/79 153/295/79 155/296/79
o Cylinder.002
v -38.665539 0.351041 -13.790075
v -38.665539 2.421463 -13.790075
v -38.221767 0.351041 -13.746367
v -38.221767 2.421463 -13.746367
v -37.795048 0.351041 -13.616923
v -37.795048 2.421463 -13.616923
v -37.401783 0.351041 -13.406719
v -37.401783 2.421463 -13.406719
v -37.057083 0.351041 -13.123831
v -37.057083 2.421463 -13.123831
v -36.774193 0.351041 -12.779130
v -36.774193 2.421463 -12.779130
v -36.563988 0.351041 -12.385864
v -36.563988 2.421463 -12.385864
v -36.434547 0.351041 -11.959146
v -36.434547 2.421463 -11.959146
v -36.390839 0.351041 -11.515374
v -36.390839 2.421463 -11.515374
v -36.434547 0.351041 -11.071602
v -36.434547 2.421463 -11.071602
v -36.563988 0.351041 -10.644883
v -36.563988 2.421463 -10.644883
v -36.774193 0.351041 -10.251617
v -36.774193 2.421463 -10.251617
v -37.057083 0.351041 -9.906918
v -37.057083 2.421463 -9.906918
v -37.401783 0.351041 -9.624029
v -37.401783 2.421463 -9.624029
v -37.795048 0.351041 -9.413824
v -37.795048 2.421463 -9.413824
v -38.221767 0.351041 -9.284380
v -38.221767 2.421463 -9.284380
v -38.665539 0.351041 -9.240673
v -38.665539 2.421463 -9.240673
v -39.109310 0.351041 -9.284380
v -39.109310 2.421463 -9.284380
v -39.536030 0.351041 -9.413824
v -39.536030 2.421463 -9.413824
v -39.929295 0.351041 -9.624029
v -39.929295 2.421463 -9.624029
v -40.273994 0.351041 -9.906918
v -40.273994 2.421463 -9.906918
v -40.556885 0.351041 -10.251617
v -40.556885 2.421463 -10.251617
v -40.767090 0.351041 -10.644883
v -40.767090 2.421463 -10.644883
v -40.896534 0.351041 -11.071602
v -40.896534 2.421463 -11.071602
v -40.940239 0.351041 -11.515374
v -40.940239 2.421463 -11.515374
v -40.896534 0.351041 -11.959146
v -40.896534 2.421463 -11.959146
v -40.767090 0.351041 -12.385864
v -40.767090 2.421463 -12.385864
v -40.556885 0.351041 -12.779130
v -40.556885 2.421463 -12.779130
v -40.273994 0.351041 -13.123830
v -40.273994 2.421463 -13.123830
v -39.929295 0.351041 -13.406719
v -39.929295 2.421463 -13.406719
v -39.536030 0.351041 -13.616923
v -39.536030 2.421463 -13.616923
v -39.109310 0.351041 -13.746367
v -39.109310 2.421463 -13.746367
vt 1.000000 0.500000
vt 1.000000 1.000000
vt 0.968750 1.000000
vt 0.968750 0.500000
vt 0.937500 1.000000
vt 0.937500 0.500000
vt 0.906250 1.000000
vt 0.906250 0.500000
vt 0.875000 1.000000
vt 0.875000 0.500000
vt 0.843750 1.000000
vt 0.843750 0.500000
vt 0.812500 1.000000
vt 0.812500 0.500000
vt 0.781250 1.000000
vt 0.781250 0.500000
vt 0.750000 1.000000
vt 0.750000 0.500000
vt 0.718750 1.000000
vt 0.718750 0.500000
vt 0.687500 1.000000
vt 0.687500 0.500000
vt 0.656250 1.000000
vt 0.656250 0.500000
vt 0.625000 1.000000
vt 0.625000 0.500000
vt 0.593750 1.000000
vt 0.593750 0.500000
vt 0.562500 1.000000
vt 0.562500 0.500000
vt 0.531250 1.000000
vt 0.531250 0.500000
vt 0.500000 1.000000
vt 0.500000 0.500000
vt 0.468750 1.000000
vt 0.468750 0.500000
vt 0.437500 1.000000
vt 0.437500 0.500000
vt 0.406250 1.000000
vt 0.406250 0.500000
vt 0.375000 1.000000
vt 0.375000 0.500000
vt 0.343750 1.000000
vt 0.343750 0.500000
vt 0.312500 1.000000
vt 0.312500 0.500000
vt 0.281250 1.000000
vt 0.281250 0.500000
vt 0.250000 1.000000
vt 0.250000 0.500000
vt 0.218750 1.000000
vt 0.218750 0.500000
vt 0.187500 1.000000
vt 0.187500 0.500000
vt 0.156250 1.000000
vt 0.156250 0.500000
vt 0.125000 1.000000
vt 0.125000 0.500000
vt 0.093750 1.000000
vt 0.093750 0.500000
vt 0.062500 1.000000
vt 0.062500 0.500000
vt 0.296822 0.485388
vt 0.250000 0.490000
vt 0.203178 0.485388
vt 0.158156 0.471731
vt 0.116663 0.449553
vt 0.080294 0.419706
vt 0.050447 0.383337
vt 0.028269 0.341844
vt 0.014612 0.296822
vt 0.010000 0.250000
vt 0.014612 0.203178
vt 0.028269 0.158156
vt 0.050447 0.116663
vt 0.080294 0.080294
vt 0.116663 0.050447
vt 0.158156 0.028269
vt 0.203178 0.014612
vt 0.250000 0.010000
vt 0.296822 0.014612
vt 0.341844 0.028269
vt 0.383337 0.050447
vt 0.419706 0.080294
vt 0.449553 0.116663
vt 0.471731 0.158156
vt 0.485388 0.203178
vt 0.490000 0.250000
vt 0.485388 0.296822
vt 0.471731 0.341844
vt 0.449553 0.383337
vt 0.419706 0.419706
vt 0.383337 0.449553
vt 0.341844 0.471731
vt 0.031250 1.000000
vt 0.031250 0.500000
vt 0.000000 1.000000
vt 0.000000 0.500000
vt 0.750000 0.490000
vt 0.796822 0.485388
vt 0.841844 0.471731
vt 0.883337 0.449553
vt 0.919706 0.419706
vt 0.949553 0.383337
vt 0.971731 0.341844
vt 0.985388 0.296822
vt 0.990000 0.250000
vt 0.985388 0.203178
vt 0.971731 0.158156
vt 0.949553 0.116663
vt 0.919706 0.080294
vt 0.883337 0.050447
vt 0.841844 0.028269
vt 0.796822 0.014612
vt 0.750000 0.010000
vt 0.703178 0.014612
vt 0.658156 0.028269
vt 0.616663 0.050447
vt 0.580294 0.080294
vt 0.550447 0.116663
vt 0.528269 0.158156
vt 0.514612 0.203178
vt 0.510000 0.250000
vt 0.514612 0.296822
vt 0.528269 0.341844
vt 0.550447 0.383337
vt 0.580294 0.419706
vt 0.616663 0.449553
vt 0.658156 0.471731
vt 0.703178 0.485388
vn 0.0980 0.0000 -0.9952
vn 0.2903 0.0000 -0.9569
vn 0.4714 0.0000 -0.8819
vn 0.6344 0.0000 -0.7730
vn 0.7730 0.0000 -0.6344
vn 0.8819 0.0000 -0.4714
vn 0.9569 0.0000 -0.2903
vn 0.9952 0.0000 -0.0980
vn 0.9952 0.0000 0.0980
vn 0.9569 0.0000 0.2903
vn 0.8819 0.0000 0.4714
vn 0.7730 0.0000 0.6344
vn 0.6344 0.0000 0.7730
vn 0.4714 0.0000 0.8819
vn 0.2903 0.0000 0.9569
vn 0.0980 0.0000 0.9952
vn -0.0980 0.0000 0.9952
vn -0.2903 0.0000 0.9569
vn -0.4714 0.0000 0.8819
vn -0.6344 0.0000 0.7730
vn -0.7730 0.0000 0.6344
vn -0.8819 0.0000 0.4714
vn -0.9569 0.0000 0.2903
vn -0.9952 0.0000 0.0980
vn -0.9952 0.0000 -0.0980
vn -0.9569 0.0000 -0.2903
vn -0.8819 0.0000 -0.4714
vn -0.7730 0.0000 -0.6344
vn -0.6344 0.0000 -0.7730
vn -0.4714 0.0000 -0.8819
vn 0.0000 1.0000 0.0000
vn -0.2903 0.0000 -0.9569
vn -0.0980 0.0000 -0.9952
vn 0.0000 -1.0000 -0.0000
usemtl None
s off
f 157/297/80 158/298/80 160/299/80 159/300/80
f 159/300/81 160/299/81 162/301/81 161/302/81
f 161/302/82 162/301/82 164/303/82 163/304/82
f 163/304/83 164/303/83 166/305/83 165/306/83
f 165/306/84 166/305/84 168/307/84 167/308/84
f 167/308/85 168/307/85 170/309/85 169/310/85
f 169/310/86 170/309/86 172/311/86 171/312/86
f 171/312/87 172/311/87 174/313/87 173/314/87
f 173/314/88 174/313/88 176/315/88 175/316/88
f 175/316/89 176/315/89 178/317/89 177/318/89
f 177/318/90 178/317/90 180/319/90 179/320/90
f 179/320/91 180/319/91 182/321/91 181/322/91
f 181/322/92 182/321/92 184/323/92 183/324/92
f 183/324/93 184/323/93 186/325/93 185/326/93
f 185/326/94 186/325/94 188/327/94 187/328/94
f 187/328/95 188/327/95 190/329/95 189/330/95
f 189/330/96 190/329/96 192/331/96 191/332/96
f 191/332/97 192/331/97 194/333/97 193/334/97
f 193/334/98 194/333/98 196/335/98 195/336/98
f 195/336/99 196/335/99 198/337/99 197/338/99
f 197/338/100 198/337/100 200/339/100 199/340/100
f 199/340/101 200/339/101 202/341/101 201/342/101
f 201/342/102 202/341/102 204/343/102 203/344/102
f 203/344/103 204/343/103 206/345/103 205/346/103
f 205/346/104 206/345/104 208/347/104 207/348/104
f 207/348/105 208/347/105 210/349/105 209/350/105
f 209/350/106 210/349/106 212/351/106 211/352/106
f 211/352/107 212/351/107 214/353/107 213/354/107
f 213/354/108 214/353/108 216/355/108 215/356/108
f 215/356/109 216/355/109 218/357/109 217/358/109
f 160/359/110 158/360/110 220/361/110 218/362/110 216/363/110 214/364/110 212/365/110 210/366/110 208/367/110 206/368/110 204/369/110 202/370/110 200/371/110 198/372/110 196/373/110 194/374/110 192/375/110 190/376/110 188/377/110 186/378/110 184/379/110 182/380/110 180/381/110 178/382/110 176/383/110 174/384/110 172/385/110 170/386/110 168/387/110 166/388/110 164/389/110 162/390/110
f 217/358/111 218/357/111 220/391/111 219/392/111
f 219/392/112 220/391/112 158/393/112 157/394/112
f 157/395/113 159/396/113 161/397/113 163/398/113 165/399/113 167/400/113 169/401/113 171/402/113 173/403/113 175/404/113 177/405/113 179/406/113 181/407/113 183/408/113 185/409/113 187/410/113 189/411/113 191/412/113 193/413/113 195/414/113 197/415/113 199/416/113 201/417/113 203/418/113 205/419/113 207/420/113 209/421/113 211/422/113 213/423/113 215/424/113 217/425/113 219/426/113
o Cylinder.003
v -21.834833 0.351041 -40.693550
v -21.834833 5.544737 -40.693550
v -19.482368 0.351041 -40.461853
v -19.482368 5.544737 -40.461853
v -17.220306 0.351041 -39.775665
v -17.220306 5.544737 -39.775665
v -15.135580 0.351041 -38.661354
v -15.135580 5.544737 -38.661354
v -13.308301 0.351041 -37.161747
v -13.308301 5.544737 -37.161747
v -11.808692 0.351041 -35.334469
v -11.808692 5.544737 -35.334469
v -10.694383 0.351041 -33.249741
v -10.694383 5.544737 -33.249741
v -10.008193 0.351041 -30.987680
v -10.008193 5.544737 -30.987680
v -9.776495 0.351041 -28.635214
v -9.776495 5.544737 -28.635214
v -10.008193 0.351041 -26.282751
v -10.008193 5.544737 -26.282751
v -10.694382 0.351041 -24.020691
v -10.694382 5.544737 -24.020691
v -11.808691 0.351041 -21.935963
v -11.808691 5.544737 -21.935963
v -13.308301 0.351041 -20.108685
v -13.308301 5.544737 -20.108685
v -15.135580 0.351041 -18.609074
v -15.135580 5.544737 -18.609074
v -17.220306 0.351041 -17.494764
v -17.220306 5.544737 -17.494764
v -19.482368 0.351041 -16.808575
v -19.482368 5.544737 -16.808575
v -21.834833 0.351041 -16.576878
v -21.834833 5.544737 -16.576878
v -24.187296 0.351041 -16.808575
v -24.187296 5.544737 -16.808575
v -26.449358 0.351041 -17.494764
v -26.449358 5.544737 -17.494764
v -28.534086 0.351041 -18.609076
v -28.534086 5.544737 -18.609076
v -30.361364 0.351041 -20.108683
v -30.361364 5.544737 -20.108683
v -31.860971 0.351041 -21.935959
v -31.860971 5.544737 -21.935959
v -32.975281 0.351041 -24.020687
v -32.975281 5.544737 -24.020687
v -33.661472 0.351041 -26.282749
v -33.661472 5.544737 -26.282749
v -33.893169 0.351041 -28.635216
v -33.893169 5.544737 -28.635216
v -33.661472 0.351041 -30.987682
v -33.661472 5.544737 -30.987682
v -32.975281 0.351041 -33.249744
v -32.975281 5.544737 -33.249744
v -31.860973 0.351041 -35.334465
v -31.860973 5.544737 -35.334465
v -30.361366 0.351041 -37.161747
v -30.361366 5.544737 -37.161747
v -28.534086 0.351041 -38.661354
v -28.534086 5.544737 -38.661354
v -26.449358 0.351041 -39.775665
v -26.449358 5.544737 -39.775665
v -24.187296 0.351041 -40.461853
v -24.187296 5.544737 -40.461853
vt 1.000000 0.500000
vt 1.000000 1.000000
vt 0.968750 1.000000
vt 0.968750 0.500000
vt 0.937500 1.000000
vt 0.937500 0.500000
vt 0.906250 1.000000
vt 0.906250 0.500000
vt 0.875000 1.000000
vt 0.875000 0.500000
vt 0.843750 1.000000
vt 0.843750 0.500000
vt 0.812500 1.000000
vt 0.812500 0.500000
vt 0.781250 1.000000
vt 0.781250 0.500000
vt 0.750000 1.000000
vt 0.750000 0.500000
vt 0.718750 1.000000
vt 0.718750 0.500000
vt 0.687500 1.000000
vt 0.687500 0.500000
vt 0.656250 1.000000
vt 0.656250 0.500000
vt 0.625000 1.000000
vt 0.625000 0.500000
vt 0.593750 1.000000
vt 0.593750 0.500000
vt 0.562500 1.000000
vt 0.562500 0.500000
vt 0.531250 1.000000
vt 0.531250 0.500000
vt 0.500000 1.000000
vt 0.500000 0.500000
vt 0.468750 1.000000
vt 0.468750 0.500000
vt 0.437500 1.000000
vt 0.437500 0.500000
vt 0.406250 1.000000
vt 0.406250 0.500000
vt 0.375000 1.000000
vt 0.375000 0.500000
vt 0.343750 1.000000
vt 0.343750 0.500000
vt 0.312500 1.000000
vt 0.312500 0.500000
vt 0.281250 1.000000
vt 0.281250 0.500000
vt 0.250000 1.000000
vt 0.250000 0.500000
vt 0.218750 1.000000
vt 0.218750 0.500000
vt 0.187500 1.000000
vt 0.187500 0.500000
vt 0.156250 1.000000
vt 0.156250 0.500000
vt 0.125000 1.000000
vt 0.125000 0.500000
vt 0.093750 1.000000
vt 0.093750 0.500000
vt 0.062500 1.000000
vt 0.062500 0.500000
vt 0.296822 0.485388
vt 0.250000 0.490000
vt 0.203178 0.485388
vt 0.158156 0.471731
vt 0.116663 0.449553
vt 0.080294 0.419706
vt 0.050447 0.383337
vt 0.028269 0.341844
vt 0.014612 0.296822
vt 0.010000 0.250000
vt 0.014612 0.203178
vt 0.028269 0.158156
vt 0.050447 0.116663
vt 0.080294 0.080294
vt 0.116663 0.050447
vt 0.158156 0.028269
vt 0.203178 0.014612
vt 0.250000 0.010000
vt 0.296822 0.014612
vt 0.341844 0.028269
vt 0.383337 0.050447
vt 0.419706 0.080294
vt 0.449553 0.116663
vt 0.471731 0.158156
vt 0.485388 0.203178
vt 0.490000 0.250000
vt 0.485388 0.296822
vt 0.471731 0.341844
vt 0.449553 0.383337
vt 0.419706 0.419706
vt 0.383337 0.449553
vt 0.341844 0.471731
vt 0.031250 1.000000
vt 0.031250 0.500000
vt 0.000000 1.000000
vt 0.000000 0.500000
vt 0.750000 0.490000
vt 0.796822 0.485388
vt 0.841844 0.471731
vt 0.883337 0.449553
vt 0.919706 0.419706
vt 0.949553 0.383337
vt 0.971731 0.341844
vt 0.985388 0.296822
vt 0.990000 0.250000
vt 0.985388 0.203178
vt 0.971731 0.158156
vt 0.949553 0.116663
vt 0.919706 0.080294
vt 0.883337 0.050447
vt 0.841844 0.028269
vt 0.796822 0.014612
vt 0.750000 0.010000
vt 0.703178 0.014612
vt 0.658156 0.028269
vt 0.616663 0.050447
vt 0.580294 0.080294
vt 0.550447 0.116663
vt 0.528269 0.158156
vt 0.514612 0.203178
vt 0.510000 0.250000
vt 0.514612 0.296822
vt 0.528269 0.341844
vt 0.550447 0.383337
vt 0.580294 0.419706
vt 0.616663 0.449553
vt 0.658156 0.471731
vt 0.703178 0.485388
vn 0.0980 0.0000 -0.9952
vn 0.2903 0.0000 -0.9569
vn 0.4714 0.0000 -0.8819
vn 0.6344 0.0000 -0.7730
vn 0.7730 0.0000 -0.6344
vn 0.8819 0.0000 -0.4714
vn 0.9569 0.0000 -0.2903
vn 0.9952 0.0000 -0.0980
vn 0.9952 0.0000 0.0980
vn 0.9569 0.0000 0.2903
vn 0.8819 0.0000 0.4714
vn 0.7730 0.0000 0.6344
vn 0.6344 0.0000 0.7730
vn 0.4714 0.0000 0.8819
vn 0.2903 0.0000 0.9569
vn 0.0980 0.0000 0.9952
vn -0.0980 0.0000 0.9952
vn -0.2903 0.0000 0.9569
vn -0.4714 0.0000 0.8819
vn -0.6344 0.0000 0.7730
vn -0.7730 0.0000 0.6344
vn -0.8819 0.0000 0.4714
vn -0.9569 0.0000 0.2903
vn -0.9952 0.0000 0.0980
vn -0.9952 0.0000 -0.0980
vn -0.9569 0.0000 -0.2903
vn -0.8819 0.0000 -0.4714
vn -0.7730 0.0000 -0.6344
vn -0.6344 0.0000 -0.7730
vn -0.4714 0.0000 -0.8819
vn 0.0000 1.0000 0.0000
vn -0.2903 0.0000 -0.9569
vn -0.0980 0.0000 -0.9952
vn 0.0000 -1.0000 0.0000
usemtl None
s off
f 221/427/114 222/428/114 224/429/114 223/430/114
f 223/430/115 224/429/115 226/431/115 225/432/115
f 225/432/116 226/431/116 228/433/116 227/434/116
f 227/434/117 228/433/117 230/435/117 229/436/117
f 229/436/118 230/435/118 232/437/118 231/438/118
f 231/438/119 232/437/119 234/439/119 233/440/119
f 233/440/120 234/439/120 236/441/120 235/442/120
f 235/442/121 236/441/121 238/443/121 237/444/121
f 237/444/122 238/443/122 240/445/122 239/446/122
f 239/446/123 240/445/123 242/447/123 241/448/123
f 241/448/124 242/447/124 244/449/124 243/450/124
f 243/450/125 244/449/125 246/451/125 245/452/125
f 245/452/126 246/451/126 248/453/126 247/454/126
f 247/454/127 248/453/127 250/455/127 249/456/127
f 249/456/128 250/455/128 252/457/128 251/458/128
f 251/458/129 252/457/129 254/459/129 253/460/129
f 253/460/130 254/459/130 256/461/130 255/462/130
f 255/462/131 256/461/131 258/463/131 257/464/131
f 257/464/132 258/463/132 260/465/132 259/466/132
f 259/466/133 260/465/133 262/467/133 261/468/133
f 261/468/134 262/467/134 264/469/134 263/470/134
f 263/470/135 264/469/135 266/471/135 265/472/135
f 265/472/136 266/471/136 268/473/136 267/474/136
f 267/474/137 268/473/137 270/475/137 269/476/137
f 269/476/138 270/475/138 272/477/138 271/478/138
f 271/478/139 272/477/139 274/479/139 273/480/139
f 273/480/140 274/479/140 276/481/140 275/482/140
f 275/482/141 276/481/141 278/483/141 277/484/141
f 277/484/142 278/483/142 280/485/142 279/486/142
f 279/486/143 280/485/143 282/487/143 281/488/143
f 224/489/144 222/490/144 284/491/144 282/492/144 280/493/144 278/494/144 276/495/144 274/496/144 272/497/144 270/498/144 268/499/144 266/500/144 264/501/144 262/502/144 260/503/144 258/504/144 256/505/144 254/506/144 252/507/144 250/508/144 248/509/144 246/510/144 244/511/144 242/512/144 240/513/144 238/514/144 236/515/144 234/516/144 232/517/144 230/518/144 228/519/144 226/520/144
f 281/488/145 282/487/145 284/521/145 283/522/145
f 283/522/146 284/521/146 222/523/146 221/524/146
f 221/525/147 223/526/147 225/527/147 227/528/147 229/529/147 231/530/147 233/531/147 235/532/147 237/533/147 239/534/147 241/535/147 243/536/147 245/537/147 247/538/147 249/539/147 251/540/147 253/541/147 255/542/147 257/543/147 259/544/147 261/545/147 263/546/147 265/547/147 267/548/147 269/549/147 271/550/147 273/551/147 275/552/147 277/553/147 279/554/147 281/555/147 283/556/147
o Cylinder.004
v -2.187981 -6.483783 5.332085
v -2.187981 14.466318 5.332085
v -0.999496 -6.483783 5.449140
v -0.999496 14.466318 5.449140
v 0.143316 -6.483783 5.795808
v 0.143316 14.466318 5.795808
v 1.196537 -6.483783 6.358767
v 1.196537 14.466318 6.358767
v 2.119693 -6.483783 7.116381
v 2.119693 14.466318 7.116381
v 2.877307 -6.483783 8.039537
v 2.877307 14.466318 8.039537
v 3.440266 -6.483783 9.092759
v 3.440266 14.466318 9.092759
v 3.786934 -6.483783 10.235570
v 3.786934 14.466318 10.235570
v 3.903990 -6.483783 11.424055
v 3.903990 14.466318 11.424055
v 3.786934 -6.483783 12.612539
v 3.786934 14.466318 12.612539
v 3.440266 -6.483783 13.755351
v 3.440266 14.466318 13.755351
v 2.877308 -6.483783 14.808573
v 2.877308 14.466318 14.808573
v 2.119693 -6.483783 15.731730
v 2.119693 14.466318 15.731730
v 1.196537 -6.483783 16.489344
v 1.196537 14.466318 16.489344
v 0.143316 -6.483783 17.052301
v 0.143316 14.466318 17.052301
v -0.999496 -6.483783 17.398972
v -0.999496 14.466318 17.398972
v -2.187981 -6.483783 17.516026
v -2.187981 14.466318 17.516026
v -3.376465 -6.483783 17.398972
v -3.376465 14.466318 17.398972
v -4.519277 -6.483783 17.052301
v -4.519277 14.466318 17.052301
v -5.572499 -6.483783 16.489344
v -5.572499 14.466318 16.489344
v -6.495655 -6.483783 15.731730
v -6.495655 14.466318 15.731730
v -7.253268 -6.483783 14.808574
v -7.253268 14.466318 14.808574
v -7.816227 -6.483783 13.755352
v -7.816227 14.466318 13.755352
v -8.162895 -6.483783 12.612540
v -8.162895 14.466318 12.612540
v -8.279951 -6.483783 11.424055
v -8.279951 14.466318 11.424055
v -8.162895 -6.483783 10.235570
v -8.162895 14.466318 10.235570
v -7.816227 -6.483783 9.092758
v -7.816227 14.466318 9.092758
v -7.253270 -6.483783 8.039538
v -7.253270 14.466318 8.039538
v -6.495656 -6.483783 7.116382
v -6.495656 14.466318 7.116382
v -5.572499 -6.483783 6.358767
v -5.572499 14.466318 6.358767
v -4.519277 -6.483783 5.795808
v -4.519277 14.466318 5.795808
v -3.376465 -6.483783 5.449140
v -3.376465 14.466318 5.449140
vt 1.000000 0.500000
vt 1.000000 1.000000
vt 0.968750 1.000000
vt 0.968750 0.500000
vt 0.937500 1.000000
vt 0.937500 0.500000
vt 0.906250 1.000000
vt 0.906250 0.500000
vt 0.875000 1.000000
vt 0.875000 0.500000
vt 0.843750 1.000000
vt 0.843750 0.500000
vt 0.812500 1.000000
vt 0.812500 0.500000
vt 0.781250 1.000000
vt 0.781250 0.500000
vt 0.750000 1.000000
vt 0.750000 0.500000
vt 0.718750 1.000000
vt 0.718750 0.500000
vt 0.687500 1.000000
vt 0.687500 0.500000
vt 0.656250 1.000000
vt 0.656250 0.500000
vt 0.625000 1.000000
vt 0.625000 0.500000
vt 0.593750 1.000000
vt 0.593750 0.500000
vt 0.562500 1.000000
vt 0.562500 0.500000
vt 0.531250 1.000000
vt 0.531250 0.500000
vt 0.500000 1.000000
vt 0.500000 0.500000
vt 0.468750 1.000000
vt 0.468750 0.500000
vt 0.437500 1.000000
vt 0.437500 0.500000
vt 0.406250 1.000000
vt 0.406250 0.500000
vt 0.375000 1.000000
vt 0.375000 0.500000
vt 0.343750 1.000000
vt 0.343750 0.500000
vt 0.312500 1.000000
vt 0.312500 0.500000
vt 0.281250 1.000000
vt 0.281250 0.500000
vt 0.250000 1.000000
vt 0.250000 0.500000
vt 0.218750 1.000000
vt 0.218750 0.500000
vt 0.187500 1.000000
vt 0.187500 0.500000
vt 0.156250 1.000000
vt 0.156250 0.500000
vt 0.125000 1.000000
vt 0.125000 0.500000
vt 0.093750 1.000000
vt 0.093750 0.500000
vt 0.062500 1.000000
vt 0.062500 0.500000
vt 0.296822 0.485388
vt 0.250000 0.490000
vt 0.203178 0.485388
vt 0.158156 0.471731
vt 0.116663 0.449553
vt 0.080294 0.419706
vt 0.050447 0.383337
vt 0.028269 0.341844
vt 0.014612 0.296822
vt 0.010000 0.250000
vt 0.014612 0.203178
vt 0.028269 0.158156
vt 0.050447 0.116663
vt 0.080294 0.080294
vt 0.116663 0.050447
vt 0.158156 0.028269
vt 0.203178 0.014612
vt 0.250000 0.010000
vt 0.296822 0.014612
vt 0.341844 0.028269
vt 0.383337 0.050447
vt 0.419706 0.080294
vt 0.449553 0.116663
vt 0.471731 0.158156
vt 0.485388 0.203178
vt 0.490000 0.250000
vt 0.485388 0.296822
vt 0.471731 0.341844
vt 0.449553 0.383337
vt 0.419706 0.419706
vt 0.383337 0.449553
vt 0.341844 0.471731
vt 0.031250 1.000000
vt 0.031250 0.500000
vt 0.000000 1.000000
vt 0.000000 0.500000
vt 0.750000 0.490000
vt 0.796822 0.485388
vt 0.841844 0.471731
vt 0.883337 0.449553
vt 0.919706 0.419706
vt 0.949553 0.383337
vt 0.971731 0.341844
vt 0.985388 0.296822
vt 0.990000 0.250000
vt 0.985388 0.203178
vt 0.971731 0.158156
vt 0.949553 0.116663
vt 0.919706 0.080294
vt 0.883337 0.050447
vt 0.841844 0.028269
vt 0.796822 0.014612
vt 0.750000 0.010000
vt 0.703178 0.014612
vt 0.658156 0.028269
vt 0.616663 0.050447
vt 0.580294 0.080294
vt 0.550447 0.116663
vt 0.528269 0.158156
vt 0.514612 0.203178
vt 0.510000 0.250000
vt 0.514612 0.296822
vt 0.528269 0.341844
vt 0.550447 0.383337
vt 0.580294 0.419706
vt 0.616663 0.449553
vt 0.658156 0.471731
vt 0.703178 0.485388
vn 0.0980 0.0000 -0.9952
vn 0.2903 0.0000 -0.9569
vn 0.4714 0.0000 -0.8819
vn 0.6344 0.0000 -0.7730
vn 0.7730 0.0000 -0.6344
vn 0.8819 0.0000 -0.4714
vn 0.9569 0.0000 -0.2903
vn 0.9952 0.0000 -0.0980
vn 0.9952 0.0000 0.0980
vn 0.9569 0.0000 0.2903
vn 0.8819 0.0000 0.4714
vn 0.7730 0.0000 0.6344
vn 0.6344 0.0000 0.7730
vn 0.4714 0.0000 0.8819
vn 0.2903 0.0000 0.9569
vn 0.0980 0.0000 0.9952
vn -0.0980 0.0000 0.9952
vn -0.2903 0.0000 0.9569
vn -0.4714 0.0000 0.8819
vn -0.6344 0.0000 0.7730
vn -0.7730 0.0000 0.6344
vn -0.8819 0.0000 0.4714
vn -0.9569 0.0000 0.2903
vn -0.9952 0.0000 0.0980
vn -0.9952 0.0000 -0.0980
vn -0.9569 0.0000 -0.2903
vn -0.8819 0.0000 -0.4714
vn -0.7730 0.0000 -0.6344
vn -0.6344 0.0000 -0.7730
vn -0.4714 0.0000 -0.8819
vn 0.0000 1.0000 -0.0000
vn -0.2903 0.0000 -0.9569
vn -0.0980 0.0000 -0.9952
vn 0.0000 -1.0000 0.0000
usemtl None
s off
f 285/557/148 286/558/148 288/559/148 287/560/148
f 287/560/149 288/559/149 290/561/149 289/562/149
f 289/562/150 290/561/150 292/563/150 291/564/150
f 291/564/151 292/563/151 294/565/151 293/566/151
f 293/566/152 294/565/152 296/567/152 295/568/152
f 295/568/153 296/567/153 298/569/153 297/570/153
f 297/570/154 298/569/154 300/571/154 299/572/154
f 299/572/155 300/571/155 302/573/155 301/574/155
f 301/574/156 302/573/156 304/575/156 303/576/156
f 303/576/157 304/575/157 306/577/157 305/578/157
f 305/578/158 306/577/158 308/579/158 307/580/158
f 307/580/159 308/579/159 310/581/159 309/582/159
f 309/582/160 310/581/160 312/583/160 311/584/160
f 311/584/161 312/583/161 314/585/161 313/586/161
f 313/586/162 314/585/162 316/587/162 315/588/162
f 315/588/163 316/587/163 318/589/163 317/590/163
f 317/590/164 318/589/164 320/591/164 319/592/164
f 319/592/165 320/591/165 322/593/165 321/594/165
f 321/594/166 322/593/166 324/595/166 323/596/166
f 323/596/167 324/595/167 326/597/167 325/598/167
f 325/598/168 326/597/168 328/599/168 327/600/168
f 327/600/169 328/599/169 330/601/169 329/602/169
f 329/602/170 330/601/170 332/603/170 331/604/170
f 331/604/171 332/603/171 334/605/171 333/606/171
f 333/606/172 334/605/172 336/607/172 335/608/172
f 335/608/173 336/607/173 338/609/173 337/610/173
f 337/610/174 338/609/174 340/611/174 339/612/174
f 339/612/175 340/611/175 342/613/175 341/614/175
f 341/614/176 342/613/176 344/615/176 343/616/176
f 343/616/177 344/615/177 346/617/177 345/618/177
f 288/619/178 286/620/178 348/621/178 346/622/178 344/623/178 342/624/178 340/625/178 338/626/178 336/627/178 334/628/178 332/629/178 330/630/178 328/631/178 326/632/178 324/633/178 322/634/178 320/635/178 318/636/178 316/637/178 314/638/178 312/639/178 310/640/178 308/641/178 306/642/178 304/643/178 302/644/178 300/645/178 298/646/178 296/647/178 294/648/178 292/649/178 290/650/178
f 345/618/179 346/617/179 348/651/179 347/652/179
f 347/652/180 348/651/180 286/653/180 285/654/180
f 285/655/181 287/656/181 289/657/181 291/658/181 293/659/181 295/660/181 297/661/181 299/662/181 301/663/181 303/664/181 305/665/181 307/666/181 309/667/181 311/668/181 313/669/181 315/670/181 317/671/181 319/672/181 321/673/181 323/674/181 325/675/181 327/676/181 329/677/181 331/678/181 333/679/181 335/680/181 337/681/181 339/682/181 341/683/181 343/684/181 345/685/181 347/686/181
o Cylinder.005
v 32.808010 0.327524 -16.676899
v 33.231304 5.494000 -8.158379
v 35.207924 0.327524 -16.440529
v 34.345539 5.494000 -8.048635
v 37.515610 0.327524 -15.740500
v 35.416954 5.494000 -7.723626
v 39.642387 0.327524 -14.603715
v 36.404373 5.494000 -7.195839
v 41.506523 0.327524 -13.073858
v 37.269855 5.494000 -6.485557
v 43.036377 0.327524 -11.209724
v 37.980141 5.494000 -5.620075
v 44.173164 0.327524 -9.082948
v 38.507927 5.494000 -4.632652
v 44.873192 0.327524 -6.775262
v 38.832939 5.494000 -3.561237
v 45.109562 0.327524 -4.375347
v 38.942680 5.494000 -2.447003
v 44.873192 0.327524 -1.975433
v 38.832939 5.494000 -1.332770
v 43.465580 0.327523 0.258264
v 38.689381 5.494000 -0.646944
v 42.390297 0.327524 1.568501
v 38.524502 5.494000 0.068296
v 38.154442 5.494000 0.820370
v 37.515610 0.327524 6.989806
v 35.207924 0.327524 7.689836
v 32.808010 0.327524 7.926206
v 30.408096 0.327524 7.689836
v 28.100410 0.327524 6.989806
v 30.319843 5.494000 2.670846
v 25.973633 0.327524 5.853020
v 29.332420 5.494000 2.143058
v 24.109499 0.327524 4.323165
v 28.784483 5.494000 1.387414
v 22.579643 0.327524 2.459032
v 28.482471 5.494000 0.726068
v 21.442858 0.327524 0.332255
v 27.954683 5.494000 -0.261354
v 21.517788 0.327524 -1.937630
v 27.629673 5.494000 -1.332768
v 21.281414 0.327524 -4.337544
v 27.519932 5.494000 -2.447004
v 21.517788 0.327524 -6.737459
v 27.629673 5.494000 -3.561238
v 21.442860 0.327524 -9.082950
v 27.954685 5.494000 -4.632654
v 22.579641 0.327524 -11.209723
v 28.482470 5.494000 -5.620073
v 24.109497 0.327524 -13.073857
v 29.192753 5.494000 -6.485556
v 25.973633 0.327524 -14.603715
v 30.058233 5.494000 -7.195839
v 28.100410 0.327524 -15.740500
v 31.045654 5.494000 -7.723626
v 30.408096 0.327524 -16.440529
v 32.117073 5.494000 -8.048636
v 35.207924 5.494000 -16.440529
v 32.808010 5.494000 -16.676899
v 37.515610 5.494000 -15.740500
v 39.642387 5.494000 -14.603715
v 41.506523 5.494000 -13.073858
v 43.036377 5.494000 -11.209724
v 44.173164 5.494000 -9.082948
v 44.873192 5.494000 -6.775262
v 45.109562 5.494000 -4.375347
v 44.873192 5.494000 -1.975433
v 43.465580 5.494000 0.258264
v 42.390297 5.494000 1.568501
v 41.591286 5.494000 3.063338
v 28.100410 5.494000 6.989806
v 25.973633 5.494000 5.853020
v 24.109499 5.494000 4.323165
v 22.579643 5.494000 2.459032
v 21.442858 5.494000 0.332255
v 22.604542 5.494000 -1.910109
v 22.368172 5.494000 -4.310024
v 22.604542 5.494000 -6.709939
v 21.442860 5.494000 -9.082950
v 22.579641 5.494000 -11.209723
v 24.109497 5.494000 -13.073857
v 25.973633 5.494000 -14.603715
v 28.100410 5.494000 -15.740500
v 30.408096 5.494000 -16.440529
v 34.345539 0.327524 -8.048635
v 33.231304 0.327524 -8.158379
v 35.416954 0.327524 -7.723626
v 36.404377 0.327524 -7.195839
v 37.269859 0.327524 -6.485557
v 37.980141 0.327524 -5.620075
v 38.507927 0.327524 -4.632652
v 38.832939 0.327524 -3.561237
v 38.942680 0.327524 -2.447003
v 38.832939 0.327524 -1.332770
v 38.689381 0.327524 -0.646944
v 38.524502 0.327524 0.068296
v 38.154442 0.327524 0.820370
v 35.666454 0.327524 2.829619
v 34.345539 0.327524 3.154629
v 33.027168 0.327524 3.309735
v 31.640757 0.327524 3.154629
v 30.319843 0.327524 2.670846
v 29.332420 0.327524 2.143058
v 28.784485 0.327524 1.387414
v 28.482471 0.327524 0.726068
v 27.954685 0.327524 -0.261354
v 27.629673 0.327524 -1.332768
v 27.519932 0.327524 -2.447004
v 27.629673 0.327524 -3.561238
v 27.954685 0.327524 -4.632654
v 28.482471 0.327524 -5.620073
v 29.192753 0.327524 -6.485556
v 30.058235 0.327524 -7.195839
v 31.045656 0.327524 -7.723626
v 32.117073 0.327524 -8.048636
v 30.058235 3.771841 -7.195839
v 30.058235 2.049683 -7.195839
v 31.045656 2.049683 -7.723626
v 31.045656 3.771842 -7.723626
v 33.027168 3.771841 3.309735
v 33.027168 2.049683 3.309735
v 31.640757 2.049683 3.154629
v 31.640757 3.771842 3.154629
v 36.404377 3.771841 -7.195839
v 36.404377 2.049683 -7.195839
v 37.269855 2.049683 -6.485557
v 37.269855 3.771842 -6.485557
v 32.117073 2.049683 -8.048636
v 32.117073 3.771842 -8.048636
v 30.319843 2.049683 2.670846
v 30.319843 3.771842 2.670846
v 37.980141 2.049683 -5.620075
v 37.980141 3.771842 -5.620075
v 33.231304 2.049683 -8.158379
v 33.231304 3.771842 -8.158379
v 29.332420 2.049683 2.143058
v 29.332420 3.771842 2.143058
v 38.507927 2.049683 -4.632652
v 38.507927 3.771842 -4.632652
v 28.784485 2.049683 1.387414
v 28.784483 3.771842 1.387414
v 38.832939 2.049683 -3.561237
v 38.832939 3.771842 -3.561237
v 28.482471 2.049683 0.726068
v 28.482471 3.771842 0.726068
v 38.942680 2.049683 -2.447003
v 38.942680 3.771842 -2.447003
v 27.954683 2.049683 -0.261354
v 27.954683 3.771842 -0.261354
v 38.832939 2.049683 -1.332770
v 38.832939 3.771842 -1.332770
v 27.629673 2.049683 -1.332768
v 27.629673 3.771842 -1.332768
v 38.689381 2.049683 -0.646944
v 38.689381 3.771842 -0.646944
v 27.519932 2.049683 -2.447004
v 27.519932 3.771842 -2.447004
v 38.524502 2.049683 0.068296
v 38.524502 3.771842 0.068296
v 27.629673 2.049683 -3.561238
v 27.629673 3.771842 -3.561238
v 38.154442 2.049683 0.820370
v 38.154442 3.771842 0.820370
v 27.954685 2.049683 -4.632654
v 27.954685 3.771842 -4.632654
v 28.482470 2.049683 -5.620073
v 28.482470 3.771842 -5.620073
v 35.666454 2.049683 2.829619
v 34.345539 2.049683 -8.048635
v 34.345539 3.771842 -8.048635
v 29.192753 2.049683 -6.485556
v 29.192753 3.771842 -6.485556
v 34.345539 2.049683 3.154629
v 35.416954 2.049683 -7.723626
v 35.416954 3.771842 -7.723626
v 32.808010 2.049683 -16.676899
v 32.808010 3.771842 -16.676899
v 35.207924 3.771841 -16.440529
v 35.207924 2.049683 -16.440529
v 37.515610 3.771841 -15.740500
v 37.515610 2.049683 -15.740500
v 39.642387 3.771841 -14.603715
v 39.642387 2.049683 -14.603715
v 41.506523 3.771841 -13.073858
v 41.506523 2.049683 -13.073858
v 43.036377 3.771841 -11.209724
v 43.036377 2.049683 -11.209724
v 44.173164 3.771841 -9.082948
v 44.173164 2.049683 -9.082948
v 44.873192 3.771841 -6.775262
v 44.873192 2.049683 -6.775262
v 45.109562 3.771841 -4.375347
v 45.109562 2.049683 -4.375347
v 44.873192 3.771841 -1.975433
v 44.873192 2.049683 -1.975433
v 43.465580 3.771841 0.258264
v 43.465580 2.049682 0.258264
v 42.390297 3.771842 1.568501
v 42.390297 2.049683 1.568501
v 41.591286 3.771842 3.063338
v 41.591286 2.049683 3.063338
v 41.591286 0.327524 3.063338
v 37.515610 2.049683 6.989806
v 35.207924 2.049683 7.689836
v 32.808010 3.771841 7.926206
v 32.808010 2.049683 7.926206
v 30.408096 3.771841 7.689836
v 30.408096 2.049683 7.689836
v 28.100410 3.771841 6.989806
v 28.100410 2.049683 6.989806
v 25.973633 3.771841 5.853020
v 25.973633 2.049683 5.853020
v 24.109499 3.771841 4.323165
v 24.109499 2.049683 4.323165
v 22.579643 3.771841 2.459032
v 22.579643 2.049683 2.459032
v 21.442858 3.771841 0.332255
v 21.442858 2.049683 0.332255
v 22.604542 3.771841 -1.910109
v 20.742828 2.049683 -1.975432
v 22.368172 3.771841 -4.310024
v 18.677938 2.049683 -1.994334
v 22.604542 3.771841 -6.709939
v 20.742828 2.049683 -6.775262
v 21.442860 3.771841 -9.082950
v 21.442860 2.049683 -9.082950
v 22.579641 3.771841 -11.209723
v 22.579641 2.049683 -11.209723
v 24.109497 3.771841 -13.073857
v 24.109497 2.049683 -13.073857
v 25.973633 3.771841 -14.603715
v 25.973633 2.049683 -14.603715
v 28.100410 3.771841 -15.740500
v 28.100410 2.049683 -15.740500
v 30.408096 3.771841 -16.440529
v 30.408096 2.049683 -16.440529
v 20.276646 2.049683 -1.937630
v 20.276646 0.327524 -1.937630
v 20.040274 0.327524 -4.337544
v 20.040274 2.049683 -4.337544
v 20.276646 0.327524 -6.737459
v 20.276646 2.049683 -6.737459
v 20.276646 3.771841 -1.937630
v 20.040274 3.771841 -4.337544
v 20.276646 3.771841 -6.737459
v 18.677938 0.327524 -1.994334
v 18.441566 0.327524 -4.394248
v 18.441566 2.049683 -4.394248
v 18.677938 0.327524 -6.794164
v 18.677938 2.049683 -6.794164
vt 1.000000 0.833333
vt 1.000000 1.000000
vt 0.968750 1.000000
vt 0.968750 0.833333
vt 0.937500 1.000000
vt 0.937500 0.833333
vt 0.906250 1.000000
vt 0.906250 0.833333
vt 0.875000 1.000000
vt 0.875000 0.833333
vt 0.843750 1.000000
vt 0.843750 0.833333
vt 0.812500 1.000000
vt 0.812500 0.833333
vt 0.781250 1.000000
vt 0.781250 0.833333
vt 0.750000 1.000000
vt 0.750000 0.833333
vt 0.718750 1.000000
vt 0.718750 0.833333
vt 0.687500 1.000000
vt 0.687500 0.833333
vt 0.656250 1.000000
vt 0.656250 0.833333
vt 0.625000 1.000000
vt 0.625000 0.833333
vt 0.125000 0.500000
vt 0.093750 0.500000
vt 0.191339 0.337792
vt 0.175339 0.324661
vt 0.156250 0.500000
vt 0.162208 0.308661
vt 0.187500 0.500000
vt 0.152451 0.290406
vt 0.218750 0.500000
vt 0.146442 0.270599
vt 0.144414 0.250000
vt 0.250000 0.500000
vt 0.146442 0.229401
vt 0.281250 0.500000
vt 0.437500 0.833333
vt 0.437500 1.000000
vt 0.406250 1.000000
vt 0.406250 0.833333
vt 0.375000 1.000000
vt 0.375000 0.833333
vt 0.343750 1.000000
vt 0.343750 0.833333
vt 0.312500 1.000000
vt 0.312500 0.833333
vt 0.281250 1.000000
vt 0.281250 0.833333
vt 0.250000 1.000000
vt 0.250000 0.833333
vt 0.218750 1.000000
vt 0.218750 0.833333
vt 0.187500 1.000000
vt 0.187500 0.833333
vt 0.156250 1.000000
vt 0.156250 0.833333
vt 0.125000 1.000000
vt 0.125000 0.833333
vt 0.093750 1.000000
vt 0.093750 0.833333
vt 0.062500 1.000000
vt 0.062500 0.833333
vt 0.209594 0.347549
vt 0.191339 0.337792
vt 0.209594 0.347549
vt 0.031250 1.000000
vt 0.031250 0.833333
vt 0.000000 1.000000
vt 0.000000 0.833333
vt 0.250000 0.355586
vt 0.270599 0.353558
vt 0.296822 0.485388
vt 0.250000 0.490000
vt 0.290406 0.347549
vt 0.341844 0.471731
vt 0.308661 0.337792
vt 0.383337 0.449553
vt 0.324661 0.324661
vt 0.419706 0.419706
vt 0.337792 0.308661
vt 0.449553 0.383337
vt 0.347549 0.290406
vt 0.471731 0.341844
vt 0.353558 0.270599
vt 0.485388 0.296822
vt 0.355586 0.250000
vt 0.490000 0.250000
vt 0.353558 0.229401
vt 0.485388 0.203178
vt 0.347549 0.209594
vt 0.471731 0.158156
vt 0.337792 0.191339
vt 0.449553 0.116663
vt 0.324661 0.175339
vt 0.419706 0.080294
vt 0.937500 0.500000
vt 0.906250 0.500000
vt 0.308661 0.337792
vt 0.290406 0.347549
vt 0.968750 0.500000
vt 0.270599 0.353558
vt 0.000000 0.500000
vt 0.250000 0.355586
vt 0.031250 0.500000
vt 0.229401 0.353558
vt 0.062500 0.500000
vt 0.209594 0.152451
vt 0.191339 0.162208
vt 0.116663 0.050447
vt 0.158156 0.028269
vt 0.175339 0.175339
vt 0.080294 0.080294
vt 0.162208 0.191339
vt 0.050447 0.116663
vt 0.152451 0.209594
vt 0.028269 0.158156
vt 0.146442 0.229401
vt 0.014612 0.203178
vt 0.144414 0.250000
vt 0.010000 0.250000
vt 0.146442 0.270599
vt 0.014612 0.296822
vt 0.152451 0.290406
vt 0.028269 0.341844
vt 0.162208 0.308661
vt 0.050447 0.383337
vt 0.175339 0.324661
vt 0.080294 0.419706
vt 0.191339 0.337792
vt 0.116663 0.449553
vt 0.209594 0.347549
vt 0.158156 0.471731
vt 0.229401 0.353558
vt 0.203178 0.485388
vt 0.500000 0.500000
vt 0.468750 0.500000
vt 0.229401 0.146442
vt 0.250000 0.144414
vt 0.229401 0.146442
vt 0.250000 0.144414
vt 0.324661 0.324661
vt 0.308661 0.337792
vt 0.324661 0.324661
vt 0.229401 0.353558
vt 0.209594 0.152451
vt 0.209594 0.152451
vt 0.337792 0.308661
vt 0.337792 0.308661
vt 0.250000 0.355586
vt 0.191339 0.162208
vt 0.191339 0.162208
vt 0.347549 0.290406
vt 0.347549 0.290406
vt 0.175339 0.175339
vt 0.175339 0.175339
vt 0.353558 0.270599
vt 0.353558 0.270599
vt 0.162208 0.191339
vt 0.162208 0.191339
vt 0.355586 0.250000
vt 0.355586 0.250000
vt 0.152451 0.209594
vt 0.152451 0.209594
vt 0.353558 0.229401
vt 0.353558 0.229401
vt 0.146442 0.229401
vt 0.347549 0.209594
vt 0.347549 0.209594
vt 0.144414 0.250000
vt 0.337792 0.191339
vt 0.337792 0.191339
vt 0.146442 0.270599
vt 0.324661 0.175339
vt 0.324661 0.175339
vt 0.152451 0.290406
vt 0.250000 0.144414
vt 0.500000 0.833333
vt 0.500000 0.666667
vt 0.162208 0.308661
vt 0.209594 0.152451
vt 0.270599 0.353558
vt 0.175339 0.324661
vt 0.270599 0.146442
vt 0.290406 0.152451
vt 0.290406 0.152451
vt 0.270599 0.146442
vt 0.290406 0.347549
vt 0.290406 0.347549
vt 0.308661 0.337792
vt 0.312500 0.500000
vt 0.531250 0.500000
vt 0.175339 0.324661
vt 0.191339 0.337792
vt 0.270599 0.353558
vt 0.343750 0.500000
vt 0.562500 0.500000
vt 0.162208 0.308661
vt 0.250000 0.355586
vt 0.375000 0.500000
vt 0.625000 0.666667
vt 0.625000 0.500000
vt 0.152451 0.290406
vt 0.406250 0.500000
vt 0.324661 0.175339
vt 0.146442 0.270599
vt 0.337792 0.191339
vt 0.144414 0.250000
vt 0.347549 0.209594
vt 0.146442 0.229401
vt 0.353558 0.229401
vt 0.152451 0.209594
vt 0.355586 0.250000
vt 0.162208 0.191339
vt 0.353558 0.270599
vt 0.175339 0.175339
vt 0.347549 0.290406
vt 0.191339 0.162208
vt 0.337792 0.308661
vt 0.229401 0.353558
vt 0.324661 0.324661
vt 0.437500 0.500000
vt 0.229401 0.146442
vt 0.209594 0.347549
vt 0.031250 0.666667
vt 0.000000 0.666667
vt 0.062500 0.666667
vt 0.093750 0.666667
vt 0.125000 0.666667
vt 0.156250 0.666667
vt 0.187500 0.666667
vt 0.218750 0.666667
vt 0.281250 0.500000
vt 0.250000 0.500000
vt 0.281250 0.666667
vt 0.281250 0.833333
vt 0.281250 0.666667
vt 0.218750 0.666667
vt 0.218750 0.833333
vt 0.312500 0.666667
vt 0.343750 0.666667
vt 0.375000 0.666667
vt 0.406250 0.666667
vt 0.437500 0.666667
vt 0.468750 0.666667
vt 0.468750 0.833333
vt 0.531250 0.666667
vt 0.562500 0.666667
vt 0.656250 0.500000
vt 0.656250 0.666667
vt 0.687500 0.500000
vt 0.687500 0.666667
vt 0.718750 0.500000
vt 0.718750 0.666667
vt 0.750000 0.500000
vt 0.750000 0.666667
vt 0.781250 0.500000
vt 0.781250 0.666667
vt 0.812500 0.500000
vt 0.812500 0.666667
vt 0.843750 0.500000
vt 0.843750 0.666667
vt 0.875000 0.500000
vt 0.875000 0.666667
vt 0.906250 0.666667
vt 0.937500 0.666667
vt 0.968750 0.666667
vt 1.000000 0.500000
vt 1.000000 0.666667
vt 0.281250 0.666667
vt 0.281250 0.500000
vt 0.250000 0.666667
vt 0.250000 0.833333
vt 0.218750 0.500000
vt 0.218750 0.500000
vt 0.218750 0.666667
vt 0.250000 0.500000
vt 0.250000 0.666667
vn 0.0980 0.0000 -0.9952
vn 0.2903 0.0000 -0.9569
vn 0.4714 0.0000 -0.8819
vn 0.6344 0.0000 -0.7730
vn 0.7730 0.0000 -0.6344
vn 0.8819 0.0000 -0.4714
vn 0.9569 0.0000 -0.2903
vn 0.9952 0.0000 -0.0980
vn 0.9952 0.0000 0.0980
vn 0.8460 0.0000 0.5331
vn 0.7730 0.0000 0.6344
vn 0.8819 0.0000 0.4714
vn 0.0000 -1.0000 0.0000
vn -0.4714 0.0000 0.8819
vn -0.6344 0.0000 0.7730
vn -0.7730 0.0000 0.6344
vn -0.8819 0.0000 0.4714
vn -0.8879 0.0000 -0.4600
vn -0.9952 0.0000 0.0980
vn -0.9952 0.0000 -0.0980
vn -0.8982 0.0000 0.4397
vn -0.8819 0.0000 -0.4714
vn -0.7730 0.0000 -0.6344
vn -0.6344 0.0000 -0.7730
vn -0.4714 0.0000 -0.8819
vn 0.4714 0.0000 0.8819
vn -0.2903 0.0000 -0.9569
vn -0.0980 0.0000 -0.9952
vn 0.0000 1.0000 0.0000
vn 0.1112 0.0000 -0.9938
vn 0.2903 0.0000 0.9569
vn 0.3439 0.0000 -0.9390
vn 0.0980 0.0000 0.9952
vn 0.8096 0.0000 -0.5870
vn -0.9569 0.0000 0.2903
vn 0.9096 0.0000 -0.4154
vn -0.9788 0.0000 -0.2049
vn -0.9744 0.0000 -0.2246
vn -0.8973 0.0000 -0.4415
vn 0.9569 0.0000 0.2903
vn 0.9989 0.0000 0.0474
vn 0.8894 0.0000 0.4571
vn -0.0980 0.0000 0.9952
vn -0.2389 0.0000 -0.9710
vn -0.2903 0.0000 0.9569
vn 0.6344 0.0000 0.7730
vn -0.1168 0.0000 -0.9932
vn -0.5465 0.0000 0.8374
vn -0.9670 -0.2190 -0.1299
vn -0.8771 0.4724 0.0865
vn 0.0037 -0.0209 0.9998
vn -0.0037 0.0210 -0.9998
vn 0.0221 0.0160 0.9996
vn -0.9674 -0.2162 0.1321
vn -0.8755 0.4749 -0.0888
vn 0.9138 0.0000 -0.4062
vn -0.0354 0.0000 0.9994
vn 0.0354 0.0000 -0.9994
vn -0.0221 -0.0160 -0.9996
usemtl None
s off
f 525/687/182 407/688/182 406/689/182 526/690/182
f 526/690/183 406/689/183 408/691/183 528/692/183
f 528/692/184 408/691/184 409/693/184 530/694/184
f 530/694/185 409/693/185 410/695/185 532/696/185
f 532/696/186 410/695/186 411/697/186 534/698/186
f 534/698/187 411/697/187 412/699/187 536/700/187
f 536/700/188 412/699/188 413/701/188 538/702/188
f 538/702/189 413/701/189 414/703/189 540/704/189
f 540/704/190 414/703/190 415/705/190 542/706/190
f 542/706/191 415/705/191 416/707/191 544/708/191
f 544/708/192 416/707/192 417/709/192 546/710/192
f 546/710/193 417/709/193 418/711/193 548/712/193
f 398/713/194 400/714/194 461/715/194 460/716/194
f 396/717/194 398/713/194 460/716/194 459/718/194
f 394/719/194 396/717/194 459/718/194 458/720/194
f 392/721/194 394/719/194 458/720/194 457/722/194
f 456/723/194 390/724/194 392/721/194 457/722/194
f 456/723/194 455/725/194 388/726/194 390/724/194
f 557/727/195 419/728/195 420/729/195 559/730/195
f 559/730/196 420/729/196 421/731/196 561/732/196
f 561/732/197 421/731/197 422/733/197 563/734/197
f 563/734/198 422/733/198 423/735/198 565/736/198
f 565/736/199 423/735/199 424/737/199 567/738/199
f 567/738/200 424/737/200 425/739/200 569/740/200
f 569/740/201 425/739/201 426/741/201 571/742/201
f 571/742/202 426/741/202 427/743/202 573/744/202
f 573/744/203 427/743/203 428/745/203 575/746/203
f 575/746/204 428/745/204 429/747/204 577/748/204
f 577/748/205 429/747/205 430/749/205 579/750/205
f 579/750/206 430/749/206 431/751/206 581/752/206
f 466/753/207 465/754/207 461/715/207 462/755/207
f 581/752/208 431/751/208 432/756/208 583/757/208
f 583/757/209 432/756/209 407/758/209 525/759/209
f 350/760/210 352/761/210 406/762/210 407/763/210
f 352/761/210 354/764/210 408/765/210 406/762/210
f 354/764/210 356/766/210 409/767/210 408/765/210
f 356/766/210 358/768/210 410/769/210 409/767/210
f 358/768/210 360/770/210 411/771/210 410/769/210
f 360/770/210 362/772/210 412/773/210 411/771/210
f 362/772/210 364/774/210 413/775/210 412/773/210
f 364/774/210 366/776/210 414/777/210 413/775/210
f 366/776/210 368/778/210 415/779/210 414/777/210
f 368/778/210 370/780/210 416/781/210 415/779/210
f 370/780/210 372/782/210 417/783/210 416/781/210
f 372/782/210 373/784/210 418/785/210 417/783/210
f 353/786/194 355/787/194 436/788/194 435/789/194
f 351/790/194 353/786/194 435/789/194 433/791/194
f 349/792/194 351/790/194 433/791/194 434/793/194
f 404/794/194 349/792/194 434/793/194 463/795/194
f 402/796/194 404/794/194 463/795/194 462/755/194
f 400/714/194 402/796/194 462/755/194 461/715/194
f 379/797/210 381/798/210 420/799/210 419/800/210
f 381/798/210 383/801/210 421/802/210 420/799/210
f 383/801/210 385/803/210 422/804/210 421/802/210
f 385/803/210 387/805/210 423/806/210 422/804/210
f 387/805/210 389/807/210 424/808/210 423/806/210
f 389/807/210 391/809/210 425/810/210 424/808/210
f 391/809/210 393/811/210 426/812/210 425/810/210
f 393/811/210 395/813/210 427/814/210 426/812/210
f 395/813/210 397/815/210 428/816/210 427/814/210
f 397/815/210 399/817/210 429/818/210 428/816/210
f 399/817/210 401/819/210 430/820/210 429/818/210
f 401/819/210 403/821/210 431/822/210 430/820/210
f 403/821/210 405/823/210 432/824/210 431/822/210
f 405/823/210 350/760/210 407/763/210 432/824/210
f 376/825/194 377/826/194 449/827/194 448/828/194
f 470/829/211 469/830/211 448/828/211 449/827/211
f 474/831/196 473/832/196 436/788/196 437/833/196
f 476/834/212 466/753/212 462/755/212 463/795/212
f 478/835/213 470/829/213 449/827/213 450/836/213
f 480/837/197 474/831/197 437/833/197 438/838/197
f 482/839/214 476/834/214 463/795/214 434/793/214
f 484/840/184 478/835/184 450/836/184 451/841/184
f 486/842/198 480/837/198 438/838/198 439/843/198
f 488/844/215 484/840/215 451/841/215 452/845/215
f 490/846/216 486/842/216 439/843/216 440/847/216
f 492/848/217 488/844/217 452/845/217 453/849/217
f 494/850/200 490/846/200 440/847/200 441/851/200
f 496/852/187 492/848/187 453/849/187 454/853/187
f 498/854/201 494/850/201 441/851/201 442/855/201
f 500/856/188 496/852/188 454/853/188 455/725/188
f 502/857/218 498/854/218 442/855/218 443/858/218
f 504/859/189 500/856/189 455/725/189 456/723/189
f 506/860/219 502/857/219 443/858/219 444/861/219
f 508/862/190 504/859/190 456/723/190 457/722/190
f 510/863/220 506/860/220 444/861/220 445/864/220
f 512/865/221 508/862/221 457/722/221 458/720/221
f 469/830/222 468/866/222 553/867/222 554/868/222
f 514/869/193 512/865/193 458/720/193 459/718/193
f 419/728/223 557/727/223 479/870/223 379/797/223
f 517/871/224 482/839/224 434/793/224 433/791/224
f 519/872/192 514/869/192 459/718/192 460/716/192
f 521/873/225 516/874/225 446/875/225 447/876/225
f 522/877/226 517/871/226 433/791/226 435/789/226
f 465/754/227 519/872/227 460/716/227 461/715/227
f 469/830/228 521/873/228 447/876/228 448/828/228
f 473/832/195 522/877/195 435/789/195 436/788/195
f 356/766/195 354/764/195 523/878/195 472/879/195
f 472/879/195 523/878/195 522/877/195 473/832/195
f 455/725/194 454/853/194 386/880/194 388/726/194
f 375/881/194 376/825/194 448/828/194 447/876/194
f 401/819/227 399/817/227 520/882/227 464/883/227
f 464/883/227 520/882/227 519/872/227 465/754/227
f 354/764/226 352/761/226 518/884/226 523/878/226
f 523/878/226 518/884/226 517/871/226 522/877/226
f 384/885/194 386/880/194 454/853/194 453/849/194
f 446/875/194 374/886/194 375/881/194 447/876/194
f 399/817/192 397/815/192 515/887/192 520/882/192
f 520/882/192 515/887/192 514/869/192 519/872/192
f 352/761/224 350/760/224 483/888/224 518/884/224
f 518/884/224 483/888/224 482/839/224 517/871/224
f 382/889/194 384/885/194 453/849/194 452/845/194
f 549/890/229 510/863/229 445/864/229 550/891/229
f 397/815/193 395/813/193 513/892/193 515/887/193
f 515/887/193 513/892/193 512/865/193 514/869/193
f 380/893/194 382/889/194 452/845/194 451/841/194
f 548/712/229 511/894/229 510/863/229 549/890/229
f 395/813/221 393/811/221 509/895/221 513/892/221
f 513/892/221 509/895/221 508/862/221 512/865/221
f 373/784/220 372/782/220 507/896/220 511/894/220
f 511/894/220 507/896/220 506/860/220 510/863/220
f 393/811/190 391/809/190 505/897/190 509/895/190
f 509/895/190 505/897/190 504/859/190 508/862/190
f 372/782/219 370/780/219 503/898/219 507/896/219
f 507/896/219 503/898/219 502/857/219 506/860/219
f 391/809/189 389/807/189 501/899/189 505/897/189
f 505/897/189 501/899/189 500/856/189 504/859/189
f 370/780/218 368/778/218 499/900/218 503/898/218
f 503/898/218 499/900/218 498/854/218 502/857/218
f 389/807/188 387/805/188 497/901/188 501/899/188
f 501/899/188 497/901/188 496/852/188 500/856/188
f 368/778/201 366/776/201 495/902/201 499/900/201
f 499/900/201 495/902/201 494/850/201 498/854/201
f 387/805/187 385/803/187 493/903/187 497/901/187
f 497/901/187 493/903/187 492/848/187 496/852/187
f 366/776/200 364/774/200 491/904/200 495/902/200
f 495/902/200 491/904/200 490/846/200 494/850/200
f 385/803/217 383/801/217 489/905/217 493/903/217
f 493/903/217 489/905/217 488/844/217 492/848/217
f 364/774/216 362/772/216 487/906/216 491/904/216
f 491/904/216 487/906/216 486/842/216 490/846/216
f 383/801/215 381/798/215 485/907/215 489/905/215
f 489/905/215 485/907/215 484/840/215 488/844/215
f 362/772/198 360/770/198 481/908/198 487/906/198
f 487/906/198 481/908/198 480/837/198 486/842/198
f 381/798/184 379/797/184 479/870/184 485/907/184
f 485/907/184 479/870/184 478/835/184 484/840/184
f 350/760/214 405/823/214 477/909/214 483/888/214
f 483/888/214 477/909/214 476/834/214 482/839/214
f 360/770/197 358/768/197 475/910/197 481/908/197
f 481/908/197 475/910/197 474/831/197 480/837/197
f 378/911/194 380/893/194 451/841/194 450/836/194
f 479/870/213 471/912/213 470/829/213 478/835/213
f 405/823/212 403/821/212 467/913/212 477/909/212
f 477/909/212 467/913/212 466/753/212 476/834/212
f 358/768/196 356/766/196 472/879/196 475/910/196
f 475/910/196 472/879/196 473/832/196 474/831/196
f 377/826/194 378/911/194 450/836/194 449/827/194
f 471/912/211 468/866/211 469/830/211 470/829/211
f 403/821/207 401/819/207 464/883/207 467/913/207
f 467/913/207 464/883/207 465/754/207 466/753/207
f 404/794/209 584/914/209 524/915/209 349/792/209
f 584/914/209 583/757/209 525/759/209 524/915/209
f 402/796/208 582/916/208 584/914/208 404/794/208
f 582/916/208 581/752/208 583/757/208 584/914/208
f 400/714/206 580/917/206 582/916/206 402/796/206
f 580/917/206 579/750/206 581/752/206 582/916/206
f 398/713/205 578/918/205 580/917/205 400/714/205
f 578/918/205 577/748/205 579/750/205 580/917/205
f 396/717/204 576/919/204 578/918/204 398/713/204
f 576/919/204 575/746/204 577/748/204 578/918/204
f 394/719/203 574/920/203 576/919/203 396/717/203
f 574/920/203 573/744/203 575/746/203 576/919/203
f 392/721/230 572/921/230 574/920/230 394/719/230
f 572/921/231 571/742/231 573/744/231 574/920/231
f 390/724/194 388/726/194 586/922/194 587/923/194
f 568/924/232 567/738/232 591/925/232 585/926/232
f 571/742/233 572/921/233 590/927/233 593/928/233
f 388/726/234 568/924/234 585/926/234 586/922/234
f 386/880/235 566/929/235 568/924/235 388/726/235
f 566/929/236 565/736/236 567/738/236 568/924/236
f 384/885/198 564/930/198 566/929/198 386/880/198
f 564/930/198 563/734/198 565/736/198 566/929/198
f 382/889/197 562/931/197 564/930/197 384/885/197
f 562/931/197 561/732/197 563/734/197 564/930/197
f 380/893/196 560/932/196 562/931/196 382/889/196
f 560/932/196 559/730/196 561/732/196 562/931/196
f 378/911/195 558/933/195 560/932/195 380/893/195
f 558/933/195 557/727/195 559/730/195 560/932/195
f 377/826/226 556/934/226 558/933/226 378/911/226
f 556/934/226 555/935/226 557/727/226 558/933/226
f 376/825/224 554/868/224 556/934/224 377/826/224
f 554/868/224 553/867/224 555/935/224 556/934/224
f 375/881/214 552/936/214 554/868/214 376/825/214
f 548/712/229 418/711/229 373/784/229 511/894/229
f 374/886/212 551/937/212 552/936/212 375/881/212
f 374/886/237 446/875/237 516/874/237 551/937/237
f 557/727/210 555/935/210 471/912/210 479/870/210
f 551/937/210 516/874/210 521/873/210 552/936/210
f 471/912/210 555/935/210 553/867/210 468/866/210
f 552/936/210 521/873/210 469/830/210 554/868/210
f 371/938/193 547/939/193 549/890/193 550/891/193
f 547/939/193 546/710/193 548/712/193 549/890/193
f 369/940/192 545/941/192 547/939/192 371/938/192
f 545/941/192 544/708/192 546/710/192 547/939/192
f 367/942/191 543/943/191 545/941/191 369/940/191
f 543/943/191 542/706/191 544/708/191 545/941/191
f 365/944/190 541/945/190 543/943/190 367/942/190
f 541/945/190 540/704/190 542/706/190 543/943/190
f 363/946/189 539/947/189 541/945/189 365/944/189
f 539/947/189 538/702/189 540/704/189 541/945/189
f 361/948/188 537/949/188 539/947/188 363/946/188
f 537/949/188 536/700/188 538/702/188 539/947/188
f 359/950/187 535/951/187 537/949/187 361/948/187
f 535/951/187 534/698/187 536/700/187 537/949/187
f 357/952/186 533/953/186 535/951/186 359/950/186
f 533/953/186 532/696/186 534/698/186 535/951/186
f 355/787/185 531/954/185 533/953/185 357/952/185
f 531/954/185 530/694/185 532/696/185 533/953/185
f 353/786/184 529/955/184 531/954/184 355/787/184
f 529/955/184 528/692/184 530/694/184 531/954/184
f 351/790/183 527/956/183 529/955/183 353/786/183
f 527/956/183 526/690/183 528/692/183 529/955/183
f 349/957/182 524/958/182 527/956/182 351/790/182
f 524/958/182 525/687/182 526/690/182 527/956/182
f 355/787/194 357/952/194 437/833/194 436/788/194
f 357/952/194 359/950/194 438/838/194 437/833/194
f 359/950/194 361/948/194 439/843/194 438/838/194
f 361/948/194 363/946/194 440/847/194 439/843/194
f 363/946/194 365/944/194 441/851/194 440/847/194
f 365/944/194 367/942/194 442/855/194 441/851/194
f 367/942/194 369/940/194 443/858/194 442/855/194
f 369/940/194 371/938/194 444/861/194 443/858/194
f 444/861/194 371/938/194 550/891/194 445/864/194
f 586/922/238 585/926/238 570/959/238 594/960/238
f 588/961/201 592/962/201 593/928/201 590/927/201
f 590/927/239 589/963/239 597/964/239 598/965/239
f 585/926/200 591/925/200 592/962/200 588/961/200
f 567/738/210 569/740/210 592/962/210 591/925/210
f 572/921/240 392/721/240 589/963/240 590/927/240
f 569/740/210 571/742/210 593/928/210 592/962/210
f 392/721/194 390/724/194 587/923/194 589/963/194
f 595/966/201 596/967/201 598/965/201 597/964/201
f 594/960/200 570/959/200 596/967/200 595/966/200
f 589/963/194 587/923/194 595/966/194 597/964/194
f 587/923/194 586/922/194 594/960/194 595/966/194
f 585/926/210 588/961/210 596/967/210 570/959/210
f 588/961/210 590/927/210 598/965/210 596/967/210
o Cube.001_Cube.002
v -11.995696 5.544737 -24.266203
v -11.995696 7.155400 -24.266203
v -15.163876 5.544737 -37.770744
v -15.163876 7.155400 -37.770744
v -9.400146 5.544737 -24.984758
v -9.400146 7.155400 -24.984758
v -10.804598 5.544737 -37.248154
v -10.804598 7.155400 -37.248154
v -15.141043 5.544737 -27.675154
v -15.141043 7.155400 -27.675154
v -9.403494 5.544737 -27.913740
v -9.403494 7.155400 -27.913740
v -15.148525 7.155400 -30.983452
v -8.327534 5.544737 -30.156063
v -15.148525 5.544737 -30.983452
v -8.327534 7.155400 -30.156063
v -16.789284 7.155400 -33.789188
v -11.035840 5.544737 -34.028725
v -16.789284 5.544737 -33.789188
v -11.035840 7.155400 -34.028725
vt 0.375000 0.189615
vt 0.625000 0.189615
vt 0.625000 0.250000
vt 0.375000 0.250000
vt 0.625000 0.500000
vt 0.375000 0.500000
vt 0.375000 0.679637
vt 0.625000 0.679637
vt 0.625000 0.750000
vt 0.375000 0.750000
vt 0.625000 1.000000
vt 0.375000 1.000000
vt 0.125000 0.679637
vt 0.125000 0.750000
vt 0.875000 0.679637
vt 0.875000 0.750000
vt 0.625000 0.620770
vt 0.875000 0.620770
vt 0.125000 0.620770
vt 0.375000 0.620770
vt 0.375000 0.000000
vt 0.625000 0.000000
vt 0.625000 0.070363
vt 0.375000 0.070363
vt 0.375000 0.560385
vt 0.625000 0.560385
vt 0.125000 0.560385
vt 0.875000 0.560385
vt 0.625000 0.129230
vt 0.375000 0.129230
vt 0.875000 0.500000
vt 0.125000 0.500000
vn -0.9258 0.0000 -0.3780
vn 0.1190 0.0000 -0.9929
vn 1.0000 0.0000 -0.0011
vn 0.2668 0.0000 0.9638
vn 0.0000 -1.0000 -0.0000
vn 0.0000 1.0000 0.0000
vn 0.9016 0.0000 0.4326
vn -0.7350 0.0000 0.6781
vn 0.8195 0.0000 -0.5731
vn -1.0000 0.0000 0.0023
vn 0.9974 0.0000 0.0716
vn -0.8632 0.0000 0.5048
usemtl None
s off
f 617/968/241 615/969/241 602/970/241 601/971/241
f 601/971/242 602/970/242 606/972/242 605/973/242
f 609/974/243 610/975/243 604/976/243 603/977/243
f 603/977/244 604/976/244 600/978/244 599/979/244
f 607/980/245 609/974/245 603/977/245 599/981/245
f 610/975/246 608/982/246 600/983/246 604/976/246
f 614/984/246 611/985/246 608/982/246 610/975/246
f 613/986/245 612/987/245 609/974/245 607/980/245
f 612/987/247 614/984/247 610/975/247 609/974/247
f 599/988/248 600/989/248 608/990/248 607/991/248
f 616/992/249 618/993/249 614/984/249 612/987/249
f 617/994/245 616/992/245 612/987/245 613/986/245
f 618/993/246 615/995/246 611/985/246 614/984/246
f 607/991/250 608/990/250 611/996/250 613/997/250
f 606/972/246 602/998/246 615/995/246 618/993/246
f 601/999/245 605/973/245 616/992/245 617/994/245
f 605/973/251 606/972/251 618/993/251 616/992/251
f 613/997/252 611/996/252 615/969/252 617/968/252
o Cube.002_Cube.003
v -9.400146 5.544737 -24.984758
v -9.400146 8.606525 -24.984758
v -10.804598 5.544737 -37.248154
v -10.804598 8.606525 -37.248154
v -4.836590 5.544737 -22.743809
v -4.836590 8.606525 -22.743809
v -7.511216 5.544737 -35.460838
v -7.511216 8.606525 -35.460838
v -9.403494 5.544737 -27.913740
v -9.403494 8.606525 -27.913740
v -3.070764 5.544737 -25.083065
v -3.070764 8.606525 -25.083065
v -8.327534 8.606525 -30.156059
v -1.586535 5.544737 -29.298695
v -8.327534 5.544737 -30.156059
v -1.586535 8.606525 -29.298695
v -11.035841 8.606525 -34.028728
v -3.251482 5.544737 -31.878502
v -11.035841 5.544737 -34.028728
v -3.251482 8.606525 -31.878502
vt 0.375000 0.189615
vt 0.625000 0.189615
vt 0.625000 0.250000
vt 0.375000 0.250000
vt 0.625000 0.500000
vt 0.375000 0.500000
vt 0.375000 0.679637
vt 0.625000 0.679637
vt 0.625000 0.750000
vt 0.375000 0.750000
vt 0.625000 1.000000
vt 0.375000 1.000000
vt 0.125000 0.679637
vt 0.125000 0.750000
vt 0.875000 0.679637
vt 0.875000 0.750000
vt 0.625000 0.620770
vt 0.875000 0.620770
vt 0.125000 0.620770
vt 0.375000 0.620770
vt 0.375000 0.000000
vt 0.625000 0.000000
vt 0.625000 0.070363
vt 0.375000 0.070363
vt 0.375000 0.560385
vt 0.625000 0.560385
vt 0.125000 0.560385
vt 0.875000 0.560385
vt 0.625000 0.129230
vt 0.375000 0.129230
vt 0.875000 0.500000
vt 0.125000 0.500000
vn -0.9974 0.0000 -0.0716
vn 0.4770 0.0000 -0.8789
vn 0.7981 0.0000 0.6025
vn -0.4408 0.0000 0.8976
vn 0.0000 -1.0000 0.0000
vn 0.0000 1.0000 0.0000
vn 0.9432 0.0000 0.3321
vn -1.0000 0.0000 0.0011
vn 0.8402 0.0000 -0.5423
vn -0.9016 0.0000 -0.4326
vn 0.6436 0.0000 -0.7653
vn -0.8195 0.0000 0.5731
usemtl None
s off
f 637/1000/253 635/1001/253 622/1002/253 621/1003/253
f 621/1003/254 622/1002/254 626/1004/254 625/1005/254
f 629/1006/255 630/1007/255 624/1008/255 623/1009/255
f 623/1009/256 624/1008/256 620/1010/256 619/1011/256
f 627/1012/257 629/1006/257 623/1009/257 619/1013/257
f 630/1007/258 628/1014/258 620/1015/258 624/1008/258
f 634/1016/258 631/1017/258 628/1014/258 630/1007/258
f 633/1018/257 632/1019/257 629/1006/257 627/1012/257
f 632/1019/259 634/1016/259 630/1007/259 629/1006/259
f 619/1020/260 620/1021/260 628/1022/260 627/1023/260
f 636/1024/261 638/1025/261 634/1016/261 632/1019/261
f 637/1026/257 636/1024/257 632/1019/257 633/1018/257
f 638/1025/258 635/1027/258 631/1017/258 634/1016/258
f 627/1023/262 628/1022/262 631/1028/262 633/1029/262
f 626/1004/258 622/1030/258 635/1027/258 638/1025/258
f 621/1031/257 625/1005/257 636/1024/257 637/1026/257
f 625/1005/263 626/1004/263 638/1025/263 636/1024/263
f 633/1029/264 631/1028/264 635/1001/264 637/1000/264
o Cylinder.006
v -9.223029 0.327524 -24.991776
v -9.223029 14.166314 -24.991776
v -8.151937 0.327524 -24.886282
v -8.151937 14.166314 -24.886282
v -7.122007 0.327524 -24.573856
v -7.122007 14.166314 -24.573856
v -6.172818 0.327524 -24.066504
v -6.172818 14.166314 -24.066504
v -5.340846 0.327524 -23.383722
v -5.340846 14.166314 -23.383722
v -4.658065 0.327524 -22.551750
v -4.658065 14.166314 -22.551750
v -4.150713 0.327524 -21.602562
v -4.150713 14.166314 -21.602562
v -3.838287 0.327524 -20.572632
v -3.838287 14.166314 -20.572632
v -3.732793 0.327524 -19.501539
v -3.732793 14.166314 -19.501539
v -3.838287 0.327524 -18.430447
v -3.838287 14.166314 -18.430447
v -4.150712 0.327524 -17.400517
v -4.150712 14.166314 -17.400517
v -4.658065 0.327524 -16.451328
v -4.658065 14.166314 -16.451328
v -5.340846 0.327524 -15.619356
v -5.340846 14.166314 -15.619356
v -6.172818 0.327524 -14.936575
v -6.172818 14.166314 -14.936575
v -7.122006 0.327524 -14.429222
v -7.122006 14.166314 -14.429222
v -8.151937 0.327524 -14.116796
v -8.151937 14.166314 -14.116796
v -9.223030 0.327524 -14.011303
v -9.223030 14.166314 -14.011303
v -10.294121 0.327524 -14.116796
v -10.294121 14.166314 -14.116796
v -11.324052 0.327524 -14.429222
v -11.324052 14.166314 -14.429222
v -12.273241 0.327524 -14.936575
v -12.273241 14.166314 -14.936575
v -13.105212 0.327524 -15.619356
v -13.105212 14.166314 -15.619356
v -13.787992 0.327524 -16.451326
v -13.787992 14.166314 -16.451326
v -14.295345 0.327524 -17.400517
v -14.295345 14.166314 -17.400517
v -14.607771 0.327524 -18.430447
v -14.607771 14.166314 -18.430447
v -14.713264 0.327524 -19.501539
v -14.713264 14.166314 -19.501539
v -14.607771 0.327524 -20.572632
v -14.607771 14.166314 -20.572632
v -14.295345 0.327524 -21.602562
v -14.295345 14.166314 -21.602562
v -13.787994 0.327524 -22.551750
v -13.787994 14.166314 -22.551750
v -13.105213 0.327524 -23.383722
v -13.105213 14.166314 -23.383722
v -12.273241 0.327524 -24.066504
v -12.273241 14.166314 -24.066504
v -11.324052 0.327524 -24.573856
v -11.324052 14.166314 -24.573856
v -10.294121 0.327524 -24.886282
v -10.294121 14.166314 -24.886282
vt 1.000000 0.500000
vt 1.000000 1.000000
vt 0.968750 1.000000
vt 0.968750 0.500000
vt 0.937500 1.000000
vt 0.937500 0.500000
vt 0.906250 1.000000
vt 0.906250 0.500000
vt 0.875000 1.000000
vt 0.875000 0.500000
vt 0.843750 1.000000
vt 0.843750 0.500000
vt 0.812500 1.000000
vt 0.812500 0.500000
vt 0.781250 1.000000
vt 0.781250 0.500000
vt 0.750000 1.000000
vt 0.750000 0.500000
vt 0.718750 1.000000
vt 0.718750 0.500000
vt 0.687500 1.000000
vt 0.687500 0.500000
vt 0.656250 1.000000
vt 0.656250 0.500000
vt 0.625000 1.000000
vt 0.625000 0.500000
vt 0.593750 1.000000
vt 0.593750 0.500000
vt 0.562500 1.000000
vt 0.562500 0.500000
vt 0.531250 1.000000
vt 0.531250 0.500000
vt 0.500000 1.000000
vt 0.500000 0.500000
vt 0.468750 1.000000
vt 0.468750 0.500000
vt 0.437500 1.000000
vt 0.437500 0.500000
vt 0.406250 1.000000
vt 0.406250 0.500000
vt 0.375000 1.000000
vt 0.375000 0.500000
vt 0.343750 1.000000
vt 0.343750 0.500000
vt 0.312500 1.000000
vt 0.312500 0.500000
vt 0.281250 1.000000
vt 0.281250 0.500000
vt 0.250000 1.000000
vt 0.250000 0.500000
vt 0.218750 1.000000
vt 0.218750 0.500000
vt 0.187500 1.000000
vt 0.187500 0.500000
vt 0.156250 1.000000
vt 0.156250 0.500000
vt 0.125000 1.000000
vt 0.125000 0.500000
vt 0.093750 1.000000
vt 0.093750 0.500000
vt 0.062500 1.000000
vt 0.062500 0.500000
vt 0.296822 0.485388
vt 0.250000 0.490000
vt 0.203178 0.485388
vt 0.158156 0.471731
vt 0.116663 0.449553
vt 0.080294 0.419706
vt 0.050447 0.383337
vt 0.028269 0.341844
vt 0.014612 0.296822
vt 0.010000 0.250000
vt 0.014612 0.203178
vt 0.028269 0.158156
vt 0.050447 0.116663
vt 0.080294 0.080294
vt 0.116663 0.050447
vt 0.158156 0.028269
vt 0.203178 0.014612
vt 0.250000 0.010000
vt 0.296822 0.014612
vt 0.341844 0.028269
vt 0.383337 0.050447
vt 0.419706 0.080294
vt 0.449553 0.116663
vt 0.471731 0.158156
vt 0.485388 0.203178
vt 0.490000 0.250000
vt 0.485388 0.296822
vt 0.471731 0.341844
vt 0.449553 0.383337
vt 0.419706 0.419706
vt 0.383337 0.449553
vt 0.341844 0.471731
vt 0.031250 1.000000
vt 0.031250 0.500000
vt 0.000000 1.000000
vt 0.000000 0.500000
vt 0.750000 0.490000
vt 0.796822 0.485388
vt 0.841844 0.471731
vt 0.883337 0.449553
vt 0.919706 0.419706
vt 0.949553 0.383337
vt 0.971731 0.341844
vt 0.985388 0.296822
vt 0.990000 0.250000
vt 0.985388 0.203178
vt 0.971731 0.158156
vt 0.949553 0.116663
vt 0.919706 0.080294
vt 0.883337 0.050447
vt 0.841844 0.028269
vt 0.796822 0.014612
vt 0.750000 0.010000
vt 0.703178 0.014612
vt 0.658156 0.028269
vt 0.616663 0.050447
vt 0.580294 0.080294
vt 0.550447 0.116663
vt 0.528269 0.158156
vt 0.514612 0.203178
vt 0.510000 0.250000
vt 0.514612 0.296822
vt 0.528269 0.341844
vt 0.550447 0.383337
vt 0.580294 0.419706
vt 0.616663 0.449553
vt 0.658156 0.471731
vt 0.703178 0.485388
vn 0.0980 0.0000 -0.9952
vn 0.2903 0.0000 -0.9569
vn 0.4714 0.0000 -0.8819
vn 0.6344 0.0000 -0.7730
vn 0.7730 0.0000 -0.6344
vn 0.8819 0.0000 -0.4714
vn 0.9569 0.0000 -0.2903
vn 0.9952 0.0000 -0.0980
vn 0.9952 0.0000 0.0980
vn 0.9569 0.0000 0.2903
vn 0.8819 0.0000 0.4714
vn 0.7730 0.0000 0.6344
vn 0.6344 0.0000 0.7730
vn 0.4714 0.0000 0.8819
vn 0.2903 0.0000 0.9569
vn 0.0980 0.0000 0.9952
vn -0.0980 0.0000 0.9952
vn -0.2903 0.0000 0.9569
vn -0.4714 0.0000 0.8819
vn -0.6344 0.0000 0.7730
vn -0.7730 0.0000 0.6344
vn -0.8819 0.0000 0.4714
vn -0.9569 0.0000 0.2903
vn -0.9952 0.0000 0.0980
vn -0.9952 0.0000 -0.0980
vn -0.9569 0.0000 -0.2903
vn -0.8819 0.0000 -0.4714
vn -0.7730 0.0000 -0.6344
vn -0.6344 0.0000 -0.7730
vn -0.4714 0.0000 -0.8819
vn 0.0000 1.0000 0.0000
vn -0.2903 0.0000 -0.9569
vn -0.0980 0.0000 -0.9952
vn 0.0000 -1.0000 0.0000
usemtl None
s off
f 639/1032/265 640/1033/265 642/1034/265 641/1035/265
f 641/1035/266 642/1034/266 644/1036/266 643/1037/266
f 643/1037/267 644/1036/267 646/1038/267 645/1039/267
f 645/1039/268 646/1038/268 648/1040/268 647/1041/268
f 647/1041/269 648/1040/269 650/1042/269 649/1043/269
f 649/1043/270 650/1042/270 652/1044/270 651/1045/270
f 651/1045/271 652/1044/271 654/1046/271 653/1047/271
f 653/1047/272 654/1046/272 656/1048/272 655/1049/272
f 655/1049/273 656/1048/273 658/1050/273 657/1051/273
f 657/1051/274 658/1050/274 660/1052/274 659/1053/274
f 659/1053/275 660/1052/275 662/1054/275 661/1055/275
f 661/1055/276 662/1054/276 664/1056/276 663/1057/276
f 663/1057/277 664/1056/277 666/1058/277 665/1059/277
f 665/1059/278 666/1058/278 668/1060/278 667/1061/278
f 667/1061/279 668/1060/279 670/1062/279 669/1063/279
f 669/1063/280 670/1062/280 672/1064/280 671/1065/280
f 671/1065/281 672/1064/281 674/1066/281 673/1067/281
f 673/1067/282 674/1066/282 676/1068/282 675/1069/282
f 675/1069/283 676/1068/283 678/1070/283 677/1071/283
f 677/1071/284 678/1070/284 680/1072/284 679/1073/284
f 679/1073/285 680/1072/285 682/1074/285 681/1075/285
f 681/1075/286 682/1074/286 684/1076/286 683/1077/286
f 683/1077/287 684/1076/287 686/1078/287 685/1079/287
f 685/1079/288 686/1078/288 688/1080/288 687/1081/288
f 687/1081/289 688/1080/289 690/1082/289 689/1083/289
f 689/1083/290 690/1082/290 692/1084/290 691/1085/290
f 691/1085/291 692/1084/291 694/1086/291 693/1087/291
f 693/1087/292 694/1086/292 696/1088/292 695/1089/292
f 695/1089/293 696/1088/293 698/1090/293 697/1091/293
f 697/1091/294 698/1090/294 700/1092/294 699/1093/294
f 642/1094/295 640/1095/295 702/1096/295 700/1097/295 698/1098/295 696/1099/295 694/1100/295 692/1101/295 690/1102/295 688/1103/295 686/1104/295 684/1105/295 682/1106/295 680/1107/295 678/1108/295 676/1109/295 674/1110/295 672/1111/295 670/1112/295 668/1113/295 666/1114/295 664/1115/295 662/1116/295 660/1117/295 658/1118/295 656/1119/295 654/1120/295 652/1121/295 650/1122/295 648/1123/295 646/1124/295 644/1125/295
f 699/1093/296 700/1092/296 702/1126/296 701/1127/296
f 701/1127/297 702/1126/297 640/1128/297 639/1129/297
f 639/1130/298 641/1131/298 643/1132/298 645/1133/298 647/1134/298 649/1135/298 651/1136/298 653/1137/298 655/1138/298 657/1139/298 659/1140/298 661/1141/298 663/1142/298 665/1143/298 667/1144/298 669/1145/298 671/1146/298 673/1147/298 675/1148/298 677/1149/298 679/1150/298 681/1151/298 683/1152/298 685/1153/298 687/1154/298 689/1155/298 691/1156/298 693/1157/298 695/1158/298 697/1159/298 699/1160/298 701/1161/298
o Cylinder.007
v -4.369247 0.327524 -16.864511
v -4.369247 14.166316 -16.864511
v -3.298155 0.327524 -16.759018
v -3.298155 14.166316 -16.759018
v -2.268225 0.327524 -16.446592
v -2.268225 14.166316 -16.446592
v -1.319036 0.327524 -15.939240
v -1.319036 14.166316 -15.939240
v -0.487064 0.327524 -15.256458
v -0.487064 14.166316 -15.256458
v 0.195717 0.327524 -14.424487
v 0.195717 14.166316 -14.424487
v 0.703069 0.327524 -13.475298
v 0.703069 14.166316 -13.475298
v 1.015495 0.327524 -12.445368
v 1.015495 14.166316 -12.445368
v 1.120989 0.327524 -11.374275
v 1.120989 14.166316 -11.374275
v 1.015495 0.327524 -10.303184
v 1.015495 14.166316 -10.303184
v 0.703070 0.327524 -9.273253
v 0.703070 14.166316 -9.273253
v 0.195717 0.327524 -8.324064
v 0.195717 14.166316 -8.324064
v -0.487064 0.327524 -7.492092
v -0.487064 14.166316 -7.492092
v -1.319036 0.327524 -6.809311
v -1.319036 14.166316 -6.809311
v -2.268224 0.327524 -6.301959
v -2.268224 14.166316 -6.301959
v -3.298155 0.327524 -5.989532
v -3.298155 14.166316 -5.989532
v -4.369247 0.327524 -5.884039
v -4.369247 14.166316 -5.884039
v -5.440339 0.327524 -5.989532
v -5.440339 14.166316 -5.989532
v -6.470270 0.327524 -6.301959
v -6.470270 14.166316 -6.301959
v -7.419459 0.327524 -6.809311
v -7.419459 14.166316 -6.809311
v -8.251431 0.327524 -7.492092
v -8.251431 14.166316 -7.492092
v -8.934211 0.327524 -8.324062
v -8.934211 14.166316 -8.324062
v -9.441564 0.327524 -9.273252
v -9.441564 14.166316 -9.273252
v -9.753989 0.327524 -10.303183
v -9.753989 14.166316 -10.303183
v -9.859483 0.327524 -11.374275
v -9.859483 14.166316 -11.374275
v -9.753989 0.327524 -12.445368
v -9.753989 14.166316 -12.445368
v -9.441563 0.327524 -13.475298
v -9.441563 14.166316 -13.475298
v -8.934212 0.327524 -14.424486
v -8.934212 14.166316 -14.424486
v -8.251431 0.327524 -15.256458
v -8.251431 14.166316 -15.256458
v -7.419459 0.327524 -15.939240
v -7.419459 14.166316 -15.939240
v -6.470270 0.327524 -16.446592
v -6.470270 14.166316 -16.446592
v -5.440339 0.327524 -16.759018
v -5.440339 14.166316 -16.759018
vt 1.000000 0.500000
vt 1.000000 1.000000
vt 0.968750 1.000000
vt 0.968750 0.500000
vt 0.937500 1.000000
vt 0.937500 0.500000
vt 0.906250 1.000000
vt 0.906250 0.500000
vt 0.875000 1.000000
vt 0.875000 0.500000
vt 0.843750 1.000000
vt 0.843750 0.500000
vt 0.812500 1.000000
vt 0.812500 0.500000
vt 0.781250 1.000000
vt 0.781250 0.500000
vt 0.750000 1.000000
vt 0.750000 0.500000
vt 0.718750 1.000000
vt 0.718750 0.500000
vt 0.687500 1.000000
vt 0.687500 0.500000
vt 0.656250 1.000000
vt 0.656250 0.500000
vt 0.625000 1.000000
vt 0.625000 0.500000
vt 0.593750 1.000000
vt 0.593750 0.500000
vt 0.562500 1.000000
vt 0.562500 0.500000
vt 0.531250 1.000000
vt 0.531250 0.500000
vt 0.500000 1.000000
vt 0.500000 0.500000
vt 0.468750 1.000000
vt 0.468750 0.500000
vt 0.437500 1.000000
vt 0.437500 0.500000
vt 0.406250 1.000000
vt 0.406250 0.500000
vt 0.375000 1.000000
vt 0.375000 0.500000
vt 0.343750 1.000000
vt 0.343750 0.500000
vt 0.312500 1.000000
vt 0.312500 0.500000
vt 0.281250 1.000000
vt 0.281250 0.500000
vt 0.250000 1.000000
vt 0.250000 0.500000
vt 0.218750 1.000000
vt 0.218750 0.500000
vt 0.187500 1.000000
vt 0.187500 0.500000
vt 0.156250 1.000000
vt 0.156250 0.500000
vt 0.125000 1.000000
vt 0.125000 0.500000
vt 0.093750 1.000000
vt 0.093750 0.500000
vt 0.062500 1.000000
vt 0.062500 0.500000
vt 0.296822 0.485388
vt 0.250000 0.490000
vt 0.203178 0.485388
vt 0.158156 0.471731
vt 0.116663 0.449553
vt 0.080294 0.419706
vt 0.050447 0.383337
vt 0.028269 0.341844
vt 0.014612 0.296822
vt 0.010000 0.250000
vt 0.014612 0.203178
vt 0.028269 0.158156
vt 0.050447 0.116663
vt 0.080294 0.080294
vt 0.116663 0.050447
vt 0.158156 0.028269
vt 0.203178 0.014612
vt 0.250000 0.010000
vt 0.296822 0.014612
vt 0.341844 0.028269
vt 0.383337 0.050447
vt 0.419706 0.080294
vt 0.449553 0.116663
vt 0.471731 0.158156
vt 0.485388 0.203178
vt 0.490000 0.250000
vt 0.485388 0.296822
vt 0.471731 0.341844
vt 0.449553 0.383337
vt 0.419706 0.419706
vt 0.383337 0.449553
vt 0.341844 0.471731
vt 0.031250 1.000000
vt 0.031250 0.500000
vt 0.000000 1.000000
vt 0.000000 0.500000
vt 0.750000 0.490000
vt 0.796822 0.485388
vt 0.841844 0.471731
vt 0.883337 0.449553
vt 0.919706 0.419706
vt 0.949553 0.383337
vt 0.971731 0.341844
vt 0.985388 0.296822
vt 0.990000 0.250000
vt 0.985388 0.203178
vt 0.971731 0.158156
vt 0.949553 0.116663
vt 0.919706 0.080294
vt 0.883337 0.050447
vt 0.841844 0.028269
vt 0.796822 0.014612
vt 0.750000 0.010000
vt 0.703178 0.014612
vt 0.658156 0.028269
vt 0.616663 0.050447
vt 0.580294 0.080294
vt 0.550447 0.116663
vt 0.528269 0.158156
vt 0.514612 0.203178
vt 0.510000 0.250000
vt 0.514612 0.296822
vt 0.528269 0.341844
vt 0.550447 0.383337
vt 0.580294 0.419706
vt 0.616663 0.449553
vt 0.658156 0.471731
vt 0.703178 0.485388
vn 0.0980 0.0000 -0.9952
vn 0.2903 0.0000 -0.9569
vn 0.4714 0.0000 -0.8819
vn 0.6344 0.0000 -0.7730
vn 0.7730 0.0000 -0.6344
vn 0.8819 0.0000 -0.4714
vn 0.9569 0.0000 -0.2903
vn 0.9952 0.0000 -0.0980
vn 0.9952 0.0000 0.0980
vn 0.9569 0.0000 0.2903
vn 0.8819 0.0000 0.4714
vn 0.7730 0.0000 0.6344
vn 0.6344 0.0000 0.7730
vn 0.4714 0.0000 0.8819
vn 0.2903 0.0000 0.9569
vn 0.0980 0.0000 0.9952
vn -0.0980 0.0000 0.9952
vn -0.2903 0.0000 0.9569
vn -0.4714 0.0000 0.8819
vn -0.6344 0.0000 0.7730
vn -0.7730 0.0000 0.6344
vn -0.8819 0.0000 0.4714
vn -0.9569 0.0000 0.2903
vn -0.9952 0.0000 0.0980
vn -0.9952 0.0000 -0.0980
vn -0.9569 0.0000 -0.2903
vn -0.8819 0.0000 -0.4714
vn -0.7730 0.0000 -0.6344
vn -0.6344 0.0000 -0.7730
vn -0.4714 0.0000 -0.8819
vn 0.0000 1.0000 0.0000
vn -0.2903 0.0000 -0.9569
vn -0.0980 0.0000 -0.9952
vn 0.0000 -1.0000 0.0000
usemtl None
s off
f 703/1162/299 704/1163/299 706/1164/299 705/1165/299
f 705/1165/300 706/1164/300 708/1166/300 707/1167/300
f 707/1167/301 708/1166/301 710/1168/301 709/1169/301
f 709/1169/302 710/1168/302 712/1170/302 711/1171/302
f 711/1171/303 712/1170/303 714/1172/303 713/1173/303
f 713/1173/304 714/1172/304 716/1174/304 715/1175/304
f 715/1175/305 716/1174/305 718/1176/305 717/1177/305
f 717/1177/306 718/1176/306 720/1178/306 719/1179/306
f 719/1179/307 720/1178/307 722/1180/307 721/1181/307
f 721/1181/308 722/1180/308 724/1182/308 723/1183/308
f 723/1183/309 724/1182/309 726/1184/309 725/1185/309
f 725/1185/310 726/1184/310 728/1186/310 727/1187/310
f 727/1187/311 728/1186/311 730/1188/311 729/1189/311
f 729/1189/312 730/1188/312 732/1190/312 731/1191/312
f 731/1191/313 732/1190/313 734/1192/313 733/1193/313
f 733/1193/314 734/1192/314 736/1194/314 735/1195/314
f 735/1195/315 736/1194/315 738/1196/315 737/1197/315
f 737/1197/316 738/1196/316 740/1198/316 739/1199/316
f 739/1199/317 740/1198/317 742/1200/317 741/1201/317
f 741/1201/318 742/1200/318 744/1202/318 743/1203/318
f 743/1203/319 744/1202/319 746/1204/319 745/1205/319
f 745/1205/320 746/1204/320 748/1206/320 747/1207/320
f 747/1207/321 748/1206/321 750/1208/321 749/1209/321
f 749/1209/322 750/1208/322 752/1210/322 751/1211/322
f 751/1211/323 752/1210/323 754/1212/323 753/1213/323
f 753/1213/324 754/1212/324 756/1214/324 755/1215/324
f 755/1215/325 756/1214/325 758/1216/325 757/1217/325
f 757/1217/326 758/1216/326 760/1218/326 759/1219/326
f 759/1219/327 760/1218/327 762/1220/327 761/1221/327
f 761/1221/328 762/1220/328 764/1222/328 763/1223/328
f 706/1224/329 704/1225/329 766/1226/329 764/1227/329 762/1228/329 760/1229/329 758/1230/329 756/1231/329 754/1232/329 752/1233/329 750/1234/329 748/1235/329 746/1236/329 744/1237/329 742/1238/329 740/1239/329 738/1240/329 736/1241/329 734/1242/329 732/1243/329 730/1244/329 728/1245/329 726/1246/329 724/1247/329 722/1248/329 720/1249/329 718/1250/329 716/1251/329 714/1252/329 712/1253/329 710/1254/329 708/1255/329
f 763/1223/330 764/1222/330 766/1256/330 765/1257/330
f 765/1257/331 766/1256/331 704/1258/331 703/1259/331
f 703/1260/332 705/1261/332 707/1262/332 709/1263/332 711/1264/332 713/1265/332 715/1266/332 717/1267/332 719/1268/332 721/1269/332 723/1270/332 725/1271/332 727/1272/332 729/1273/332 731/1274/332 733/1275/332 735/1276/332 737/1277/332 739/1278/332 741/1279/332 743/1280/332 745/1281/332 747/1282/332 749/1283/332 751/1284/332 753/1285/332 755/1286/332 757/1287/332 759/1288/332 761/1289/332 763/1290/332 765/1291/332
o Cylinder.008
v 7.332067 0.351040 -20.437628
v 7.332067 2.247882 -20.437628
v 10.442029 0.351040 -20.131323
v 10.442029 2.247882 -20.131323
v 13.526984 0.351040 -19.170628
v 13.526984 2.247882 -19.170628
v 16.739780 0.351040 -17.981030
v 16.739780 2.247882 -17.981030
v 19.297207 0.351040 -15.793779
v 19.297207 2.247882 -15.793779
v 21.258396 0.351040 -13.339556
v 21.258396 2.247882 -13.339556
v 22.589752 0.351040 -10.615047
v 22.589752 2.247882 -10.615047
v 23.061407 0.351040 -7.379637
v 23.061407 2.247882 -7.379637
v 23.367712 0.351040 -4.269674
v 23.367712 2.247882 -4.269674
v 23.061407 0.351040 -1.159714
v 23.061407 2.247882 -1.159714
v 22.154264 0.351040 1.830733
v 22.154264 2.247882 1.830733
v 20.681147 0.351040 4.586744
v 20.681147 2.247882 4.586744
v 18.698660 0.351040 7.002410
v 18.698660 2.247882 7.002410
v 16.282995 0.351040 8.984896
v 16.282995 2.247882 8.984896
v 13.526985 0.351040 10.458014
v 13.526985 2.247882 10.458014
v 10.536536 0.351040 11.365157
v 10.536536 2.247882 11.365157
v 7.426573 0.351040 11.671461
v 7.426573 2.247882 11.671461
v 4.316615 0.351040 11.365157
v 4.316615 2.247882 11.365157
v 1.326166 0.351040 10.458014
v 1.326166 2.247882 10.458014
v -1.429847 0.351040 8.984894
v -1.429847 2.247882 8.984894
v -3.845510 0.351040 7.002412
v -3.845510 2.247882 7.002412
v -2.222147 0.351040 5.253047
v -2.222147 2.247882 5.253047
v -2.205896 0.351040 1.242826
v -2.205896 2.247882 1.242826
v -4.367246 0.351040 -3.432963
v -4.367246 2.247882 -3.432963
v -4.085640 0.351040 -5.759047
v -4.085640 2.247882 -5.759047
v -4.602410 0.351040 -8.555457
v -4.602410 2.247882 -8.555457
v -4.400758 0.351040 -10.683638
v -4.400758 2.247882 -10.683638
v -3.437164 0.351040 -12.851735
v -3.437164 2.247882 -12.851735
v -1.768232 0.351040 -15.816116
v -1.768232 2.247882 -15.816116
v -0.567580 0.351040 -17.445858
v -0.567580 2.247882 -17.445858
v 1.326166 0.351040 -18.997364
v 1.326166 2.247882 -18.997364
v 4.127601 0.351040 -20.131325
v 4.127601 2.247882 -20.131325
vt 1.000000 0.500000
vt 1.000000 1.000000
vt 0.968750 1.000000
vt 0.968750 0.500000
vt 0.937500 1.000000
vt 0.937500 0.500000
vt 0.906250 1.000000
vt 0.906250 0.500000
vt 0.875000 1.000000
vt 0.875000 0.500000
vt 0.843750 1.000000
vt 0.843750 0.500000
vt 0.812500 1.000000
vt 0.812500 0.500000
vt 0.781250 1.000000
vt 0.781250 0.500000
vt 0.750000 1.000000
vt 0.750000 0.500000
vt 0.718750 1.000000
vt 0.718750 0.500000
vt 0.687500 1.000000
vt 0.687500 0.500000
vt 0.656250 1.000000
vt 0.656250 0.500000
vt 0.625000 1.000000
vt 0.625000 0.500000
vt 0.593750 1.000000
vt 0.593750 0.500000
vt 0.562500 1.000000
vt 0.562500 0.500000
vt 0.531250 1.000000
vt 0.531250 0.500000
vt 0.500000 1.000000
vt 0.500000 0.500000
vt 0.468750 1.000000
vt 0.468750 0.500000
vt 0.437500 1.000000
vt 0.437500 0.500000
vt 0.406250 1.000000
vt 0.406250 0.500000
vt 0.375000 1.000000
vt 0.375000 0.500000
vt 0.343750 1.000000
vt 0.343750 0.500000
vt 0.312500 1.000000
vt 0.312500 0.500000
vt 0.281250 1.000000
vt 0.281250 0.500000
vt 0.250000 1.000000
vt 0.250000 0.500000
vt 0.218750 1.000000
vt 0.218750 0.500000
vt 0.187500 1.000000
vt 0.187500 0.500000
vt 0.156250 1.000000
vt 0.156250 0.500000
vt 0.125000 1.000000
vt 0.125000 0.500000
vt 0.093750 1.000000
vt 0.093750 0.500000
vt 0.062500 1.000000
vt 0.062500 0.500000
vt 0.296822 0.485388
vt 0.250000 0.490000
vt 0.203178 0.485388
vt 0.158156 0.471731
vt 0.116663 0.449553
vt 0.080294 0.419706
vt 0.050447 0.383337
vt 0.028269 0.341844
vt 0.014612 0.296822
vt 0.010000 0.250000
vt 0.014612 0.203178
vt 0.028269 0.158156
vt 0.050447 0.116663
vt 0.080294 0.080294
vt 0.116663 0.050447
vt 0.158156 0.028269
vt 0.203178 0.014612
vt 0.250000 0.010000
vt 0.296822 0.014612
vt 0.341844 0.028269
vt 0.383337 0.050447
vt 0.419706 0.080294
vt 0.449553 0.116663
vt 0.471731 0.158156
vt 0.485388 0.203178
vt 0.490000 0.250000
vt 0.485388 0.296822
vt 0.471731 0.341844
vt 0.449553 0.383337
vt 0.419706 0.419706
vt 0.383337 0.449553
vt 0.341844 0.471731
vt 0.031250 1.000000
vt 0.031250 0.500000
vt 0.000000 1.000000
vt 0.000000 0.500000
vt 0.750000 0.490000
vt 0.796822 0.485388
vt 0.841844 0.471731
vt 0.883337 0.449553
vt 0.919706 0.419706
vt 0.949553 0.383337
vt 0.971731 0.341844
vt 0.985388 0.296822
vt 0.990000 0.250000
vt 0.985388 0.203178
vt 0.971731 0.158156
vt 0.949553 0.116663
vt 0.919706 0.080294
vt 0.883337 0.050447
vt 0.841844 0.028269
vt 0.796822 0.014612
vt 0.750000 0.010000
vt 0.703178 0.014612
vt 0.658156 0.028269
vt 0.616663 0.050447
vt 0.580294 0.080294
vt 0.550447 0.116663
vt 0.528269 0.158156
vt 0.514612 0.203178
vt 0.510000 0.250000
vt 0.514612 0.296822
vt 0.528269 0.341844
vt 0.550447 0.383337
vt 0.580294 0.419706
vt 0.616663 0.449553
vt 0.658156 0.471731
vt 0.703178 0.485388
vn 0.0980 0.0000 -0.9952
vn 0.2973 0.0000 -0.9548
vn 0.3472 0.0000 -0.9378
vn 0.6500 0.0000 -0.7600
vn 0.7812 0.0000 -0.6243
vn 0.8985 0.0000 -0.4390
vn 0.9895 0.0000 -0.1443
vn 0.9952 0.0000 -0.0980
vn 0.9952 0.0000 0.0980
vn 0.9569 0.0000 0.2903
vn 0.8819 0.0000 0.4714
vn 0.7730 0.0000 0.6344
vn 0.6344 0.0000 0.7730
vn 0.4714 0.0000 0.8819
vn 0.2903 0.0000 0.9569
vn 0.0980 0.0000 0.9952
vn -0.0980 0.0000 0.9952
vn -0.2903 0.0000 0.9569
vn -0.4714 0.0000 0.8819
vn -0.6344 0.0000 0.7730
vn -0.7330 0.0000 -0.6802
vn -1.0000 0.0000 -0.0041
vn -0.9077 0.0000 0.4196
vn -0.9928 0.0000 -0.1202
vn -0.9834 0.0000 0.1817
vn -0.9955 0.0000 -0.0943
vn -0.9138 0.0000 -0.4061
vn -0.8714 0.0000 -0.4906
vn -0.8051 0.0000 -0.5931
vn -0.6337 0.0000 -0.7735
vn 0.0000 1.0000 0.0000
vn -0.3752 0.0000 -0.9269
vn -0.0952 0.0000 -0.9955
vn 0.0000 -1.0000 0.0000
usemtl None
s off
f 767/1292/333 768/1293/333 770/1294/333 769/1295/333
f 769/1295/334 770/1294/334 772/1296/334 771/1297/334
f 771/1297/335 772/1296/335 774/1298/335 773/1299/335
f 773/1299/336 774/1298/336 776/1300/336 775/1301/336
f 775/1301/337 776/1300/337 778/1302/337 777/1303/337
f 777/1303/338 778/1302/338 780/1304/338 779/1305/338
f 779/1305/339 780/1304/339 782/1306/339 781/1307/339
f 781/1307/340 782/1306/340 784/1308/340 783/1309/340
f 783/1309/341 784/1308/341 786/1310/341 785/1311/341
f 785/1311/342 786/1310/342 788/1312/342 787/1313/342
f 787/1313/343 788/1312/343 790/1314/343 789/1315/343
f 789/1315/344 790/1314/344 792/1316/344 791/1317/344
f 791/1317/345 792/1316/345 794/1318/345 793/1319/345
f 793/1319/346 794/1318/346 796/1320/346 795/1321/346
f 795/1321/347 796/1320/347 798/1322/347 797/1323/347
f 797/1323/348 798/1322/348 800/1324/348 799/1325/348
f 799/1325/349 800/1324/349 802/1326/349 801/1327/349
f 801/1327/350 802/1326/350 804/1328/350 803/1329/350
f 803/1329/351 804/1328/351 806/1330/351 805/1331/351
f 805/1331/352 806/1330/352 808/1332/352 807/1333/352
f 807/1333/353 808/1332/353 810/1334/353 809/1335/353
f 809/1335/354 810/1334/354 812/1336/354 811/1337/354
f 811/1337/355 812/1336/355 814/1338/355 813/1339/355
f 813/1339/356 814/1338/356 816/1340/356 815/1341/356
f 815/1341/357 816/1340/357 818/1342/357 817/1343/357
f 817/1343/358 818/1342/358 820/1344/358 819/1345/358
f 819/1345/359 820/1344/359 822/1346/359 821/1347/359
f 821/1347/360 822/1346/360 824/1348/360 823/1349/360
f 823/1349/361 824/1348/361 826/1350/361 825/1351/361
f 825/1351/362 826/1350/362 828/1352/362 827/1353/362
f 770/1354/363 768/1355/363 830/1356/363 828/1357/363 826/1358/363 824/1359/363 822/1360/363 820/1361/363 818/1362/363 816/1363/363 814/1364/363 812/1365/363 810/1366/363 808/1367/363 806/1368/363 804/1369/363 802/1370/363 800/1371/363 798/1372/363 796/1373/363 794/1374/363 792/1375/363 790/1376/363 788/1377/363 786/1378/363 784/1379/363 782/1380/363 780/1381/363 778/1382/363 776/1383/363 774/1384/363 772/1385/363
f 827/1353/364 828/1352/364 830/1386/364 829/1387/364
f 829/1387/365 830/1386/365 768/1388/365 767/1389/365
f 767/1390/366 769/1391/366 771/1392/366 773/1393/366 775/1394/366 777/1395/366 779/1396/366 781/1397/366 783/1398/366 785/1399/366 787/1400/366 789/1401/366 791/1402/366 793/1403/366 795/1404/366 797/1405/366 799/1406/366 801/1407/366 803/1408/366 805/1409/366 807/1410/366 809/1411/366 811/1412/366 813/1413/366 815/1414/366 817/1415/366 819/1416/366 821/1417/366 823/1418/366 825/1419/366 827/1420/366 829/1421/366
o Cube.003_Cube.004
v -15.046432 -3.088112 11.490309
v -15.046432 -1.390277 11.490309
v -12.648336 -3.088112 5.523733
v -12.648336 -1.390277 5.523733
v -8.075129 -3.088112 11.467627
v -8.075129 -1.390277 11.467627
v -7.397300 -3.088112 8.479477
v -7.397300 -1.390277 8.479477
v -14.539176 -3.088112 8.325567
v -14.539176 -1.390277 8.325567
v -8.121803 -3.088112 9.996234
v -8.121803 -1.390277 9.996234
v -14.928894 -3.088112 9.839892
v -8.234556 -1.390277 10.663885
v -14.928894 -1.390277 9.839893
v -8.234556 -3.088112 10.663885
v -13.752528 -1.390277 6.856605
v -7.918324 -3.088112 9.169810
v -13.752528 -3.088112 6.856606
v -7.918324 -1.390277 9.169810
vt 0.375000 0.187500
vt 0.625000 0.187500
vt 0.625000 0.250000
vt 0.375000 0.250000
vt 0.625000 0.500000
vt 0.375000 0.500000
vt 0.375000 0.687500
vt 0.625000 0.687500
vt 0.625000 0.750000
vt 0.375000 0.750000
vt 0.625000 1.000000
vt 0.375000 1.000000
vt 0.125000 0.687500
vt 0.125000 0.750000
vt 0.875000 0.687500
vt 0.875000 0.750000
vt 0.625000 0.562500
vt 0.875000 0.562500
vt 0.875000 0.625000
vt 0.625000 0.625000
vt 0.125000 0.562500
vt 0.375000 0.562500
vt 0.375000 0.625000
vt 0.125000 0.625000
vt 0.375000 0.062500
vt 0.625000 0.062500
vt 0.625000 0.125000
vt 0.375000 0.125000
vt 0.375000 0.000000
vt 0.625000 0.000000
vt 0.125000 0.500000
vt 0.875000 0.500000
vn -0.7701 0.0000 -0.6380
vn 0.4905 0.0000 -0.8714
vn 0.9809 0.0000 -0.1946
vn 0.0033 0.0000 1.0000
vn 0.0000 -1.0000 -0.0000
vn 0.0000 1.0000 0.0000
vn 0.9710 0.0000 0.2391
vn -0.9684 0.0000 -0.2492
vn -0.9975 0.0000 -0.0710
vn 0.9860 0.0000 0.1665
vn 0.7982 0.0000 0.6024
vn -0.8816 -0.0000 -0.4721
usemtl None
s off
f 849/1422/367 847/1423/367 834/1424/367 833/1425/367
f 833/1425/368 834/1424/368 838/1426/368 837/1427/368
f 846/1428/369 844/1429/369 836/1430/369 835/1431/369
f 835/1431/370 836/1430/370 832/1432/370 831/1433/370
f 843/1434/371 846/1428/371 835/1431/371 831/1435/371
f 844/1429/372 845/1436/372 832/1437/372 836/1430/372
f 850/1438/372 847/1439/372 840/1440/372 842/1441/372
f 849/1442/371 848/1443/371 841/1444/371 839/1445/371
f 848/1443/373 850/1438/373 842/1441/373 841/1444/373
f 843/1446/374 845/1447/374 840/1448/374 839/1449/374
f 831/1450/375 832/1451/375 845/1447/375 843/1446/375
f 842/1441/372 840/1440/372 845/1436/372 844/1429/372
f 839/1445/371 841/1444/371 846/1428/371 843/1434/371
f 841/1444/376 842/1441/376 844/1429/376 846/1428/376
f 837/1427/377 838/1426/377 850/1438/377 848/1443/377
f 833/1452/371 837/1427/371 848/1443/371 849/1442/371
f 838/1426/372 834/1453/372 847/1439/372 850/1438/372
f 839/1449/378 840/1448/378 847/1423/378 849/1422/378
o Cylinder.009
v -15.528130 0.327523 0.049718
v -15.528130 10.575178 0.049718
v -11.885839 0.327523 1.758236
v -11.885839 10.575178 1.758236
v -12.385207 0.327523 5.750221
v -12.385207 10.575178 5.750221
v -16.336123 0.327523 6.508885
v -16.336123 10.575178 6.508885
v -18.278557 0.327523 2.985781
v -18.278557 10.575178 2.985781
vt 1.000000 0.500000
vt 1.000000 1.000000
vt 0.800000 1.000000
vt 0.800000 0.500000
vt 0.600000 1.000000
vt 0.600000 0.500000
vt 0.400000 1.000000
vt 0.400000 0.500000
vt 0.478254 0.324164
vt 0.250000 0.490000
vt 0.021746 0.324164
vt 0.108932 0.055836
vt 0.391068 0.055836
vt 0.200000 1.000000
vt 0.200000 0.500000
vt 0.000000 1.000000
vt 0.000000 0.500000
vt 0.750000 0.490000
vt 0.978254 0.324164
vt 0.891068 0.055836
vt 0.608932 0.055836
vt 0.521746 0.324164
vn 0.4247 0.0000 -0.9053
vn 0.9923 0.0000 0.1241
vn 0.1886 0.0000 0.9821
vn 0.0000 1.0000 -0.0000
vn -0.8757 0.0000 0.4828
vn -0.7298 0.0000 -0.6837
vn 0.0000 -1.0000 0.0000
usemtl None
s off
f 851/1454/379 852/1455/379 854/1456/379 853/1457/379
f 853/1457/380 854/1456/380 856/1458/380 855/1459/380
f 855/1459/381 856/1458/381 858/1460/381 857/1461/381
f 854/1462/382 852/1463/382 860/1464/382 858/1465/382 856/1466/382
f 857/1461/383 858/1460/383 860/1467/383 859/1468/383
f 859/1468/384 860/1467/384 852/1469/384 851/1470/384
f 851/1471/385 853/1472/385 855/1473/385 857/1474/385 859/1475/385
o Cylinder.010
v -36.178459 0.351040 -35.895660
v -36.178459 15.384342 -35.895660
v -35.014915 0.351040 -35.781059
v -35.014915 15.384342 -35.781059
v -33.896084 0.351040 -35.441666
v -33.896084 15.384342 -35.441666
v -32.864964 0.351040 -34.890522
v -32.864964 15.384342 -34.890522
v -31.961180 0.351040 -34.148804
v -31.961180 15.384342 -34.148804
v -31.219463 0.351040 -33.245022
v -31.219463 15.384342 -33.245022
v -30.668320 0.351040 -32.213902
v -30.668320 15.384342 -32.213902
v -30.328926 0.351040 -31.095072
v -30.328926 15.384342 -31.095072
v -30.214325 0.351040 -29.931526
v -30.214325 15.384342 -29.931526
v -30.328926 0.351040 -28.767982
v -30.328926 15.384342 -28.767982
v -30.668318 0.351040 -27.649153
v -30.668318 15.384342 -27.649153
v -31.219463 0.351040 -26.618032
v -31.219463 15.384342 -26.618032
v -31.961180 0.351040 -25.714249
v -31.961180 15.384342 -25.714249
v -32.864964 0.351040 -24.972532
v -32.864964 15.384342 -24.972532
v -33.896084 0.351040 -24.421387
v -33.896084 15.384342 -24.421387
v -35.014915 0.351040 -24.081993
v -35.014915 15.384342 -24.081993
v -36.178459 0.351040 -23.967396
v -36.178459 15.384342 -23.967396
v -37.342003 0.351040 -24.081993
v -37.342003 15.384342 -24.081993
v -38.460835 0.351040 -24.421387
v -38.460835 15.384342 -24.421387
v -39.491955 0.351040 -24.972532
v -39.491955 15.384342 -24.972532
v -40.395737 0.351040 -25.714249
v -40.395737 15.384342 -25.714249
v -41.137451 0.351040 -26.618032
v -41.137451 15.384342 -26.618032
v -41.688599 0.351040 -27.649151
v -41.688599 15.384342 -27.649151
v -42.027992 0.351040 -28.767982
v -42.027992 15.384342 -28.767982
v -42.142590 0.351040 -29.931528
v -42.142590 15.384342 -29.931528
v -42.027992 0.351040 -31.095072
v -42.027992 15.384342 -31.095072
v -41.688599 0.351040 -32.213902
v -41.688599 15.384342 -32.213902
v -41.137455 0.351040 -33.245022
v -41.137455 15.384342 -33.245022
v -40.395737 0.351040 -34.148804
v -40.395737 15.384342 -34.148804
v -39.491955 0.351040 -34.890522
v -39.491955 15.384342 -34.890522
v -38.460835 0.351040 -35.441666
v -38.460835 15.384342 -35.441666
v -37.342003 0.351040 -35.781059
v -37.342003 15.384342 -35.781059
vt 1.000000 0.500000
vt 1.000000 1.000000
vt 0.968750 1.000000
vt 0.968750 0.500000
vt 0.937500 1.000000
vt 0.937500 0.500000
vt 0.906250 1.000000
vt 0.906250 0.500000
vt 0.875000 1.000000
vt 0.875000 0.500000
vt 0.843750 1.000000
vt 0.843750 0.500000
vt 0.812500 1.000000
vt 0.812500 0.500000
vt 0.781250 1.000000
vt 0.781250 0.500000
vt 0.750000 1.000000
vt 0.750000 0.500000
vt 0.718750 1.000000
vt 0.718750 0.500000
vt 0.687500 1.000000
vt 0.687500 0.500000
vt 0.656250 1.000000
vt 0.656250 0.500000
vt 0.625000 1.000000
vt 0.625000 0.500000
vt 0.593750 1.000000
vt 0.593750 0.500000
vt 0.562500 1.000000
vt 0.562500 0.500000
vt 0.531250 1.000000
vt 0.531250 0.500000
vt 0.500000 1.000000
vt 0.500000 0.500000
vt 0.468750 1.000000
vt 0.468750 0.500000
vt 0.437500 1.000000
vt 0.437500 0.500000
vt 0.406250 1.000000
vt 0.406250 0.500000
vt 0.375000 1.000000
vt 0.375000 0.500000
vt 0.343750 1.000000
vt 0.343750 0.500000
vt 0.312500 1.000000
vt 0.312500 0.500000
vt 0.281250 1.000000
vt 0.281250 0.500000
vt 0.250000 1.000000
vt 0.250000 0.500000
vt 0.218750 1.000000
vt 0.218750 0.500000
vt 0.187500 1.000000
vt 0.187500 0.500000
vt 0.156250 1.000000
vt 0.156250 0.500000
vt 0.125000 1.000000
vt 0.125000 0.500000
vt 0.093750 1.000000
vt 0.093750 0.500000
vt 0.062500 1.000000
vt 0.062500 0.500000
vt 0.296822 0.485388
vt 0.250000 0.490000
vt 0.203178 0.485388
vt 0.158156 0.471731
vt 0.116663 0.449553
vt 0.080294 0.419706
vt 0.050447 0.383337
vt 0.028269 0.341844
vt 0.014612 0.296822
vt 0.010000 0.250000
vt 0.014612 0.203178
vt 0.028269 0.158156
vt 0.050447 0.116663
vt 0.080294 0.080294
vt 0.116663 0.050447
vt 0.158156 0.028269
vt 0.203178 0.014612
vt 0.250000 0.010000
vt 0.296822 0.014612
vt 0.341844 0.028269
vt 0.383337 0.050447
vt 0.419706 0.080294
vt 0.449553 0.116663
vt 0.471731 0.158156
vt 0.485388 0.203178
vt 0.490000 0.250000
vt 0.485388 0.296822
vt 0.471731 0.341844
vt 0.449553 0.383337
vt 0.419706 0.419706
vt 0.383337 0.449553
vt 0.341844 0.471731
vt 0.031250 1.000000
vt 0.031250 0.500000
vt 0.000000 1.000000
vt 0.000000 0.500000
vt 0.750000 0.490000
vt 0.796822 0.485388
vt 0.841844 0.471731
vt 0.883337 0.449553
vt 0.919706 0.419706
vt 0.949553 0.383337
vt 0.971731 0.341844
vt 0.985388 0.296822
vt 0.990000 0.250000
vt 0.985388 0.203178
vt 0.971731 0.158156
vt 0.949553 0.116663
vt 0.919706 0.080294
vt 0.883337 0.050447
vt 0.841844 0.028269
vt 0.796822 0.014612
vt 0.750000 0.010000
vt 0.703178 0.014612
vt 0.658156 0.028269
vt 0.616663 0.050447
vt 0.580294 0.080294
vt 0.550447 0.116663
vt 0.528269 0.158156
vt 0.514612 0.203178
vt 0.510000 0.250000
vt 0.514612 0.296822
vt 0.528269 0.341844
vt 0.550447 0.383337
vt 0.580294 0.419706
vt 0.616663 0.449553
vt 0.658156 0.471731
vt 0.703178 0.485388
vn 0.0980 0.0000 -0.9952
vn 0.2903 0.0000 -0.9569
vn 0.4714 0.0000 -0.8819
vn 0.6344 0.0000 -0.7730
vn 0.7730 0.0000 -0.6344
vn 0.8819 0.0000 -0.4714
vn 0.9569 0.0000 -0.2903
vn 0.9952 0.0000 -0.0980
vn 0.9952 0.0000 0.0980
vn 0.9569 0.0000 0.2903
vn 0.8819 0.0000 0.4714
vn 0.7730 0.0000 0.6344
vn 0.6344 0.0000 0.7730
vn 0.4714 0.0000 0.8819
vn 0.2903 0.0000 0.9569
vn 0.0980 0.0000 0.9952
vn -0.0980 0.0000 0.9952
vn -0.2903 0.0000 0.9569
vn -0.4714 0.0000 0.8819
vn -0.6344 0.0000 0.7730
vn -0.7730 0.0000 0.6344
vn -0.8819 0.0000 0.4714
vn -0.9569 0.0000 0.2903
vn -0.9952 0.0000 0.0980
vn -0.9952 0.0000 -0.0980
vn -0.9569 0.0000 -0.2903
vn -0.8819 0.0000 -0.4714
vn -0.7730 0.0000 -0.6344
vn -0.6344 0.0000 -0.7730
vn -0.4714 0.0000 -0.8819
vn 0.0000 1.0000 0.0000
vn -0.2903 0.0000 -0.9569
vn -0.0980 0.0000 -0.9952
vn 0.0000 -1.0000 -0.0000
usemtl None
s off
f 861/1476/386 862/1477/386 864/1478/386 863/1479/386
f 863/1479/387 864/1478/387 866/1480/387 865/1481/387
f 865/1481/388 866/1480/388 868/1482/388 867/1483/388
f 867/1483/389 868/1482/389 870/1484/389 869/1485/389
f 869/1485/390 870/1484/390 872/1486/390 871/1487/390
f 871/1487/391 872/1486/391 874/1488/391 873/1489/391
f 873/1489/392 874/1488/392 876/1490/392 875/1491/392
f 875/1491/393 876/1490/393 878/1492/393 877/1493/393
f 877/1493/394 878/1492/394 880/1494/394 879/1495/394
f 879/1495/395 880/1494/395 882/1496/395 881/1497/395
f 881/1497/396 882/1496/396 884/1498/396 883/1499/396
f 883/1499/397 884/1498/397 886/1500/397 885/1501/397
f 885/1501/398 886/1500/398 888/1502/398 887/1503/398
f 887/1503/399 888/1502/399 890/1504/399 889/1505/399
f 889/1505/400 890/1504/400 892/1506/400 891/1507/400
f 891/1507/401 892/1506/401 894/1508/401 893/1509/401
f 893/1509/402 894/1508/402 896/1510/402 895/1511/402
f 895/1511/403 896/1510/403 898/1512/403 897/1513/403
f 897/1513/404 898/1512/404 900/1514/404 899/1515/404
f 899/1515/405 900/1514/405 902/1516/405 901/1517/405
f 901/1517/406 902/1516/406 904/1518/406 903/1519/406
f 903/1519/407 904/1518/407 906/1520/407 905/1521/407
f 905/1521/408 906/1520/408 908/1522/408 907/1523/408
f 907/1523/409 908/1522/409 910/1524/409 909/1525/409
f 909/1525/410 910/1524/410 912/1526/410 911/1527/410
f 911/1527/411 912/1526/411 914/1528/411 913/1529/411
f 913/1529/412 914/1528/412 916/1530/412 915/1531/412
f 915/1531/413 916/1530/413 918/1532/413 917/1533/413
f 917/1533/414 918/1532/414 920/1534/414 919/1535/414
f 919/1535/415 920/1534/415 922/1536/415 921/1537/415
f 864/1538/416 862/1539/416 924/1540/416 922/1541/416 920/1542/416 918/1543/416 916/1544/416 914/1545/416 912/1546/416 910/1547/416 908/1548/416 906/1549/416 904/1550/416 902/1551/416 900/1552/416 898/1553/416 896/1554/416 894/1555/416 892/1556/416 890/1557/416 888/1558/416 886/1559/416 884/1560/416 882/1561/416 880/1562/416 878/1563/416 876/1564/416 874/1565/416 872/1566/416 870/1567/416 868/1568/416 866/1569/416
f 921/1537/417 922/1536/417 924/1570/417 923/1571/417
f 923/1571/418 924/1570/418 862/1572/418 861/1573/418
f 861/1574/419 863/1575/419 865/1576/419 867/1577/419 869/1578/419 871/1579/419 873/1580/419 875/1581/419 877/1582/419 879/1583/419 881/1584/419 883/1585/419 885/1586/419 887/1587/419 889/1588/419 891/1589/419 893/1590/419 895/1591/419 897/1592/419 899/1593/419 901/1594/419 903/1595/419 905/1596/419 907/1597/419 909/1598/419 911/1599/419 913/1600/419 915/1601/419 917/1602/419 919/1603/419 921/1604/419 923/1605/419
o Cylinder.011
v -55.480717 0.351040 -30.455242
v -55.480717 8.203889 -27.703115
v -53.832630 0.351040 -30.292919
v -54.369545 8.203889 -27.593674
v -52.247883 0.351040 -29.812191
v -53.301075 8.203889 -27.269558
v -50.787373 0.351040 -29.031530
v -52.316368 8.203889 -26.743221
v -49.507221 0.351040 -27.980938
v -51.453270 8.203889 -26.034893
v -48.456631 0.351040 -26.700790
v -50.744938 8.203889 -25.171791
v -47.675968 0.351040 -25.240276
v -50.218601 8.203889 -24.187084
v -47.195240 0.351040 -23.655529
v -49.894485 8.203889 -23.118616
v -47.032921 0.351040 -22.007446
v -49.785046 8.203889 -22.007446
v -47.195240 0.351040 -20.359364
v -49.894485 8.203889 -20.896276
v -50.218601 8.203889 -19.827808
v -50.744938 8.203889 -18.843102
v -49.507221 0.351040 -16.033953
v -51.453266 8.203889 -17.980000
v -50.787373 0.351040 -14.983360
v -52.316372 8.203889 -17.271669
v -52.247883 0.351040 -14.202701
v -53.301075 8.203889 -16.745333
v -53.832634 0.351040 -13.721972
v -54.369545 8.203889 -16.421217
v -55.480717 0.351040 -13.559651
v -55.480717 8.203889 -16.311777
v -57.128799 0.351040 -13.721972
v -56.591885 8.203889 -16.421217
v -58.713547 0.351040 -14.202701
v -57.660355 8.203889 -16.745333
v -60.174057 0.351040 -14.983362
v -58.645061 8.203889 -17.271671
v -61.454208 0.351040 -16.033953
v -59.508160 8.203889 -17.980000
v -62.504799 0.351040 -17.314102
v -60.216492 8.203889 -18.843102
v -63.285461 0.351040 -18.774612
v -60.742828 8.203889 -19.827806
v -63.766190 0.351040 -20.359362
v -61.066944 8.203889 -20.896275
v -63.928509 0.351040 -22.007446
v -61.176384 8.203889 -22.007446
v -63.766190 0.351040 -23.655529
v -61.066944 8.203889 -23.118616
v -63.285458 0.351040 -25.240278
v -60.742828 8.203889 -24.187084
v -62.504799 0.351040 -26.700788
v -60.216492 8.203889 -25.171791
v -61.454208 0.351040 -27.980938
v -59.508163 8.203889 -26.034893
v -60.174057 0.351040 -29.031530
v -58.645061 8.203889 -26.743221
v -58.713547 0.351040 -29.812191
v -57.660355 8.203889 -27.269558
v -57.128796 0.351040 -30.292919
v -56.591885 8.203889 -27.593676
v -53.832630 8.203889 -30.292919
v -55.480717 8.203889 -30.455242
v -52.247883 8.203889 -29.812191
v -50.787373 8.203889 -29.031530
v -49.507221 8.203889 -27.980938
v -48.456631 8.203889 -26.700790
v -47.675968 8.203889 -25.240276
v -47.195240 8.203889 -23.655529
v -47.032921 8.203889 -22.007446
v -47.195240 8.203889 -20.359364
v -47.675968 8.203889 -18.774616
v -48.456631 8.203889 -17.314102
v -49.507221 8.203889 -16.033953
v -50.787373 8.203889 -14.983360
v -52.247883 8.203889 -14.202701
v -53.832634 8.203889 -13.721972
v -55.480717 8.203889 -13.559651
v -57.128799 8.203889 -13.721972
v -58.713547 8.203889 -14.202701
v -60.174057 8.203889 -14.983362
v -61.454208 8.203889 -16.033953
v -62.504799 8.203889 -17.314102
v -63.285461 8.203889 -18.774612
v -63.766190 8.203889 -20.359362
v -63.928509 8.203889 -22.007446
v -63.766190 8.203889 -23.655529
v -63.285458 8.203889 -25.240278
v -62.504799 8.203889 -26.700788
v -61.454208 8.203889 -27.980938
v -60.174057 8.203889 -29.031530
v -58.713547 8.203889 -29.812191
v -57.128796 8.203889 -30.292919
v -54.369553 0.351037 -27.593674
v -55.480721 0.351037 -27.703115
v -53.301083 0.351037 -27.269558
v -52.316376 0.351037 -26.743221
v -51.453274 0.351037 -26.034893
v -50.744946 0.351037 -25.171791
v -50.218609 0.351037 -24.187084
v -49.894493 0.351037 -23.118616
v -49.785049 0.351037 -22.007446
v -49.894493 0.351037 -20.896276
v -51.453274 0.351037 -17.980000
v -52.316376 0.351037 -17.271669
v -53.301083 0.351037 -16.745333
v -54.369549 0.351037 -16.421217
v -55.480721 0.351037 -16.311777
v -56.591892 0.351037 -16.421217
v -57.660358 0.351037 -16.745333
v -58.645065 0.351037 -17.271671
v -59.508167 0.351037 -17.980000
v -60.216496 0.351037 -18.843102
v -60.742832 0.351037 -19.827806
v -61.066948 0.351037 -20.896275
v -61.176392 0.351037 -22.007446
v -61.066948 0.351037 -23.118616
v -60.742832 0.351037 -24.187084
v -60.216496 0.351037 -25.171791
v -59.508167 0.351037 -26.034893
v -58.645065 0.351037 -26.743221
v -57.660358 0.351037 -27.269558
v -56.591888 0.351037 -27.593676
v -55.480717 4.277465 -30.455242
v -53.832630 4.277465 -30.292919
v -52.247883 4.277465 -29.812191
v -50.787373 4.277465 -29.031530
v -49.507221 4.277465 -27.980938
v -48.456631 4.277465 -26.700790
v -47.675968 4.277465 -25.240276
v -47.195240 4.277465 -23.655529
v -47.032921 4.277465 -22.007446
v -47.195240 4.277465 -20.359364
v -47.675968 5.838207 -18.774616
v -48.456631 5.838207 -17.314102
v -49.507221 4.277465 -16.033953
v -50.787373 4.277465 -14.983360
v -52.247883 4.277465 -14.202701
v -53.832634 4.277465 -13.721972
v -55.480717 4.277465 -13.559651
v -57.128799 4.277465 -13.721972
v -58.713547 4.277465 -14.202701
v -60.174057 4.277465 -14.983362
v -61.454208 4.277465 -16.033953
v -62.504799 4.277465 -17.314102
v -63.285461 4.277465 -18.774612
v -63.766190 4.277465 -20.359362
v -63.928509 4.277465 -22.007446
v -63.766190 4.277465 -23.655529
v -63.285458 4.277465 -25.240278
v -62.504799 4.277465 -26.700788
v -61.454208 4.277465 -27.980938
v -60.174057 4.277465 -29.031530
v -58.713547 4.277465 -29.812191
v -57.128796 4.277465 -30.292919
v -61.066948 4.277463 -23.118616
v -60.742828 4.277463 -24.187084
v -51.453270 4.277463 -17.980000
v -52.316372 4.277463 -17.271669
v -60.216496 4.277463 -25.171791
v -53.301079 4.277463 -16.745333
v -55.480717 4.277463 -27.703115
v -54.369549 4.277463 -27.593674
v -59.508163 4.277463 -26.034893
v -54.369549 4.277463 -16.421217
v -53.301079 4.277463 -27.269558
v -58.645061 4.277463 -26.743221
v -55.480717 4.277463 -16.311777
v -52.316372 4.277463 -26.743221
v -57.660355 4.277463 -27.269558
v -56.591888 4.277463 -16.421217
v -51.453270 4.277463 -26.034893
v -56.591888 4.277463 -27.593676
v -57.660355 4.277463 -16.745333
v -50.744942 4.277463 -25.171791
v -58.645061 4.277463 -17.271671
v -50.218605 4.277463 -24.187084
v -59.508163 4.277463 -17.980000
v -49.894489 4.277463 -23.118616
v -60.216492 4.277463 -18.843102
v -49.785046 4.277463 -22.007446
v -60.742828 4.277463 -19.827806
v -49.894489 4.277463 -20.896276
v -61.066948 4.277463 -20.896275
v -50.218605 5.355515 -19.827808
v -61.176388 4.277463 -22.007446
v -50.744942 5.355515 -18.843102
vt 1.000000 0.750000
vt 1.000000 1.000000
vt 0.968750 1.000000
vt 0.968750 0.750000
vt 0.937500 1.000000
vt 0.937500 0.750000
vt 0.906250 1.000000
vt 0.906250 0.750000
vt 0.875000 1.000000
vt 0.875000 0.750000
vt 0.843750 1.000000
vt 0.843750 0.750000
vt 0.812500 1.000000
vt 0.812500 0.750000
vt 0.781250 1.000000
vt 0.781250 0.750000
vt 0.750000 1.000000
vt 0.750000 0.750000
vt 0.718750 1.000000
vt 0.718750 0.750000
vt 0.687500 1.000000
vt 0.687500 0.750000
vt 0.656250 1.000000
vt 0.656250 0.750000
vt 0.625000 1.000000
vt 0.625000 0.750000
vt 0.593750 1.000000
vt 0.593750 0.750000
vt 0.562500 1.000000
vt 0.562500 0.750000
vt 0.531250 1.000000
vt 0.531250 0.750000
vt 0.500000 1.000000
vt 0.500000 0.750000
vt 0.468750 1.000000
vt 0.468750 0.750000
vt 0.437500 1.000000
vt 0.437500 0.750000
vt 0.406250 1.000000
vt 0.406250 0.750000
vt 0.375000 1.000000
vt 0.375000 0.750000
vt 0.343750 1.000000
vt 0.343750 0.750000
vt 0.312500 1.000000
vt 0.312500 0.750000
vt 0.281250 1.000000
vt 0.281250 0.750000
vt 0.250000 1.000000
vt 0.250000 0.750000
vt 0.218750 1.000000
vt 0.218750 0.750000
vt 0.187500 1.000000
vt 0.187500 0.750000
vt 0.156250 1.000000
vt 0.156250 0.750000
vt 0.125000 1.000000
vt 0.125000 0.750000
vt 0.093750 1.000000
vt 0.093750 0.750000
vt 0.062500 1.000000
vt 0.062500 0.750000
vt 0.100505 0.311923
vt 0.091296 0.281568
vt 0.091296 0.281568
vt 0.100505 0.311923
vt 0.031250 1.000000
vt 0.031250 0.750000
vt 0.000000 1.000000
vt 0.000000 0.750000
vt 0.250000 0.411813
vt 0.281568 0.408703
vt 0.296822 0.485388
vt 0.250000 0.490000
vt 0.311923 0.399495
vt 0.341844 0.471731
vt 0.339898 0.384542
vt 0.383337 0.449553
vt 0.364419 0.364419
vt 0.419706 0.419706
vt 0.384542 0.339898
vt 0.449553 0.383337
vt 0.399495 0.311923
vt 0.471731 0.341844
vt 0.408704 0.281568
vt 0.485388 0.296822
vt 0.411813 0.250000
vt 0.490000 0.250000
vt 0.408704 0.218432
vt 0.485388 0.203178
vt 0.399495 0.188077
vt 0.471731 0.158156
vt 0.384542 0.160102
vt 0.449553 0.116663
vt 0.364419 0.135581
vt 0.419706 0.080294
vt 0.339898 0.115458
vt 0.383337 0.050447
vt 0.311923 0.100505
vt 0.341844 0.028269
vt 0.281568 0.091296
vt 0.296822 0.014612
vt 0.250000 0.088187
vt 0.250000 0.010000
vt 0.218432 0.091296
vt 0.203178 0.014612
vt 0.188077 0.100505
vt 0.158156 0.028269
vt 0.160102 0.115458
vt 0.116663 0.050447
vt 0.135581 0.135581
vt 0.080294 0.080294
vt 0.115458 0.160102
vt 0.050447 0.116663
vt 0.100505 0.188077
vt 0.028269 0.158156
vt 0.091296 0.218432
vt 0.014612 0.203178
vt 0.088187 0.250000
vt 0.010000 0.250000
vt 0.091296 0.281568
vt 0.014612 0.296822
vt 0.100505 0.311923
vt 0.028269 0.341844
vt 0.115458 0.339898
vt 0.050447 0.383337
vt 0.135581 0.364419
vt 0.080294 0.419706
vt 0.160102 0.384542
vt 0.116663 0.449553
vt 0.188077 0.399495
vt 0.158156 0.471731
vt 0.218432 0.408704
vt 0.203178 0.485388
vt 0.562500 0.500000
vt 0.531250 0.500000
vt 0.281568 0.091296
vt 0.311923 0.100505
vt 0.339898 0.115458
vt 0.364419 0.135581
vt 0.364419 0.135581
vt 0.339898 0.115458
vt 0.115458 0.339898
vt 0.115458 0.339898
vt 0.311923 0.100505
vt 0.281568 0.408703
vt 0.250000 0.411813
vt 0.250000 0.411813
vt 0.281568 0.408703
vt 0.135581 0.364419
vt 0.135581 0.364419
vt 0.281568 0.091296
vt 0.311923 0.399495
vt 0.311923 0.399495
vt 0.160102 0.384542
vt 0.160102 0.384542
vt 0.250000 0.088187
vt 0.250000 0.088187
vt 0.339898 0.384542
vt 0.339898 0.384542
vt 0.188077 0.399495
vt 0.188077 0.399495
vt 0.218432 0.091296
vt 0.218432 0.091296
vt 0.364419 0.364419
vt 0.364419 0.364419
vt 0.218432 0.408704
vt 0.218432 0.408704
vt 0.188077 0.100505
vt 0.188077 0.100505
vt 0.384542 0.339898
vt 0.384542 0.339898
vt 0.160102 0.115458
vt 0.160102 0.115458
vt 0.399495 0.311923
vt 0.399495 0.311923
vt 0.135581 0.135581
vt 0.135581 0.135581
vt 0.408704 0.281568
vt 0.408704 0.281568
vt 0.115458 0.160102
vt 0.115458 0.160102
vt 0.411813 0.250000
vt 0.411813 0.250000
vt 0.100505 0.188077
vt 0.100505 0.188077
vt 0.408704 0.218432
vt 0.408704 0.218432
vt 0.091296 0.218432
vt 0.091296 0.218432
vt 0.088187 0.250000
vt 0.088187 0.250000
vt 0.593750 0.500000
vt 0.625000 0.500000
vt 0.718750 0.500000
vt 0.399495 0.188077
vt 0.750000 0.500000
vt 0.781250 0.500000
vt 0.812500 0.500000
vt 0.843750 0.500000
vt 0.875000 0.500000
vt 0.906250 0.500000
vt 0.937500 0.500000
vt 0.968750 0.500000
vt 1.000000 0.500000
vt 0.031250 0.500000
vt 0.062500 0.500000
vt 0.093750 0.500000
vt 0.125000 0.500000
vt 0.156250 0.500000
vt 0.187500 0.500000
vt 0.218750 0.500000
vt 0.250000 0.500000
vt 0.281250 0.500000
vt 0.312500 0.500000
vt 0.343750 0.500000
vt 0.375000 0.500000
vt 0.406250 0.500000
vt 0.437500 0.500000
vt 0.468750 0.500000
vt 0.500000 0.500000
vt 0.000000 0.500000
vt 0.384542 0.160102
vn 0.0980 0.0000 -0.9952
vn 0.2903 0.0000 -0.9569
vn 0.4714 0.0000 -0.8819
vn 0.6344 0.0000 -0.7730
vn 0.7730 0.0000 -0.6344
vn 0.8819 0.0000 -0.4714
vn 0.9569 0.0000 -0.2903
vn 0.9952 0.0000 -0.0980
vn 0.9952 0.0000 0.0980
vn 0.9569 0.0000 0.2903
vn 0.8819 0.0000 0.4714
vn 0.7730 0.0000 0.6344
vn 0.6344 0.0000 0.7730
vn 0.4714 0.0000 0.8819
vn 0.2903 0.0000 0.9569
vn 0.0980 0.0000 0.9952
vn -0.0980 0.0000 0.9952
vn -0.2903 0.0000 0.9569
vn -0.4714 0.0000 0.8819
vn -0.6344 0.0000 0.7730
vn -0.7730 0.0000 0.6344
vn -0.8819 0.0000 0.4714
vn -0.9569 0.0000 0.2903
vn -0.9952 0.0000 0.0980
vn -0.9952 0.0000 -0.0980
vn -0.9569 0.0000 -0.2903
vn -0.8819 0.0000 -0.4714
vn -0.7730 0.0000 -0.6344
vn -0.6344 0.0000 -0.7730
vn -0.4714 0.0000 -0.8819
vn -0.2903 0.0000 -0.9569
vn -0.0980 0.0000 -0.9952
vn 0.0000 1.0000 -0.0000
vn 0.0000 -1.0000 0.0000
vn -0.1951 0.0000 0.9808
vn -0.1388 -0.7229 0.6769
vn 0.1531 -0.9848 0.0818
vn 0.4857 -0.7229 -0.4914
vn 0.7071 0.0000 -0.7071
usemtl None
s off
f 1049/1606/420 988/1607/420 987/1608/420 1050/1609/420
f 1050/1609/421 987/1608/421 989/1610/421 1051/1611/421
f 1051/1611/422 989/1610/422 990/1612/422 1052/1613/422
f 1052/1613/423 990/1612/423 991/1614/423 1053/1615/423
f 1053/1615/424 991/1614/424 992/1616/424 1054/1617/424
f 1054/1617/425 992/1616/425 993/1618/425 1055/1619/425
f 1055/1619/426 993/1618/426 994/1620/426 1056/1621/426
f 1056/1621/427 994/1620/427 995/1622/427 1057/1623/427
f 1057/1623/428 995/1622/428 996/1624/428 1058/1625/428
f 1058/1625/429 996/1624/429 997/1626/429 1059/1627/429
f 1059/1627/430 997/1626/430 998/1628/430 1060/1629/430
f 1060/1629/431 998/1628/431 999/1630/431 1061/1631/431
f 1061/1631/432 999/1630/432 1000/1632/432 1062/1633/432
f 1062/1633/433 1000/1632/433 1001/1634/433 1063/1635/433
f 1063/1635/434 1001/1634/434 1002/1636/434 1064/1637/434
f 1064/1637/435 1002/1636/435 1003/1638/435 1065/1639/435
f 1065/1639/436 1003/1638/436 1004/1640/436 1066/1641/436
f 1066/1641/437 1004/1640/437 1005/1642/437 1067/1643/437
f 1067/1643/438 1005/1642/438 1006/1644/438 1068/1645/438
f 1068/1645/439 1006/1644/439 1007/1646/439 1069/1647/439
f 1069/1647/440 1007/1646/440 1008/1648/440 1070/1649/440
f 1070/1649/441 1008/1648/441 1009/1650/441 1071/1651/441
f 1071/1651/442 1009/1650/442 1010/1652/442 1072/1653/442
f 1072/1653/443 1010/1652/443 1011/1654/443 1073/1655/443
f 1073/1655/444 1011/1654/444 1012/1656/444 1074/1657/444
f 1074/1657/445 1012/1656/445 1013/1658/445 1075/1659/445
f 1075/1659/446 1013/1658/446 1014/1660/446 1076/1661/446
f 1076/1661/447 1014/1660/447 1015/1662/447 1077/1663/447
f 1077/1663/448 1015/1662/448 1016/1664/448 1078/1665/448
f 1078/1665/449 1016/1664/449 1017/1666/449 1079/1667/449
f 1082/1668/429 1081/1669/429 1042/1670/429 1043/1671/429
f 1079/1667/450 1017/1666/450 1018/1672/450 1080/1673/450
f 1080/1673/451 1018/1672/451 988/1674/451 1049/1675/451
f 926/1676/452 928/1677/452 987/1678/452 988/1679/452
f 928/1677/452 930/1680/452 989/1681/452 987/1678/452
f 930/1680/452 932/1682/452 990/1683/452 989/1681/452
f 932/1682/452 934/1684/452 991/1685/452 990/1683/452
f 934/1684/452 936/1686/452 992/1687/452 991/1685/452
f 936/1686/452 938/1688/452 993/1689/452 992/1687/452
f 938/1688/452 940/1690/452 994/1691/452 993/1689/452
f 940/1690/452 942/1692/452 995/1693/452 994/1691/452
f 942/1692/452 944/1694/452 996/1695/452 995/1693/452
f 944/1694/452 945/1696/452 997/1697/452 996/1695/452
f 945/1696/452 946/1698/452 998/1699/452 997/1697/452
f 946/1698/452 948/1700/452 999/1701/452 998/1699/452
f 948/1700/452 950/1702/452 1000/1703/452 999/1701/452
f 950/1702/452 952/1704/452 1001/1705/452 1000/1703/452
f 952/1704/452 954/1706/452 1002/1707/452 1001/1705/452
f 954/1706/452 956/1708/452 1003/1709/452 1002/1707/452
f 956/1708/452 958/1710/452 1004/1711/452 1003/1709/452
f 958/1710/452 960/1712/452 1005/1713/452 1004/1711/452
f 960/1712/452 962/1714/452 1006/1715/452 1005/1713/452
f 962/1714/452 964/1716/452 1007/1717/452 1006/1715/452
f 964/1716/452 966/1718/452 1008/1719/452 1007/1717/452
f 966/1718/452 968/1720/452 1009/1721/452 1008/1719/452
f 968/1720/452 970/1722/452 1010/1723/452 1009/1721/452
f 970/1722/452 972/1724/452 1011/1725/452 1010/1723/452
f 972/1724/452 974/1726/452 1012/1727/452 1011/1725/452
f 974/1726/452 976/1728/452 1013/1729/452 1012/1727/452
f 976/1728/452 978/1730/452 1014/1731/452 1013/1729/452
f 978/1730/452 980/1732/452 1015/1733/452 1014/1731/452
f 980/1732/452 982/1734/452 1016/1735/452 1015/1733/452
f 982/1734/452 984/1736/452 1017/1737/452 1016/1735/452
f 984/1736/452 986/1738/452 1018/1739/452 1017/1737/452
f 986/1738/452 926/1676/452 988/1679/452 1018/1739/452
f 951/1740/453 953/1741/453 1032/1742/453 1031/1743/453
f 1084/1744/448 1083/1745/448 1029/1746/448 1030/1747/448
f 1085/1748/430 1082/1668/430 1043/1671/430 1044/1749/430
f 1086/1750/449 1084/1744/449 1030/1747/449 1031/1743/449
f 1088/1751/436 1087/1752/436 1020/1753/436 1019/1754/436
f 1089/1755/431 1085/1748/431 1044/1749/431 1045/1756/431
f 1090/1757/450 1086/1750/450 1031/1743/450 1032/1742/450
f 1091/1758/437 1088/1751/437 1019/1754/437 1021/1759/437
f 1092/1760/432 1089/1755/432 1045/1756/432 1046/1761/432
f 1093/1762/451 1090/1757/451 1032/1742/451 1033/1763/451
f 1094/1764/438 1091/1758/438 1021/1759/438 1022/1765/438
f 1095/1766/433 1092/1760/433 1046/1761/433 1047/1767/433
f 1096/1768/420 1093/1762/420 1033/1763/420 1034/1769/420
f 1097/1770/439 1094/1764/439 1022/1765/439 1023/1771/439
f 1098/1772/434 1095/1766/434 1047/1767/434 1048/1773/434
f 1099/1774/421 1096/1768/421 1034/1769/421 1035/1775/421
f 1100/1776/440 1097/1770/440 1023/1771/440 1024/1777/440
f 1087/1752/435 1098/1772/435 1048/1773/435 1020/1753/435
f 1101/1778/422 1099/1774/422 1035/1775/422 1036/1779/422
f 1102/1780/441 1100/1776/441 1024/1777/441 1025/1781/441
f 1103/1782/423 1101/1778/423 1036/1779/423 1037/1783/423
f 1104/1784/442 1102/1780/442 1025/1781/442 1026/1785/442
f 1105/1786/424 1103/1782/424 1037/1783/424 1038/1787/424
f 1106/1788/443 1104/1784/443 1026/1785/443 1027/1789/443
f 1107/1790/425 1105/1786/425 1038/1787/425 1039/1791/425
f 1108/1792/444 1106/1788/444 1027/1789/444 1028/1793/444
f 1109/1794/426 1107/1790/426 1039/1791/426 1040/1795/426
f 1111/1796/427 1109/1794/427 1040/1795/427 1041/1797/427
f 1081/1669/428 1111/1796/428 1041/1797/428 1042/1670/428
f 949/1798/453 951/1740/453 1031/1743/453 1030/1747/453
f 947/1799/453 949/1798/453 1030/1747/453 1029/1746/453
f 1058/1625/454 1108/1792/454 1028/1793/454 943/1800/454
f 1108/1792/455 1058/1625/455 1059/1627/455 1110/1801/455
f 941/1802/453 943/1800/453 1028/1793/453 1027/1789/453
f 939/1803/453 941/1802/453 1027/1789/453 1026/1785/453
f 937/1804/453 939/1803/453 1026/1785/453 1025/1781/453
f 935/1805/453 937/1804/453 1025/1781/453 1024/1777/453
f 933/1806/453 935/1805/453 1024/1777/453 1023/1771/453
f 931/1807/453 933/1806/453 1023/1771/453 1022/1765/453
f 929/1808/453 931/1807/453 1022/1765/453 1021/1759/453
f 927/1809/453 929/1808/453 1021/1759/453 1019/1754/453
f 925/1810/453 927/1809/453 1019/1754/453 1020/1753/453
f 985/1811/453 925/1810/453 1020/1753/453 1048/1773/453
f 983/1812/453 985/1811/453 1048/1773/453 1047/1767/453
f 981/1813/453 983/1812/453 1047/1767/453 1046/1761/453
f 979/1814/453 981/1813/453 1046/1761/453 1045/1756/453
f 977/1815/453 979/1814/453 1045/1756/453 1044/1749/453
f 975/1816/453 977/1815/453 1044/1749/453 1043/1671/453
f 973/1817/453 975/1816/453 1043/1671/453 1042/1670/453
f 971/1818/453 973/1817/453 1042/1670/453 1041/1797/453
f 969/1819/453 971/1818/453 1041/1797/453 1040/1795/453
f 967/1820/453 969/1819/453 1040/1795/453 1039/1791/453
f 965/1821/453 967/1820/453 1039/1791/453 1038/1787/453
f 963/1822/453 965/1821/453 1038/1787/453 1037/1783/453
f 961/1823/453 963/1822/453 1037/1783/453 1036/1779/453
f 959/1824/453 961/1823/453 1036/1779/453 1035/1775/453
f 957/1825/453 959/1824/453 1035/1775/453 1034/1769/453
f 955/1826/453 957/1825/453 1034/1769/453 1033/1763/453
f 953/1741/453 955/1826/453 1033/1763/453 1032/1742/453
f 985/1811/451 1080/1673/451 1049/1675/451 925/1827/451
f 983/1812/450 1079/1667/450 1080/1673/450 985/1811/450
f 981/1813/449 1078/1665/449 1079/1667/449 983/1812/449
f 979/1814/448 1077/1663/448 1078/1665/448 981/1813/448
f 977/1815/447 1076/1661/447 1077/1663/447 979/1814/447
f 975/1816/446 1075/1659/446 1076/1661/446 977/1815/446
f 973/1817/445 1074/1657/445 1075/1659/445 975/1816/445
f 971/1818/444 1073/1655/444 1074/1657/444 973/1817/444
f 969/1819/443 1072/1653/443 1073/1655/443 971/1818/443
f 967/1820/442 1071/1651/442 1072/1653/442 969/1819/442
f 965/1821/441 1070/1649/441 1071/1651/441 967/1820/441
f 963/1822/440 1069/1647/440 1070/1649/440 965/1821/440
f 961/1823/439 1068/1645/439 1069/1647/439 963/1822/439
f 959/1824/438 1067/1643/438 1068/1645/438 961/1823/438
f 957/1825/437 1066/1641/437 1067/1643/437 959/1824/437
f 955/1826/436 1065/1639/436 1066/1641/436 957/1825/436
f 953/1741/435 1064/1637/435 1065/1639/435 955/1826/435
f 951/1740/434 1063/1635/434 1064/1637/434 953/1741/434
f 949/1798/433 1062/1633/433 1063/1635/433 951/1740/433
f 947/1799/432 1061/1631/432 1062/1633/432 949/1798/432
f 1110/1801/456 1059/1627/456 1060/1629/456 1112/1828/456
f 1061/1631/457 1083/1745/457 1112/1828/457 1060/1629/457
f 947/1799/458 1029/1746/458 1083/1745/458 1061/1631/458
f 941/1802/428 1057/1623/428 1058/1625/428 943/1800/428
f 939/1803/427 1056/1621/427 1057/1623/427 941/1802/427
f 937/1804/426 1055/1619/426 1056/1621/426 939/1803/426
f 935/1805/425 1054/1617/425 1055/1619/425 937/1804/425
f 933/1806/424 1053/1615/424 1054/1617/424 935/1805/424
f 931/1807/423 1052/1613/423 1053/1615/423 933/1806/423
f 929/1808/422 1051/1611/422 1052/1613/422 931/1807/422
f 927/1809/421 1050/1609/421 1051/1611/421 929/1808/421
f 925/1810/420 1049/1606/420 1050/1609/420 927/1809/420
f 948/1700/447 946/1698/447 1112/1828/447 1083/1745/447
f 974/1726/428 972/1724/428 1111/1796/428 1081/1669/428
f 946/1698/446 945/1696/446 1110/1801/446 1112/1828/446
f 972/1724/427 970/1722/427 1109/1794/427 1111/1796/427
f 945/1696/445 944/1694/445 1108/1792/445 1110/1801/445
f 970/1722/426 968/1720/426 1107/1790/426 1109/1794/426
f 944/1694/444 942/1692/444 1106/1788/444 1108/1792/444
f 968/1720/425 966/1718/425 1105/1786/425 1107/1790/425
f 942/1692/443 940/1690/443 1104/1784/443 1106/1788/443
f 966/1718/424 964/1716/424 1103/1782/424 1105/1786/424
f 940/1690/442 938/1688/442 1102/1780/442 1104/1784/442
f 964/1716/423 962/1714/423 1101/1778/423 1103/1782/423
f 938/1688/441 936/1686/441 1100/1776/441 1102/1780/441
f 962/1714/422 960/1712/422 1099/1774/422 1101/1778/422
f 926/1676/435 986/1738/435 1098/1772/435 1087/1752/435
f 936/1686/440 934/1684/440 1097/1770/440 1100/1776/440
f 960/1712/421 958/1710/421 1096/1768/421 1099/1774/421
f 986/1738/434 984/1736/434 1095/1766/434 1098/1772/434
f 934/1684/439 932/1682/439 1094/1764/439 1097/1770/439
f 958/1710/420 956/1708/420 1093/1762/420 1096/1768/420
f 984/1736/433 982/1734/433 1092/1760/433 1095/1766/433
f 932/1682/438 930/1680/438 1091/1758/438 1094/1764/438
f 956/1708/451 954/1706/451 1090/1757/451 1093/1762/451
f 982/1734/432 980/1732/432 1089/1755/432 1092/1760/432
f 930/1680/437 928/1677/437 1088/1751/437 1091/1758/437
f 954/1706/450 952/1704/450 1086/1750/450 1090/1757/450
f 980/1732/431 978/1730/431 1085/1748/431 1089/1755/431
f 928/1677/436 926/1676/436 1087/1752/436 1088/1751/436
f 952/1704/449 950/1702/449 1084/1744/449 1086/1750/449
f 978/1730/430 976/1728/430 1082/1668/430 1085/1748/430
f 950/1702/448 948/1700/448 1083/1745/448 1084/1744/448
f 976/1728/429 974/1726/429 1081/1669/429 1082/1668/429
o Cube.006_Cube.007
v -12.648336 -6.483783 5.523733
v -12.648336 4.486682 5.523733
v -14.539176 -6.483783 8.325567
v -14.539176 4.486682 8.325567
v -14.928894 -6.483783 9.839892
v -14.928894 4.486682 9.839893
v -13.752528 4.486682 6.856605
v -13.752528 -6.483783 6.856606
v -13.349277 -6.483783 18.434044
v -15.046431 -6.483783 11.490309
v -15.046431 4.486682 11.490309
v -14.676600 -6.483783 15.221199
v -14.676600 4.486682 15.221199
v -14.146106 -6.483783 16.927185
v -14.146106 4.486682 16.927185
v -14.984788 4.486682 13.226160
v -14.984788 -6.483783 13.226160
v -2.614479 -6.483783 24.688749
v -2.614479 4.486682 24.688749
v -13.349276 4.486682 18.434044
v -9.630375 -6.483783 22.755152
v -9.630375 4.486682 22.755152
v -6.350859 -6.483783 24.570011
v -6.350859 4.486682 24.570011
v -11.680518 4.486682 20.678459
v -11.680517 -6.483783 20.678459
v -15.022745 -6.655435 4.201348
v -15.022745 4.658334 4.201348
v -17.295914 -6.655435 7.569715
v -17.295914 4.658334 7.569715
v -17.764433 -6.655435 9.390238
v -17.764433 4.658334 9.390238
v -16.350206 4.658334 5.803726
v -16.350206 -6.655435 5.803726
v -15.865416 -6.655435 19.722132
v -17.905735 -6.655435 11.374369
v -17.905735 4.658334 11.374369
v -17.461124 -6.655435 15.859647
v -17.461124 4.658334 15.859647
v -16.823364 -6.655435 17.910585
v -16.823364 4.658334 17.910585
v -17.831631 4.658334 13.461210
v -17.831631 -6.655435 13.461210
v -2.960036 -6.655435 27.241541
v -2.960036 4.658334 27.241541
v -15.865416 4.658334 19.722132
v -11.394550 -6.655435 24.916969
v -11.394550 4.658334 24.916969
v -7.451914 -6.655435 27.098795
v -7.451914 4.658334 27.098795
v -13.859234 4.658334 22.420368
v -13.859233 -6.655435 22.420368
v -0.289627 -6.655435 25.798353
v -0.289627 4.658334 25.798353
v -3.177514 -6.483783 16.523891
v -3.177514 4.486682 16.523891
v -0.601697 -6.655435 16.560305
v -0.601697 4.658334 16.560305
vt 0.375000 0.187500
vt 0.375000 0.250000
vt 0.625000 0.250000
vt 0.625000 0.187500
vt 0.375000 0.062500
vt 0.375000 0.125000
vt 0.625000 0.125000
vt 0.625000 0.062500
vt 0.375000 0.000000
vt 0.625000 0.000000
vt 0.375000 0.187500
vt 0.375000 0.250000
vt 0.625000 0.250000
vt 0.625000 0.187500
vt 0.375000 0.062500
vt 0.375000 0.125000
vt 0.625000 0.125000
vt 0.625000 0.062500
vt 0.375000 0.000000
vt 0.625000 0.000000
vt 0.375000 0.187500
vt 0.375000 0.250000
vt 0.625000 0.250000
vt 0.625000 0.187500
vt 0.375000 0.062500
vt 0.375000 0.125000
vt 0.625000 0.125000
vt 0.625000 0.062500
vt 0.375000 0.000000
vt 0.625000 0.000000
vt 0.375000 0.187500
vt 0.625000 0.187500
vt 0.625000 0.250000
vt 0.375000 0.250000
vt 0.375000 0.062500
vt 0.625000 0.062500
vt 0.625000 0.125000
vt 0.375000 0.125000
vt 0.375000 0.000000
vt 0.625000 0.000000
vt 0.375000 0.187500
vt 0.625000 0.187500
vt 0.625000 0.250000
vt 0.375000 0.250000
vt 0.375000 0.062500
vt 0.625000 0.062500
vt 0.625000 0.125000
vt 0.375000 0.125000
vt 0.375000 0.000000
vt 0.625000 0.000000
vt 0.375000 0.187500
vt 0.625000 0.187500
vt 0.625000 0.250000
vt 0.375000 0.250000
vt 0.375000 0.062500
vt 0.625000 0.062500
vt 0.625000 0.125000
vt 0.375000 0.125000
vt 0.375000 0.000000
vt 0.625000 0.000000
vt 0.625000 0.000000
vt 0.625000 0.000000
vt 0.625000 0.000000
vt 0.375000 0.000000
vt 0.375000 0.000000
vt 0.375000 0.000000
vn 0.7701 -0.0000 0.6380
vn 0.9684 0.0000 0.2492
vn 0.9975 -0.0000 0.0710
vn 0.8816 0.0000 0.4721
vn 0.9994 0.0000 -0.0355
vn 0.9549 0.0000 -0.2969
vn 0.8840 -0.0000 -0.4675
vn 0.9883 0.0000 -0.1527
vn 0.8025 0.0000 -0.5967
vn 0.4842 0.0000 -0.8750
vn 0.0318 0.0000 -0.9995
vn 0.7116 0.0000 -0.7025
vn -0.7701 0.0000 -0.6380
vn -0.9684 0.0000 -0.2492
vn -0.9975 0.0000 -0.0710
vn -0.8816 0.0000 -0.4721
vn -0.9994 0.0000 0.0355
vn -0.9549 0.0000 0.2969
vn -0.8840 0.0000 0.4675
vn -0.9883 0.0000 0.1527
vn -0.8025 -0.0000 0.5967
vn -0.4842 0.0000 0.8750
vn -0.0318 0.0000 0.9995
vn -0.7116 0.0000 0.7025
vn 0.0439 -0.9981 -0.0434
vn 0.0542 -0.9981 0.0290
vn 0.0598 -0.9982 0.0043
vn 0.0536 -0.9982 -0.0283
vn 0.0302 0.9981 -0.0546
vn 0.0581 0.9982 0.0149
vn 0.0594 0.9982 -0.0092
vn 0.0598 0.9982 0.0043
vn 0.0600 0.9982 -0.0021
vn 0.0600 -0.9982 -0.0021
vn 0.0302 -0.9981 -0.0546
vn 0.0581 -0.9982 0.0149
vn 0.0536 0.9982 -0.0283
vn 0.0594 -0.9982 -0.0092
vn 0.0021 0.9978 -0.0668
vn 0.0021 -0.9978 -0.0668
vn 0.0493 -0.9981 -0.0367
vn 0.0574 0.9982 -0.0179
vn 0.0542 0.9981 0.0290
vn 0.0494 0.9979 0.0409
vn 0.0439 0.9981 -0.0434
vn 0.0494 -0.9979 0.0409
vn 0.0493 0.9981 -0.0367
vn 0.4866 0.0000 -0.8736
vn 0.0574 -0.9982 -0.0179
vn -0.0707 0.9975 0.0036
vn -0.0391 -0.9966 -0.0723
vn -0.0391 0.9966 -0.0723
vn 0.4754 0.0000 0.8797
vn 0.0141 0.0000 -0.9999
vn -0.9976 0.0000 0.0688
vn -0.0707 -0.9975 0.0036
vn 0.9994 0.0000 -0.0338
usemtl None
s off
f 1120/1829/459 1113/1830/459 1114/1831/459 1119/1832/459
f 1117/1833/460 1115/1834/460 1116/1835/460 1118/1836/460
f 1122/1837/461 1117/1833/461 1118/1836/461 1123/1838/461
f 1115/1834/462 1120/1829/462 1119/1832/462 1116/1835/462
f 1129/1839/463 1122/1840/463 1123/1841/463 1128/1842/463
f 1126/1843/464 1124/1844/464 1125/1845/464 1127/1846/464
f 1121/1847/465 1126/1843/465 1127/1846/465 1132/1848/465
f 1124/1844/466 1129/1839/466 1128/1842/466 1125/1845/466
f 1138/1849/467 1121/1850/467 1132/1851/467 1137/1852/467
f 1135/1853/468 1133/1854/468 1134/1855/468 1136/1856/468
f 1130/1857/469 1135/1853/469 1136/1856/469 1131/1858/469
f 1133/1854/470 1138/1849/470 1137/1852/470 1134/1855/470
f 1146/1859/471 1145/1860/471 1140/1861/471 1139/1862/471
f 1143/1863/472 1144/1864/472 1142/1865/472 1141/1866/472
f 1148/1867/473 1149/1868/473 1144/1864/473 1143/1863/473
f 1141/1866/474 1142/1865/474 1145/1860/474 1146/1859/474
f 1155/1869/475 1154/1870/475 1149/1871/475 1148/1872/475
f 1152/1873/476 1153/1874/476 1151/1875/476 1150/1876/476
f 1147/1877/477 1158/1878/477 1153/1874/477 1152/1873/477
f 1150/1876/478 1151/1875/478 1154/1870/478 1155/1869/478
f 1164/1879/479 1163/1880/479 1158/1881/479 1147/1882/479
f 1161/1883/480 1162/1884/480 1160/1885/480 1159/1886/480
f 1156/1887/481 1157/1888/481 1162/1884/481 1161/1883/481
f 1159/1886/482 1160/1885/482 1163/1880/482 1164/1879/482
f 1138/1849/483 1133/1854/483 1159/1886/483 1164/1879/483
f 1120/1829/484 1115/1834/484 1141/1866/484 1146/1859/484
f 1117/1833/485 1122/1837/485 1148/1867/485 1143/1863/485
f 1126/1843/486 1121/1847/486 1147/1877/486 1152/1873/486
f 1136/1856/487 1134/1855/487 1160/1885/487 1162/1884/487
f 1118/1836/488 1116/1835/488 1142/1865/488 1144/1864/488
f 1125/1845/489 1128/1842/489 1154/1870/489 1151/1875/489
f 1123/1838/490 1118/1836/490 1144/1864/490 1149/1868/490
f 1128/1842/491 1123/1841/491 1149/1871/491 1154/1870/491
f 1122/1840/492 1129/1839/492 1155/1869/492 1148/1872/492
f 1133/1854/493 1135/1853/493 1161/1883/493 1159/1886/493
f 1115/1834/494 1117/1833/494 1143/1863/494 1141/1866/494
f 1132/1848/495 1127/1846/495 1153/1874/495 1158/1878/495
f 1129/1839/496 1124/1844/496 1150/1876/496 1155/1869/496
f 1131/1858/497 1136/1856/497 1162/1884/497 1157/1888/497
f 1135/1853/498 1130/1857/498 1156/1887/498 1161/1883/498
f 1121/1850/499 1138/1849/499 1164/1879/499 1147/1882/499
f 1127/1846/500 1125/1845/500 1151/1875/500 1153/1874/500
f 1116/1835/501 1119/1832/501 1145/1860/501 1142/1865/501
f 1119/1832/502 1114/1831/502 1140/1861/502 1145/1860/502
f 1134/1855/503 1137/1852/503 1163/1880/503 1160/1885/503
f 1113/1830/504 1120/1829/504 1146/1859/504 1139/1862/504
f 1137/1852/505 1132/1851/505 1158/1881/505 1163/1880/505
f 1114/1831/506 1113/1830/506 1139/1862/506 1140/1861/506
f 1124/1844/507 1126/1843/507 1152/1873/507 1150/1876/507
f 1131/1858/508 1166/1889/508 1170/1890/508 1168/1891/508
f 1156/1887/509 1130/1857/509 1165/1892/509
f 1131/1858/510 1157/1888/510 1166/1889/510
f 1157/1888/511 1156/1887/511 1165/1892/511 1166/1889/511
f 1167/1893/512 1168/1891/512 1170/1890/512 1169/1894/512
f 1130/1857/513 1131/1858/513 1168/1891/513 1167/1893/513
f 1165/1892/514 1130/1857/514 1167/1893/514 1169/1894/514
f 1166/1889/515 1165/1892/515 1169/1894/515 1170/1890/515
o Cube.007_Cube.008
v -13.349277 -4.785947 18.434044
v -13.349277 -3.088112 18.434044
v -15.046431 -4.785947 11.490309
v -15.046431 -3.088112 11.490309
v -7.099524 -4.785947 14.883005
v -7.099524 -3.088112 14.883005
v -8.075129 -4.785947 11.467627
v -8.075129 -3.088112 11.467627
v -14.676600 -4.785947 15.221199
v -14.676600 -3.088112 15.221199
v -7.955368 -4.785947 13.403883
v -7.955368 -3.088112 13.403883
v -14.146107 -4.785947 16.927187
v -7.603910 -3.088112 14.101248
v -14.146107 -3.088112 16.927187
v -7.603910 -4.785947 14.101248
v -14.984789 -3.088112 13.226160
v -8.113743 -4.785947 12.429191
v -14.984789 -4.785947 13.226160
v -8.113743 -3.088112 12.429191
vt 0.375000 0.187500
vt 0.625000 0.187500
vt 0.625000 0.250000
vt 0.375000 0.250000
vt 0.625000 0.500000
vt 0.375000 0.500000
vt 0.375000 0.687500
vt 0.625000 0.687500
vt 0.625000 0.750000
vt 0.375000 0.750000
vt 0.625000 1.000000
vt 0.375000 1.000000
vt 0.125000 0.687500
vt 0.125000 0.750000
vt 0.875000 0.687500
vt 0.875000 0.750000
vt 0.625000 0.562500
vt 0.875000 0.562500
vt 0.875000 0.625000
vt 0.625000 0.625000
vt 0.125000 0.562500
vt 0.375000 0.562500
vt 0.375000 0.625000
vt 0.125000 0.625000
vt 0.375000 0.062500
vt 0.625000 0.062500
vt 0.625000 0.125000
vt 0.375000 0.125000
vt 0.375000 0.000000
vt 0.625000 0.000000
vt 0.125000 0.500000
vt 0.875000 0.500000
vn -0.9994 0.0000 0.0355
vn -0.0033 0.0000 -1.0000
vn 0.8403 0.0000 -0.5421
vn 0.4940 0.0000 0.8695
vn 0.0000 -1.0000 0.0000
vn 0.0000 1.0000 0.0000
vn 0.9871 0.0000 -0.1604
vn -0.9549 0.0000 0.2969
vn -0.8840 0.0000 0.4675
vn 0.8930 0.0000 -0.4501
vn 0.9992 0.0000 0.0401
vn -0.9883 0.0000 0.1527
usemtl None
s off
f 1189/1895/516 1187/1896/516 1174/1897/516 1173/1898/516
f 1173/1898/517 1174/1897/517 1178/1899/517 1177/1900/517
f 1186/1901/518 1184/1902/518 1176/1903/518 1175/1904/518
f 1175/1904/519 1176/1903/519 1172/1905/519 1171/1906/519
f 1183/1907/520 1186/1901/520 1175/1904/520 1171/1908/520
f 1184/1902/521 1185/1909/521 1172/1910/521 1176/1903/521
f 1190/1911/521 1187/1912/521 1180/1913/521 1182/1914/521
f 1189/1915/520 1188/1916/520 1181/1917/520 1179/1918/520
f 1188/1916/522 1190/1911/522 1182/1914/522 1181/1917/522
f 1183/1919/523 1185/1920/523 1180/1921/523 1179/1922/523
f 1171/1923/524 1172/1924/524 1185/1920/524 1183/1919/524
f 1182/1914/521 1180/1913/521 1185/1909/521 1184/1902/521
f 1179/1918/520 1181/1917/520 1186/1901/520 1183/1907/520
f 1181/1917/525 1182/1914/525 1184/1902/525 1186/1901/525
f 1177/1900/526 1178/1899/526 1190/1911/526 1188/1916/526
f 1173/1925/520 1177/1900/520 1188/1916/520 1189/1915/520
f 1178/1899/521 1174/1926/521 1187/1912/521 1190/1911/521
f 1179/1922/527 1180/1921/527 1187/1896/527 1189/1895/527
o Cube.008_Cube.009
v -2.614480 -6.483783 24.688751
v -2.614480 -4.785947 24.688751
v -13.349277 -6.483783 18.434046
v -13.349277 -4.785947 18.434046
v -2.933350 -6.483783 17.386158
v -2.933350 -4.785947 17.386158
v -7.253268 -6.483783 14.808572
v -7.253268 -4.785947 14.808572
v -9.630376 -6.483783 22.755154
v -9.630376 -4.785947 22.755154
v -5.059370 -6.483783 16.719040
v -5.059370 -4.785947 16.719040
v -6.350859 -6.483783 24.570013
v -4.081896 -4.785947 17.198662
v -6.350859 -4.785947 24.570013
v -4.081896 -6.483783 17.198662
v -11.680519 -4.785947 20.678461
v -6.333685 -6.483783 15.826002
v -11.680519 -6.483783 20.678461
v -6.333685 -4.785947 15.826002
vt 0.375000 0.187500
vt 0.625000 0.187500
vt 0.625000 0.250000
vt 0.375000 0.250000
vt 0.625000 0.500000
vt 0.375000 0.500000
vt 0.375000 0.687500
vt 0.625000 0.687500
vt 0.625000 0.750000
vt 0.375000 0.750000
vt 0.625000 1.000000
vt 0.375000 1.000000
vt 0.125000 0.687500
vt 0.125000 0.750000
vt 0.875000 0.687500
vt 0.875000 0.750000
vt 0.625000 0.562500
vt 0.875000 0.562500
vt 0.875000 0.625000
vt 0.625000 0.625000
vt 0.125000 0.562500
vt 0.375000 0.562500
vt 0.375000 0.625000
vt 0.125000 0.625000
vt 0.375000 0.062500
vt 0.625000 0.062500
vt 0.625000 0.125000
vt 0.375000 0.125000
vt 0.375000 0.000000
vt 0.625000 0.000000
vt 0.125000 0.500000
vt 0.875000 0.500000
vn -0.8025 0.0000 0.5967
vn -0.5112 0.0000 -0.8595
vn 0.1611 0.0000 -0.9869
vn 0.9990 0.0000 -0.0436
vn 0.0000 -1.0000 0.0000
vn 0.0000 1.0000 0.0000
vn 0.5739 0.0000 -0.8189
vn -0.4842 0.0000 0.8750
vn -0.0318 0.0000 0.9995
vn 0.4405 0.0000 -0.8978
vn 0.7419 0.0000 -0.6705
vn -0.7116 0.0000 0.7025
usemtl None
s off
f 1209/1927/528 1207/1928/528 1194/1929/528 1193/1930/528
f 1193/1930/529 1194/1929/529 1198/1931/529 1197/1932/529
f 1206/1933/530 1204/1934/530 1196/1935/530 1195/1936/530
f 1195/1936/531 1196/1935/531 1192/1937/531 1191/1938/531
f 1203/1939/532 1206/1933/532 1195/1936/532 1191/1940/532
f 1204/1934/533 1205/1941/533 1192/1942/533 1196/1935/533
f 1210/1943/533 1207/1944/533 1200/1945/533 1202/1946/533
f 1209/1947/532 1208/1948/532 1201/1949/532 1199/1950/532
f 1208/1948/534 1210/1943/534 1202/1946/534 1201/1949/534
f 1203/1951/535 1205/1952/535 1200/1953/535 1199/1954/535
f 1191/1955/536 1192/1956/536 1205/1952/536 1203/1951/536
f 1202/1946/533 1200/1945/533 1205/1941/533 1204/1934/533
f 1199/1950/532 1201/1949/532 1206/1933/532 1203/1939/532
f 1201/1949/537 1202/1946/537 1204/1934/537 1206/1933/537
f 1197/1932/538 1198/1931/538 1210/1943/538 1208/1948/538
f 1193/1957/532 1197/1932/532 1208/1948/532 1209/1947/532
f 1198/1931/533 1194/1958/533 1207/1944/533 1210/1943/533
f 1199/1954/539 1200/1953/539 1207/1928/539 1209/1927/539
o Cube.004_Cube.010
v -18.696985 0.327523 7.955221
v -18.696983 6.053456 7.955222
v -19.649696 0.327523 6.322792
v -19.649694 6.053456 6.322792
v -17.325850 0.327523 4.618210
v -17.325848 6.053456 4.618211
v -18.278561 0.327523 2.985781
v -18.278559 6.053456 2.985781
v -21.697195 0.327523 10.525517
v -21.697193 6.053456 10.525518
v -22.649906 0.327523 8.893087
v -22.649904 6.053456 8.893088
v -25.415085 0.327523 12.091570
v -25.415085 6.053456 12.091570
v -25.947113 0.327523 10.277889
v -25.947113 6.053456 10.277891
v -51.380867 0.327523 -16.119617
v -51.380867 6.053456 -16.119617
v -49.969551 0.327523 -15.899180
v -49.969551 6.053456 -15.899184
v -44.843765 6.053456 4.329034
v -45.816299 6.053456 5.437441
v -45.816299 0.327523 5.437441
v -44.843758 0.327523 4.329035
v -49.123470 6.053456 -5.042390
v -50.349163 0.327523 -4.642989
v -50.349163 6.053456 -4.642990
v -49.123466 0.327523 -5.042389
v -37.137833 6.053456 11.116789
v -36.582378 0.327523 9.635641
v -36.582378 6.053456 9.635643
v -37.137833 0.327523 11.116789
v -48.637978 6.053456 0.854489
v -47.538857 0.327523 0.100586
v -47.538864 6.053456 0.100585
v -48.637978 0.327523 0.854489
v -49.827423 6.053456 -10.265927
v -51.145920 0.327523 -10.176443
v -51.145920 6.053456 -10.176445
v -49.827423 0.327523 -10.265925
v -40.995270 6.053456 7.781895
v -41.759262 0.327523 9.076672
v -41.759262 6.053456 9.076672
v -40.995262 0.327523 7.781895
v -31.249241 6.053456 12.148540
v -31.237526 0.327523 10.501126
v -31.237526 6.053456 10.501127
v -31.249241 0.327523 12.148540
vt 0.125000 0.500000
vt 0.125000 0.750000
vt 0.125000 0.750000
vt 0.125000 0.500000
vt 0.375000 0.250000
vt 0.625000 0.250000
vt 0.625000 0.500000
vt 0.375000 0.500000
vt 0.625000 0.750000
vt 0.375000 0.750000
vt 0.625000 1.000000
vt 0.375000 1.000000
vt 0.875000 0.500000
vt 0.875000 0.750000
vt 0.875000 0.750000
vt 0.875000 0.500000
vt 0.875000 0.500000
vt 0.875000 0.750000
vt 0.375000 0.250000
vt 0.625000 0.250000
vt 0.625000 1.000000
vt 0.375000 1.000000
vt 0.875000 1.716580
vt 0.875000 1.433815
vt 0.875000 0.500000
vt 0.875000 0.750000
vt 0.125000 0.750000
vt 0.125000 0.500000
vt 0.375000 0.250000
vt 0.625000 0.250000
vt 0.625000 1.000000
vt 0.375000 1.000000
vt 0.375000 0.000000
vt 0.625000 0.000000
vt 0.625000 0.250000
vt 0.375000 0.250000
vt 0.125000 1.433814
vt 0.125000 1.716578
vt 0.125000 0.750000
vt 0.125000 0.500000
vt 0.625000 0.250000
vt 0.375000 0.250000
vt 0.375000 1.000000
vt 0.625000 1.000000
vt 0.625000 1.000000
vt 0.375000 1.000000
vt 0.375000 1.000000
vt 0.625000 1.000000
vt 0.625000 1.000000
vt 0.375000 1.000000
vt 0.625000 0.250000
vt 0.375000 0.250000
vt 0.375000 0.250000
vt 0.625000 0.250000
vt 0.125000 2.732693
vt 0.125000 3.092597
vt 0.125000 3.314394
vt 0.125000 2.898934
vt 0.875000 3.092601
vt 0.875000 2.732696
vt 0.875000 2.898936
vt 0.875000 3.314398
vt 0.375769 1.000000
vt 0.624231 1.000000
vt 0.625000 1.000000
vt 0.375000 1.000000
vt 0.624827 0.250000
vt 0.375173 0.250000
vt 0.375000 0.250000
vt 0.625000 0.250000
vt 0.125000 2.830165
vt 0.125000 3.196191
vt 0.125000 2.683156
vt 0.125000 2.367627
vt 0.875001 3.196194
vt 0.875000 2.830168
vt 0.875000 2.367630
vt 0.875001 2.683159
vt 0.875000 1.810402
vt 0.875000 1.533227
vt 0.875000 2.566455
vt 0.875001 2.870804
vt 0.125000 1.533226
vt 0.125000 1.810400
vt 0.125000 2.870801
vt 0.125000 2.566453
vt 0.625000 0.250000
vt 0.375000 0.250000
vt 0.375000 0.250000
vt 0.625000 0.250000
vt 0.375000 1.000000
vt 0.625000 1.000000
vt 0.625000 1.000000
vt 0.375000 1.000000
vn 0.0000 -1.0000 0.0000
vn -0.9250 0.0000 -0.3801
vn 0.8637 -0.0000 -0.5041
vn 0.9250 -0.0000 0.3801
vn 0.0000 1.0000 0.0000
vn -0.6506 0.0000 -0.7594
vn 0.6506 -0.0000 0.7594
vn -0.3872 0.0000 -0.9220
vn 0.3882 -0.0000 0.9216
vn 0.1543 -0.0000 -0.9880
vn 0.9997 -0.0000 -0.0252
vn -0.9992 0.0000 0.0395
vn -0.6677 0.0000 0.7444
vn 0.6678 0.0000 -0.7443
vn -0.9548 0.0000 0.2972
vn 0.9557 0.0000 -0.2945
vn 0.1598 0.0000 -0.9871
vn -0.1726 0.0000 0.9850
vn 0.8433 0.0000 -0.5375
vn -0.8515 0.0000 0.5243
vn -0.9898 0.0000 0.1425
vn 0.9910 0.0000 -0.1336
vn 0.3873 0.0000 -0.9220
vn -0.4038 0.0000 0.9148
vn 0.0098 0.0000 1.0000
vn -0.0422 0.0000 -0.9991
usemtl None
s off
f 1213/1959/540 1211/1960/540 1219/1961/540 1221/1962/540
f 1213/1963/541 1214/1964/541 1218/1965/541 1217/1966/541
f 1217/1966/542 1218/1965/542 1216/1967/542 1215/1968/542
f 1215/1968/543 1216/1967/543 1212/1969/543 1211/1970/543
f 1213/1959/540 1217/1966/540 1215/1968/540 1211/1960/540
f 1218/1965/544 1214/1971/544 1212/1972/544 1216/1967/544
f 1220/1973/544 1222/1974/544 1226/1975/544 1224/1976/544
f 1214/1964/545 1213/1963/545 1221/1977/545 1222/1978/545
f 1211/1970/546 1212/1969/546 1220/1979/546 1219/1980/546
f 1212/1972/544 1214/1971/544 1222/1974/544 1220/1973/544
f 1249/1981/544 1247/1982/544 1230/1983/544 1228/1984/544
f 1221/1962/540 1219/1961/540 1223/1985/540 1225/1986/540
f 1222/1978/547 1221/1977/547 1225/1987/547 1226/1988/547
f 1219/1980/548 1220/1979/548 1224/1989/548 1223/1990/548
f 1227/1991/549 1228/1992/549 1230/1993/549 1229/1994/549
f 1250/1995/540 1248/1996/540 1227/1997/540 1229/1998/540
f 1247/1999/550 1250/2000/550 1229/1994/550 1230/1993/550
f 1248/2001/551 1249/2002/551 1228/2003/551 1227/2004/551
f 1252/2005/552 1253/2006/552 1232/2007/552 1233/2008/552
f 1251/2009/553 1254/2010/553 1234/2011/553 1231/2012/553
f 1254/2013/540 1252/2014/540 1233/2015/540 1234/2016/540
f 1253/2017/544 1251/2018/544 1231/2019/544 1232/2020/544
f 1246/2021/554 1243/2022/554 1237/2023/554 1236/2024/554
f 1245/2025/555 1244/2026/555 1238/2027/555 1235/2028/555
f 1244/2029/540 1246/2030/540 1236/2031/540 1238/2032/540
f 1243/2033/544 1245/2034/544 1235/2035/544 1237/2036/544
f 1255/2037/544 1257/2038/544 1241/2039/544 1239/2040/544
f 1256/2041/540 1258/2042/540 1242/2043/540 1240/2044/540
f 1257/2045/556 1256/2046/556 1240/2047/556 1241/2048/556
f 1258/2049/557 1255/2050/557 1239/2051/557 1242/2052/557
f 1232/2020/544 1231/2019/544 1245/2034/544 1243/2033/544
f 1234/2016/540 1233/2015/540 1246/2030/540 1244/2029/540
f 1231/2012/558 1234/2011/558 1244/2026/558 1245/2025/558
f 1233/2008/559 1232/2007/559 1243/2022/559 1246/2021/559
f 1236/2024/560 1237/2023/560 1249/2002/560 1248/2001/560
f 1235/2028/561 1238/2027/561 1250/2000/561 1247/1999/561
f 1238/2032/540 1236/2031/540 1248/1996/540 1250/1995/540
f 1237/2036/544 1235/2035/544 1247/1982/544 1249/1981/544
f 1239/2040/544 1241/2039/544 1251/2018/544 1253/2017/544
f 1240/2044/540 1242/2043/540 1252/2014/540 1254/2013/540
f 1241/2048/562 1240/2047/562 1254/2010/562 1251/2009/562
f 1242/2052/563 1239/2051/563 1253/2006/563 1252/2005/563
f 1223/1990/564 1224/1989/564 1255/2050/564 1258/2049/564
f 1226/1988/565 1225/1987/565 1256/2046/565 1257/2045/565
f 1225/1986/540 1223/1985/540 1258/2042/540 1256/2041/540
f 1224/1976/544 1226/1975/544 1257/2038/544 1255/2037/544
o Cube.005_Cube.011
v -30.972445 0.351041 -36.930710
v -30.972445 12.864767 -36.930710
v -30.003847 0.351041 -35.307655
v -30.003847 12.864767 -35.307655
v -33.447575 0.351041 -35.109043
v -33.447575 12.864767 -35.109043
v -32.478977 0.351041 -33.485989
v -32.478977 12.864767 -33.485989
v -27.566326 0.351041 -39.053303
v -27.566326 12.864767 -39.053303
v -26.597729 0.351041 -37.430248
v -26.597729 12.864767 -37.430248
v -23.667927 0.351041 -40.498787
v -23.667927 12.864767 -40.498787
v -23.118225 0.351041 -38.690388
v -23.118225 12.864767 -38.690388
v -4.135952 0.351041 -20.696676
v -4.135952 12.864767 -20.696676
v -5.187166 0.351041 -22.410242
v -5.187170 12.864767 -22.410240
v -7.511213 12.864767 -35.460842
v -5.593580 12.864767 -36.794182
v -5.593580 0.351041 -36.794182
v -7.511217 0.351041 -35.460842
v -1.586535 12.864767 -29.298698
v 0.761972 0.351041 -29.580433
v 0.761972 12.864767 -29.580433
v -1.586535 0.351041 -29.298698
v -14.327057 12.864767 -40.428864
v -15.163875 0.351041 -37.770744
v -15.163875 12.864767 -37.770744
v -14.327057 0.351041 -40.428864
v -1.237942 12.864767 -32.944473
v -3.251488 0.351041 -31.878502
v -3.251480 12.864767 -31.878500
v -1.237940 0.351041 -32.944473
v -3.024536 12.864767 -25.291691
v -0.611980 0.351041 -24.079359
v -0.611980 12.864767 -24.079359
v -3.024536 0.351041 -25.291691
v -10.804598 12.864767 -37.248158
v -9.489967 0.351041 -39.139439
v -9.489967 12.864767 -39.139439
v -10.804604 0.351041 -37.248158
v -19.206394 12.864767 -41.089550
v -19.084450 0.351041 -38.814999
v -19.084450 12.864767 -38.814999
v -19.206394 0.351041 -41.089550
vt 0.125000 0.500000
vt 0.125000 0.750000
vt 0.125000 0.750000
vt 0.125000 0.500000
vt 0.375000 0.250000
vt 0.625000 0.250000
vt 0.625000 0.500000
vt 0.375000 0.500000
vt 0.625000 0.750000
vt 0.375000 0.750000
vt 0.625000 1.000000
vt 0.375000 1.000000
vt 0.875000 0.500000
vt 0.875000 0.750000
vt 0.875000 0.750000
vt 0.875000 0.500000
vt 0.875000 0.500000
vt 0.875000 0.750000
vt 0.375000 0.250000
vt 0.625000 0.250000
vt 0.625000 1.000000
vt 0.375000 1.000000
vt 0.875000 1.716580
vt 0.875000 1.433815
vt 0.875000 0.500000
vt 0.875000 0.750000
vt 0.125000 0.750000
vt 0.125000 0.500000
vt 0.375000 0.250000
vt 0.625000 0.250000
vt 0.625000 1.000000
vt 0.375000 1.000000
vt 0.375000 0.000000
vt 0.625000 0.000000
vt 0.625000 0.250000
vt 0.375000 0.250000
vt 0.125000 1.433814
vt 0.125000 1.716578
vt 0.125000 0.750000
vt 0.125000 0.500000
vt 0.625000 0.250000
vt 0.375000 0.250000
vt 0.375000 1.000000
vt 0.625000 1.000000
vt 0.625000 1.000000
vt 0.375000 1.000000
vt 0.375000 1.000000
vt 0.625000 1.000000
vt 0.625000 1.000000
vt 0.375000 1.000000
vt 0.625000 0.250000
vt 0.375000 0.250000
vt 0.375000 0.250000
vt 0.625000 0.250000
vt 0.125000 2.732693
vt 0.125000 3.092597
vt 0.125000 3.314394
vt 0.125000 2.898934
vt 0.875000 3.092601
vt 0.875000 2.732696
vt 0.875000 2.898936
vt 0.875000 3.314398
vt 0.375769 1.000000
vt 0.624231 1.000000
vt 0.625000 1.000000
vt 0.375000 1.000000
vt 0.624827 0.250000
vt 0.375173 0.250000
vt 0.375000 0.250000
vt 0.625000 0.250000
vt 0.125000 2.830165
vt 0.125000 3.196191
vt 0.125000 2.683156
vt 0.125000 2.367627
vt 0.875001 3.196194
vt 0.875000 2.830168
vt 0.875000 2.367630
vt 0.875001 2.683159
vt 0.875000 1.810402
vt 0.875000 1.533227
vt 0.875000 2.566455
vt 0.875001 2.870804
vt 0.125000 1.533226
vt 0.125000 1.810400
vt 0.125000 2.870801
vt 0.125000 2.566453
vt 0.625000 0.250000
vt 0.375000 0.250000
vt 0.375000 0.250000
vt 0.625000 0.250000
vt 0.375000 1.000000
vt 0.625000 1.000000
vt 0.625000 1.000000
vt 0.375000 1.000000
vn 0.0000 -1.0000 -0.0000
vn 0.5928 0.0000 0.8054
vn -0.8587 0.0000 0.5125
vn -0.5928 0.0000 -0.8054
vn 0.0000 1.0000 0.0000
vn 0.5289 0.0000 0.8487
vn -0.5289 0.0000 -0.8487
vn 0.3405 0.0000 0.9402
vn -0.3477 0.0000 -0.9376
vn -0.8524 -0.0000 0.5229
vn -0.7998 -0.0000 -0.6003
vn 0.6925 0.0000 0.7214
vn 0.5157 0.0000 -0.8568
vn -0.4770 0.0000 0.8789
vn 0.8596 0.0000 -0.5110
vn -0.8402 0.0000 0.5423
vn -0.2574 0.0000 0.9663
vn 0.1342 0.0000 -0.9910
vn -0.6436 0.0000 0.7653
vn 0.6622 0.0000 -0.7493
vn 0.9702 0.0000 0.2423
vn -0.9412 0.0000 -0.3378
vn -0.1190 0.0000 0.9929
vn 0.2576 0.0000 -0.9663
vn -0.1313 0.0000 -0.9913
vn 0.0309 0.0000 0.9995
usemtl None
s off
f 1261/2053/566 1259/2054/566 1267/2055/566 1269/2056/566
f 1261/2057/567 1262/2058/567 1266/2059/567 1265/2060/567
f 1265/2060/568 1266/2059/568 1264/2061/568 1263/2062/568
f 1263/2062/569 1264/2061/569 1260/2063/569 1259/2064/569
f 1261/2053/566 1265/2060/566 1263/2062/566 1259/2054/566
f 1266/2059/570 1262/2065/570 1260/2066/570 1264/2061/570
f 1268/2067/570 1270/2068/570 1274/2069/570 1272/2070/570
f 1262/2058/571 1261/2057/571 1269/2071/571 1270/2072/571
f 1259/2064/572 1260/2063/572 1268/2073/572 1267/2074/572
f 1260/2066/570 1262/2065/570 1270/2068/570 1268/2067/570
f 1297/2075/570 1295/2076/570 1278/2077/570 1276/2078/570
f 1269/2056/566 1267/2055/566 1271/2079/566 1273/2080/566
f 1270/2072/573 1269/2071/573 1273/2081/573 1274/2082/573
f 1267/2074/574 1268/2073/574 1272/2083/574 1271/2084/574
f 1275/2085/575 1276/2086/575 1278/2087/575 1277/2088/575
f 1298/2089/566 1296/2090/566 1275/2091/566 1277/2092/566
f 1295/2093/576 1298/2094/576 1277/2088/576 1278/2087/576
f 1296/2095/577 1297/2096/577 1276/2097/577 1275/2098/577
f 1300/2099/578 1301/2100/578 1280/2101/578 1281/2102/578
f 1299/2103/579 1302/2104/579 1282/2105/579 1279/2106/579
f 1302/2107/566 1300/2108/566 1281/2109/566 1282/2110/566
f 1301/2111/570 1299/2112/570 1279/2113/570 1280/2114/570
f 1294/2115/580 1291/2116/580 1285/2117/580 1284/2118/580
f 1293/2119/581 1292/2120/581 1286/2121/581 1283/2122/581
f 1292/2123/566 1294/2124/566 1284/2125/566 1286/2126/566
f 1291/2127/570 1293/2128/570 1283/2129/570 1285/2130/570
f 1303/2131/570 1305/2132/570 1289/2133/570 1287/2134/570
f 1304/2135/566 1306/2136/566 1290/2137/566 1288/2138/566
f 1305/2139/582 1304/2140/582 1288/2141/582 1289/2142/582
f 1306/2143/583 1303/2144/583 1287/2145/583 1290/2146/583
f 1280/2114/570 1279/2113/570 1293/2128/570 1291/2127/570
f 1282/2110/566 1281/2109/566 1294/2124/566 1292/2123/566
f 1279/2106/584 1282/2105/584 1292/2120/584 1293/2119/584
f 1281/2102/585 1280/2101/585 1291/2116/585 1294/2115/585
f 1284/2118/586 1285/2117/586 1297/2096/586 1296/2095/586
f 1283/2122/587 1286/2121/587 1298/2094/587 1295/2093/587
f 1286/2126/566 1284/2125/566 1296/2090/566 1298/2089/566
f 1285/2130/570 1283/2129/570 1295/2076/570 1297/2075/570
f 1287/2134/570 1289/2133/570 1299/2112/570 1301/2111/570
f 1288/2138/566 1290/2137/566 1300/2108/566 1302/2107/566
f 1289/2142/588 1288/2141/588 1302/2104/588 1299/2103/588
f 1290/2146/589 1287/2145/589 1301/2100/589 1300/2099/589
f 1271/2084/590 1272/2083/590 1303/2144/590 1306/2143/590
f 1274/2082/591 1273/2081/591 1304/2140/591 1305/2139/591
f 1273/2080/566 1271/2079/566 1306/2136/566 1304/2135/566
f 1272/2070/570 1274/2069/570 1305/2132/570 1303/2131/570
o Cube.009_Cube.012
v -47.272362 0.351040 -20.740585
v -47.272362 6.053455 -20.740585
v -48.361084 0.351040 -22.644794
v -48.361084 6.053455 -22.644794
v -40.387249 0.351040 -25.884794
v -40.387249 6.053455 -25.884794
v -41.258224 0.351040 -27.598478
v -41.258224 6.053455 -27.598478
v -45.476494 0.351040 -25.788479
v -45.476494 6.053455 -25.788479
v -44.401382 0.351040 -24.129230
v -44.401382 6.053455 -24.129230
v -43.639542 6.053455 -27.074532
v -42.666496 0.351040 -25.442501
v -43.639542 0.351040 -27.074532
v -42.666496 6.053455 -25.442501
v -47.041271 0.351040 -24.257463
v -45.864090 6.053455 -22.707088
v -47.041271 6.053455 -24.257463
v -45.864090 0.351040 -22.707088
vt 0.375000 0.000000
vt 0.625000 0.000000
vt 0.625000 0.250000
vt 0.375000 0.250000
vt 0.375000 0.437500
vt 0.625000 0.437500
vt 0.625000 0.500000
vt 0.375000 0.500000
vt 0.625000 0.750000
vt 0.375000 0.750000
vt 0.375000 0.937500
vt 0.625000 0.937500
vt 0.625000 1.000000
vt 0.375000 1.000000
vt 0.312500 0.500000
vt 0.312500 0.750000
vt 0.812500 0.500000
vt 0.875000 0.500000
vt 0.875000 0.750000
vt 0.812500 0.750000
vt 0.687500 0.500000
vt 0.750000 0.500000
vt 0.750000 0.750000
vt 0.687500 0.750000
vt 0.187500 0.500000
vt 0.250000 0.500000
vt 0.250000 0.750000
vt 0.187500 0.750000
vt 0.375000 0.812500
vt 0.625000 0.812500
vt 0.625000 0.875000
vt 0.375000 0.875000
vt 0.375000 0.312500
vt 0.625000 0.312500
vt 0.625000 0.375000
vt 0.375000 0.375000
vt 0.125000 0.500000
vt 0.125000 0.750000
vn -0.8681 0.0000 0.4963
vn -0.2149 0.0000 -0.9766
vn 0.8915 0.0000 -0.4531
vn 0.8130 0.0000 0.5822
vn 0.0000 -1.0000 -0.0000
vn 0.0000 1.0000 0.0000
vn 0.6036 0.0000 0.7973
vn -0.6994 0.0000 -0.7148
vn 0.1905 0.0000 0.9817
vn -0.5735 0.0000 -0.8192
vn -0.7739 0.0000 -0.6333
vn 0.6971 0.0000 0.7170
usemtl None
s off
f 1307/2147/592 1308/2148/592 1310/2149/592 1309/2150/592
f 1321/2151/593 1319/2152/593 1314/2153/593 1313/2154/593
f 1313/2154/594 1314/2153/594 1312/2155/594 1311/2156/594
f 1326/2157/595 1324/2158/595 1308/2159/595 1307/2160/595
f 1321/2161/596 1313/2154/596 1311/2156/596 1320/2162/596
f 1325/2163/597 1310/2164/597 1308/2165/597 1324/2166/597
f 1319/2167/597 1316/2168/597 1318/2169/597 1322/2170/597
f 1323/2171/596 1315/2172/596 1317/2173/596 1326/2174/596
f 1320/2175/598 1322/2176/598 1318/2177/598 1317/2178/598
f 1323/2179/599 1325/2180/599 1316/2181/599 1315/2182/599
f 1311/2156/600 1312/2155/600 1322/2176/600 1320/2175/600
f 1314/2153/597 1319/2167/597 1322/2170/597 1312/2155/597
f 1315/2172/596 1321/2161/596 1320/2162/596 1317/2173/596
f 1315/2182/601 1316/2181/601 1319/2152/601 1321/2151/601
f 1309/2150/602 1310/2149/602 1325/2180/602 1323/2179/602
f 1309/2183/596 1323/2171/596 1326/2174/596 1307/2184/596
f 1316/2168/597 1325/2163/597 1324/2166/597 1318/2169/597
f 1317/2178/603 1318/2177/603 1324/2158/603 1326/2157/603
o Cylinder.012
v 19.123825 2.049683 -3.480157
v 19.123825 12.297338 -3.480157
v 23.146879 2.049683 -3.498686
v 23.146879 12.297338 -3.498686
v 24.407692 2.049683 0.321741
v 24.407692 12.297338 0.321741
v 21.163864 2.049683 2.701423
v 21.163864 12.297338 2.701423
v 17.898254 2.049683 0.351721
v 17.898254 12.297338 0.351721
vt 1.000000 0.500000
vt 1.000000 1.000000
vt 0.800000 1.000000
vt 0.800000 0.500000
vt 0.600000 1.000000
vt 0.600000 0.500000
vt 0.400000 1.000000
vt 0.400000 0.500000
vt 0.478254 0.324164
vt 0.250000 0.490000
vt 0.021746 0.324164
vt 0.108932 0.055836
vt 0.391068 0.055836
vt 0.200000 1.000000
vt 0.200000 0.500000
vt 0.000000 1.000000
vt 0.000000 0.500000
vt 0.750000 0.490000
vt 0.978254 0.324164
vt 0.891068 0.055836
vt 0.608932 0.055836
vt 0.521746 0.324164
vn -0.0046 0.0000 -1.0000
vn 0.9496 0.0000 -0.3134
vn 0.5915 0.0000 0.8063
vn 0.0000 1.0000 0.0000
vn -0.5841 0.0000 0.8117
vn -0.9525 0.0000 -0.3046
vn 0.0000 -1.0000 0.0000
usemtl None
s off
f 1327/2185/604 1328/2186/604 1330/2187/604 1329/2188/604
f 1329/2188/605 1330/2187/605 1332/2189/605 1331/2190/605
f 1331/2190/606 1332/2189/606 1334/2191/606 1333/2192/606
f 1330/2193/607 1328/2194/607 1336/2195/607 1334/2196/607 1332/2197/607
f 1333/2192/608 1334/2191/608 1336/2198/608 1335/2199/608
f 1335/2199/609 1336/2198/609 1328/2200/609 1327/2201/609
f 1327/2202/610 1329/2203/610 1331/2204/610 1333/2205/610 1335/2206/610
o Cylinder.013
v 21.157091 2.049683 -11.883841
v 21.157091 12.297338 -11.883841
v 24.405622 2.049683 -9.510584
v 24.405622 12.297338 -9.510584
v 23.152374 2.049683 -5.687669
v 23.152374 12.297338 -5.687669
v 19.129290 2.049683 -5.698235
v 19.129290 12.297338 -5.698235
v 17.896137 2.049683 -9.527679
v 17.896137 12.297338 -9.527679
vt 1.000000 0.500000
vt 1.000000 1.000000
vt 0.800000 1.000000
vt 0.800000 0.500000
vt 0.600000 1.000000
vt 0.600000 0.500000
vt 0.400000 1.000000
vt 0.400000 0.500000
vt 0.478254 0.324164
vt 0.250000 0.490000
vt 0.021746 0.324164
vt 0.108932 0.055836
vt 0.391068 0.055836
vt 0.200000 1.000000
vt 0.200000 0.500000
vt 0.000000 1.000000
vt 0.000000 0.500000
vt 0.750000 0.490000
vt 0.978254 0.324164
vt 0.891068 0.055836
vt 0.608932 0.055836
vt 0.521746 0.324164
vn 0.5899 0.0000 -0.8075
vn 0.9502 0.0000 0.3115
vn -0.0026 0.0000 1.0000
vn 0.0000 1.0000 0.0000
vn -0.9519 0.0000 0.3065
vn -0.5857 0.0000 -0.8106
vn 0.0000 -1.0000 0.0000
usemtl None
s off
f 1337/2207/611 1338/2208/611 1340/2209/611 1339/2210/611
f 1339/2210/612 1340/2209/612 1342/2211/612 1341/2212/612
f 1341/2212/613 1342/2211/613 1344/2213/613 1343/2214/613
f 1340/2215/614 1338/2216/614 1346/2217/614 1344/2218/614 1342/2219/614
f 1343/2214/615 1344/2213/615 1346/2220/615 1345/2221/615
f 1345/2221/616 1346/2220/616 1338/2222/616 1337/2223/616
f 1337/2224/617 1339/2225/617 1341/2226/617 1343/2227/617 1345/2228/617
o Cylinder.014
v 15.855293 2.247882 -32.477909
v 15.855293 6.320156 -32.477909
v 16.994310 2.247882 -32.365723
v 16.994310 6.320156 -32.365723
v 18.089556 2.247882 -32.033485
v 18.089556 6.320156 -32.033485
v 19.098938 2.247882 -31.493959
v 19.098938 6.320156 -31.493959
v 19.983669 2.247882 -30.767878
v 19.983669 6.320156 -30.767878
v 20.709751 2.247882 -29.883146
v 20.709751 6.320156 -29.883146
v 21.249277 2.247882 -28.873762
v 21.249277 6.320156 -28.873762
v 21.581516 2.247882 -27.778519
v 21.581516 6.320156 -27.778519
v 21.693699 2.247882 -26.639502
v 21.693699 6.320156 -26.639502
v 21.581516 2.247882 -25.500484
v 21.581516 6.320156 -25.500484
v 21.249277 2.247882 -24.405241
v 21.249277 6.320156 -24.405241
v 20.709751 2.247882 -23.395857
v 20.709751 6.320156 -23.395857
v 19.983669 2.247882 -22.511126
v 19.983669 6.320156 -22.511126
v 19.098938 2.247882 -21.785044
v 19.098938 6.320156 -21.785044
v 18.089556 2.247882 -21.245518
v 18.089556 6.320156 -21.245518
v 16.994310 2.247882 -20.913279
v 16.994310 6.320156 -20.913279
v 15.855293 2.247882 -20.801096
v 15.855293 6.320156 -20.801096
v 14.716277 2.247882 -20.913279
v 14.716277 6.320156 -20.913279
v 13.621033 2.247882 -21.245518
v 13.621033 6.320156 -21.245518
v 12.611649 2.247882 -21.785046
v 12.611649 6.320156 -21.785046
v 11.726917 2.247882 -22.511124
v 11.726917 6.320156 -22.511124
v 11.000837 2.247882 -23.395855
v 11.000837 6.320156 -23.395855
v 10.461309 2.247882 -24.405239
v 10.461309 6.320156 -24.405239
v 10.129071 2.247882 -25.500484
v 10.129071 6.320156 -25.500484
v 10.016888 2.247882 -26.639502
v 10.016888 6.320156 -26.639502
v 10.129071 2.247882 -27.778519
v 10.129071 6.320156 -27.778519
v 10.461310 2.247882 -28.873764
v 10.461310 6.320156 -28.873764
v 11.000835 2.247882 -29.883144
v 11.000835 6.320156 -29.883144
v 11.726916 2.247882 -30.767878
v 11.726916 6.320156 -30.767878
v 12.611649 2.247882 -31.493959
v 12.611649 6.320156 -31.493959
v 13.621033 2.247882 -32.033485
v 13.621033 6.320156 -32.033485
v 14.716278 2.247882 -32.365723
v 14.716278 6.320156 -32.365723
v 16.348480 2.247882 -18.005228
v 13.803200 2.247882 -16.733828
v 11.210962 2.247882 -17.610428
v 13.621033 4.284019 -21.245518
v 10.405714 2.247882 -20.350079
v 14.716277 4.284019 -20.913279
v 15.855293 4.284019 -32.477909
v 16.994310 4.284019 -32.365723
v 18.089556 4.284019 -32.033485
v 19.098938 4.284019 -31.493959
v 19.983669 4.284019 -30.767878
v 20.709751 4.284019 -29.883146
v 21.249277 4.284019 -28.873762
v 21.581516 4.284019 -27.778519
v 21.693699 4.284019 -26.639502
v 21.581516 4.284019 -25.500484
v 21.249277 4.284019 -24.405241
v 20.709751 4.284019 -23.395857
v 19.983669 4.284019 -22.511126
v 19.098938 4.284019 -21.785044
v 18.089556 4.284019 -21.245518
v 16.994310 4.284019 -20.913279
v 15.855293 4.284019 -20.801096
v 12.611649 4.284019 -21.785046
v 11.726917 4.284019 -22.511124
v 11.000837 4.284019 -23.395855
v 10.461309 4.284019 -24.405239
v 10.129071 4.284019 -25.500484
v 10.016888 4.284019 -26.639502
v 10.129071 4.284019 -27.778519
v 10.461310 4.284019 -28.873764
v 11.000835 4.284019 -29.883144
v 11.726916 4.284019 -30.767878
v 12.611649 4.284019 -31.493959
v 13.621033 4.284019 -32.033485
v 14.716278 4.284019 -32.365723
v 16.348480 4.284019 -18.005228
v 13.803200 4.284019 -16.733828
v 11.210962 4.284019 -17.610428
v 10.405714 4.284019 -20.350079
vt 1.000000 0.750000
vt 1.000000 1.000000
vt 0.968750 1.000000
vt 0.968750 0.750000
vt 0.937500 1.000000
vt 0.937500 0.750000
vt 0.906250 1.000000
vt 0.906250 0.750000
vt 0.875000 1.000000
vt 0.875000 0.750000
vt 0.843750 1.000000
vt 0.843750 0.750000
vt 0.812500 1.000000
vt 0.812500 0.750000
vt 0.781250 1.000000
vt 0.781250 0.750000
vt 0.750000 1.000000
vt 0.750000 0.750000
vt 0.718750 1.000000
vt 0.718750 0.750000
vt 0.687500 1.000000
vt 0.687500 0.750000
vt 0.656250 1.000000
vt 0.656250 0.750000
vt 0.625000 1.000000
vt 0.625000 0.750000
vt 0.593750 1.000000
vt 0.593750 0.750000
vt 0.562500 1.000000
vt 0.562500 0.750000
vt 0.531250 1.000000
vt 0.531250 0.750000
vt 0.500000 1.000000
vt 0.500000 0.750000
vt 0.616663 0.050447
vt 0.658156 0.028269
vt 0.658156 0.028269
vt 0.616663 0.050447
vt 0.406250 0.750000
vt 0.406250 0.500000
vt 0.406250 0.500000
vt 0.406250 0.750000
vt 0.406250 1.000000
vt 0.375000 1.000000
vt 0.375000 0.750000
vt 0.343750 1.000000
vt 0.343750 0.750000
vt 0.312500 1.000000
vt 0.312500 0.750000
vt 0.281250 1.000000
vt 0.281250 0.750000
vt 0.250000 1.000000
vt 0.250000 0.750000
vt 0.218750 1.000000
vt 0.218750 0.750000
vt 0.187500 1.000000
vt 0.187500 0.750000
vt 0.156250 1.000000
vt 0.156250 0.750000
vt 0.125000 1.000000
vt 0.125000 0.750000
vt 0.093750 1.000000
vt 0.093750 0.750000
vt 0.062500 1.000000
vt 0.062500 0.750000
vt 0.296822 0.485388
vt 0.250000 0.490000
vt 0.203178 0.485388
vt 0.158156 0.471731
vt 0.116663 0.449553
vt 0.080294 0.419706
vt 0.050447 0.383337
vt 0.028269 0.341844
vt 0.014612 0.296822
vt 0.010000 0.250000
vt 0.014612 0.203178
vt 0.028269 0.158156
vt 0.050447 0.116663
vt 0.080294 0.080294
vt 0.116663 0.050447
vt 0.158156 0.028269
vt 0.203178 0.014612
vt 0.250000 0.010000
vt 0.296822 0.014612
vt 0.341844 0.028269
vt 0.383337 0.050447
vt 0.419706 0.080294
vt 0.449553 0.116663
vt 0.471731 0.158156
vt 0.485388 0.203178
vt 0.490000 0.250000
vt 0.485388 0.296822
vt 0.471731 0.341844
vt 0.449553 0.383337
vt 0.419706 0.419706
vt 0.383337 0.449553
vt 0.341844 0.471731
vt 0.031250 1.000000
vt 0.031250 0.750000
vt 0.000000 1.000000
vt 0.000000 0.750000
vt 0.750000 0.490000
vt 0.796822 0.485388
vt 0.841844 0.471731
vt 0.883337 0.449553
vt 0.919706 0.419706
vt 0.949553 0.383337
vt 0.971731 0.341844
vt 0.985388 0.296822
vt 0.990000 0.250000
vt 0.985388 0.203178
vt 0.971731 0.158156
vt 0.949553 0.116663
vt 0.919706 0.080294
vt 0.883337 0.050447
vt 0.841844 0.028269
vt 0.796822 0.014612
vt 0.750000 0.010000
vt 0.703178 0.014612
vt 0.580294 0.080294
vt 0.550447 0.116663
vt 0.528269 0.158156
vt 0.514612 0.203178
vt 0.510000 0.250000
vt 0.514612 0.296822
vt 0.528269 0.341844
vt 0.550447 0.383337
vt 0.580294 0.419706
vt 0.616663 0.449553
vt 0.658156 0.471731
vt 0.703178 0.485388
vt 0.750000 0.010000
vt 0.703178 0.014612
vt 0.203178 0.014612
vt 0.500000 0.500000
vt 0.500000 0.750000
vt 0.500000 0.500000
vt 0.437500 0.500000
vt 0.437500 0.750000
vt 0.468750 0.500000
vt 0.468750 0.750000
vt 0.031250 0.500000
vt 0.000000 0.500000
vt 0.062500 0.500000
vt 0.093750 0.500000
vt 0.125000 0.500000
vt 0.156250 0.500000
vt 0.187500 0.500000
vt 0.218750 0.500000
vt 0.250000 0.500000
vt 0.281250 0.500000
vt 0.312500 0.500000
vt 0.343750 0.500000
vt 0.375000 0.500000
vt 0.158156 0.028269
vt 0.531250 0.500000
vt 0.562500 0.500000
vt 0.593750 0.500000
vt 0.625000 0.500000
vt 0.656250 0.500000
vt 0.687500 0.500000
vt 0.718750 0.500000
vt 0.750000 0.500000
vt 0.781250 0.500000
vt 0.812500 0.500000
vt 0.843750 0.500000
vt 0.875000 0.500000
vt 0.906250 0.500000
vt 0.937500 0.500000
vt 0.968750 0.500000
vt 1.000000 0.500000
vn 0.0980 0.0000 -0.9952
vn 0.2903 0.0000 -0.9569
vn 0.4714 0.0000 -0.8819
vn 0.6344 0.0000 -0.7730
vn 0.7730 0.0000 -0.6344
vn 0.8819 0.0000 -0.4714
vn 0.9569 0.0000 -0.2903
vn 0.9952 0.0000 -0.0980
vn 0.9952 0.0000 0.0980
vn 0.9569 0.0000 0.2903
vn 0.8819 0.0000 0.4714
vn 0.7730 0.0000 0.6344
vn 0.6344 0.0000 0.7730
vn 0.4714 0.0000 0.8819
vn 0.2903 0.0000 0.9569
vn 0.0980 0.0000 0.9952
vn 0.0000 -1.0000 -0.0000
vn -0.5453 0.0000 -0.8383
vn -0.6344 0.0000 0.7730
vn -0.7730 0.0000 0.6344
vn -0.8819 0.0000 0.4714
vn -0.9569 0.0000 0.2903
vn -0.9952 0.0000 0.0980
vn -0.9952 0.0000 -0.0980
vn -0.9569 0.0000 -0.2903
vn -0.8819 0.0000 -0.4714
vn -0.7730 0.0000 -0.6344
vn -0.6344 0.0000 -0.7730
vn -0.4714 0.0000 -0.8819
vn 0.0000 1.0000 -0.0000
vn -0.2903 0.0000 -0.9569
vn -0.0980 0.0000 -0.9952
vn -0.0980 0.0000 0.9952
vn 0.9848 0.0000 -0.1737
vn -0.9594 0.0000 0.2820
vn -0.3203 0.0000 0.9473
vn 0.4469 0.0000 0.8946
vn -0.2903 0.0000 0.9569
vn -0.4714 0.0000 0.8819
usemtl None
s off
f 1417/2229/618 1348/2230/618 1350/2231/618 1418/2232/618
f 1418/2232/619 1350/2231/619 1352/2233/619 1419/2234/619
f 1419/2234/620 1352/2233/620 1354/2235/620 1420/2236/620
f 1420/2236/621 1354/2235/621 1356/2237/621 1421/2238/621
f 1421/2238/622 1356/2237/622 1358/2239/622 1422/2240/622
f 1422/2240/623 1358/2239/623 1360/2241/623 1423/2242/623
f 1423/2242/624 1360/2241/624 1362/2243/624 1424/2244/624
f 1424/2244/625 1362/2243/625 1364/2245/625 1425/2246/625
f 1425/2246/626 1364/2245/626 1366/2247/626 1426/2248/626
f 1426/2248/627 1366/2247/627 1368/2249/627 1427/2250/627
f 1427/2250/628 1368/2249/628 1370/2251/628 1428/2252/628
f 1428/2252/629 1370/2251/629 1372/2253/629 1429/2254/629
f 1429/2254/630 1372/2253/630 1374/2255/630 1430/2256/630
f 1430/2256/631 1374/2255/631 1376/2257/631 1431/2258/631
f 1431/2258/632 1376/2257/632 1378/2259/632 1432/2260/632
f 1432/2260/633 1378/2259/633 1380/2261/633 1433/2262/633
f 1385/2263/634 1383/2264/634 1413/2265/634 1415/2266/634
f 1434/2267/635 1385/2268/635 1415/2269/635 1450/2270/635
f 1434/2267/636 1386/2271/636 1388/2272/636 1435/2273/636
f 1435/2273/637 1388/2272/637 1390/2274/637 1436/2275/637
f 1436/2275/638 1390/2274/638 1392/2276/638 1437/2277/638
f 1437/2277/639 1392/2276/639 1394/2278/639 1438/2279/639
f 1438/2279/640 1394/2278/640 1396/2280/640 1439/2281/640
f 1439/2281/641 1396/2280/641 1398/2282/641 1440/2283/641
f 1440/2283/642 1398/2282/642 1400/2284/642 1441/2285/642
f 1441/2285/643 1400/2284/643 1402/2286/643 1442/2287/643
f 1442/2287/644 1402/2286/644 1404/2288/644 1443/2289/644
f 1443/2289/645 1404/2288/645 1406/2290/645 1444/2291/645
f 1444/2291/646 1406/2290/646 1408/2292/646 1445/2293/646
f 1350/2294/647 1348/2295/647 1410/2296/647 1408/2297/647 1406/2298/647 1404/2299/647 1402/2300/647 1400/2301/647 1398/2302/647 1396/2303/647 1394/2304/647 1392/2305/647 1390/2306/647 1388/2307/647 1386/2308/647 1384/2309/647 1382/2310/647 1380/2311/647 1378/2312/647 1376/2313/647 1374/2314/647 1372/2315/647 1370/2316/647 1368/2317/647 1366/2318/647 1364/2319/647 1362/2320/647 1360/2321/647 1358/2322/647 1356/2323/647 1354/2324/647 1352/2325/647
f 1445/2293/648 1408/2292/648 1410/2326/648 1446/2327/648
f 1446/2327/649 1410/2326/649 1348/2328/649 1417/2329/649
f 1347/2330/634 1349/2331/634 1351/2332/634 1353/2333/634 1355/2334/634 1357/2335/634 1359/2336/634 1361/2337/634 1363/2338/634 1365/2339/634 1367/2340/634 1369/2341/634 1371/2342/634 1373/2343/634 1375/2344/634 1377/2345/634 1379/2346/634 1381/2347/634 1383/2264/634 1385/2263/634 1387/2348/634 1389/2349/634 1391/2350/634 1393/2351/634 1395/2352/634 1397/2353/634 1399/2354/634 1401/2355/634 1403/2356/634 1405/2357/634 1407/2358/634 1409/2359/634
f 1381/2347/634 1379/2346/634 1411/2360/634 1412/2361/634
f 1383/2264/634 1381/2347/634 1412/2361/634 1413/2265/634
f 1382/2310/650 1416/2362/650 1433/2262/650 1380/2261/650
f 1379/2363/651 1433/2262/651 1447/2364/651 1411/2365/651
f 1413/2366/652 1449/2367/652 1450/2270/652 1415/2269/652
f 1412/2368/653 1448/2369/653 1449/2367/653 1413/2366/653
f 1411/2365/654 1447/2364/654 1448/2369/654 1412/2368/654
f 1409/2370/649 1446/2327/649 1417/2329/649 1347/2371/649
f 1407/2372/648 1445/2293/648 1446/2327/648 1409/2370/648
f 1405/2373/646 1444/2291/646 1445/2293/646 1407/2372/646
f 1403/2374/645 1443/2289/645 1444/2291/645 1405/2373/645
f 1401/2375/644 1442/2287/644 1443/2289/644 1403/2374/644
f 1399/2376/643 1441/2285/643 1442/2287/643 1401/2375/643
f 1397/2377/642 1440/2283/642 1441/2285/642 1399/2376/642
f 1395/2378/641 1439/2281/641 1440/2283/641 1397/2377/641
f 1393/2379/640 1438/2279/640 1439/2281/640 1395/2378/640
f 1391/2380/639 1437/2277/639 1438/2279/639 1393/2379/639
f 1389/2381/638 1436/2275/638 1437/2277/638 1391/2380/638
f 1387/2382/637 1435/2273/637 1436/2275/637 1389/2381/637
f 1385/2268/636 1434/2267/636 1435/2273/636 1387/2382/636
f 1382/2310/655 1384/2309/655 1414/2383/655 1416/2362/655
f 1377/2384/633 1432/2260/633 1433/2262/633 1379/2363/633
f 1375/2385/632 1431/2258/632 1432/2260/632 1377/2384/632
f 1373/2386/631 1430/2256/631 1431/2258/631 1375/2385/631
f 1371/2387/630 1429/2254/630 1430/2256/630 1373/2386/630
f 1369/2388/629 1428/2252/629 1429/2254/629 1371/2387/629
f 1367/2389/628 1427/2250/628 1428/2252/628 1369/2388/628
f 1365/2390/627 1426/2248/627 1427/2250/627 1367/2389/627
f 1363/2391/626 1425/2246/626 1426/2248/626 1365/2390/626
f 1361/2392/625 1424/2244/625 1425/2246/625 1363/2391/625
f 1359/2393/624 1423/2242/624 1424/2244/624 1361/2392/624
f 1357/2394/623 1422/2240/623 1423/2242/623 1359/2393/623
f 1355/2395/622 1421/2238/622 1422/2240/622 1357/2394/622
f 1353/2396/621 1420/2236/621 1421/2238/621 1355/2395/621
f 1351/2397/620 1419/2234/620 1420/2236/620 1353/2396/620
f 1349/2398/619 1418/2232/619 1419/2234/619 1351/2397/619
f 1347/2399/618 1417/2229/618 1418/2232/618 1349/2398/618
f 1384/2309/656 1386/2271/656 1434/2267/656 1414/2383/656
f 1414/2383/647 1449/2367/647 1448/2369/647 1416/2362/647
f 1416/2362/647 1448/2369/647 1447/2364/647 1433/2262/647
f 1449/2367/647 1414/2383/647 1434/2267/647 1450/2270/647
o Cylinder.015
v 49.579472 -0.885695 -2.274192
v 49.579472 11.170673 0.483356
v 51.266289 -0.885695 -2.108056
v 50.728317 11.170673 0.596506
v 52.888283 -0.885695 -1.616029
v 51.833015 11.170673 0.931613
v 54.383121 -0.885695 -0.817021
v 52.851112 11.170673 1.475796
v 55.693359 -0.885695 0.258263
v 53.743477 11.170673 2.208143
v 56.768642 -0.885695 1.568500
v 54.475826 11.170673 3.100511
v 57.567650 -0.885695 3.063339
v 55.020008 11.170673 4.118607
v 58.059677 -0.885695 4.685333
v 55.355114 11.170673 5.223305
v 58.225815 -0.885695 6.372152
v 55.468269 11.170673 6.372152
v 58.059677 -0.885695 8.058969
v 55.355114 11.170673 7.520998
v 57.567650 -0.885695 9.680964
v 55.020008 11.170673 8.625696
v 56.768642 -0.885695 11.175802
v 54.475826 11.170673 9.643791
v 55.693359 -0.885695 12.486040
v 53.743477 11.170673 10.536160
v 54.383121 -0.885695 13.561325
v 52.851109 11.170673 11.268508
v 52.888283 -0.885695 14.360332
v 51.833015 11.170673 11.812690
v 51.266289 -0.885695 14.852359
v 50.728317 11.170673 12.147797
v 49.579468 -0.885695 15.018497
v 49.579468 11.170673 12.260949
v 47.892654 -0.885695 14.852359
v 48.430626 11.170673 12.147797
v 46.270657 -0.885695 14.360332
v 47.325924 11.170673 11.812690
v 44.775818 -0.885695 13.561323
v 46.307831 11.170673 11.268507
v 43.465584 -0.885695 12.486041
v 45.415462 11.170673 10.536160
v 42.390301 -0.885695 11.175804
v 44.683117 11.170673 9.643793
v 41.591290 -0.885695 9.680965
v 44.138931 11.170673 8.625697
v 41.099262 -0.885695 8.058970
v 43.803825 11.170673 7.521000
v 40.933128 -0.885695 6.372151
v 43.690674 11.170673 6.372151
v 41.099262 -0.885695 4.685333
v 43.803825 11.170673 5.223304
v 41.591290 -0.885695 3.063338
v 44.138931 11.170673 4.118606
v 42.390297 -0.885695 1.568501
v 43.465580 -0.885695 0.258264
v 45.415462 11.170673 2.208143
v 44.775818 -0.885695 -0.817021
v 46.307831 11.170673 1.475796
v 46.270657 -0.885695 -1.616029
v 47.325924 11.170673 0.931613
v 47.892654 -0.885695 -2.108056
v 48.430622 11.170673 0.596507
v 51.266289 11.170673 -2.108056
v 49.579472 11.170673 -2.274192
v 52.888283 11.170673 -1.616029
v 54.383121 11.170673 -0.817021
v 55.693359 11.170673 0.258263
v 56.768642 11.170673 1.568500
v 57.567650 11.170673 3.063339
v 58.059677 11.170673 4.685333
v 58.225815 11.170673 6.372152
v 58.059677 11.170673 8.058969
v 57.567650 11.170673 9.680964
v 56.768642 11.170673 11.175802
v 55.693359 11.170673 12.486040
v 54.383121 11.170673 13.561325
v 52.888283 11.170673 14.360332
v 51.266289 11.170673 14.852359
v 49.579468 11.170673 15.018497
v 47.892654 11.170673 14.852359
v 46.270657 11.170673 14.360332
v 44.775818 11.170673 13.561323
v 43.465584 11.170673 12.486041
v 42.390301 11.170673 11.175804
v 41.591290 11.170673 9.680965
v 41.099262 11.170673 8.058970
v 40.933128 11.170673 6.372151
v 41.099262 11.170673 4.685333
v 41.591290 11.170673 3.063338
v 43.465580 11.170673 0.258264
v 44.775818 11.170673 -0.817021
v 46.270657 11.170673 -1.616029
v 47.892654 11.170673 -2.108056
v 50.728317 5.494000 0.596506
v 49.579472 5.494000 0.483356
v 51.833015 5.494000 0.931613
v 52.851109 5.494000 1.475796
v 53.743477 5.494000 2.208143
v 54.475826 5.494000 3.100511
v 55.020008 5.494000 4.118607
v 55.355114 5.494000 5.223305
v 55.468269 5.494000 6.372152
v 55.355114 5.494000 7.520998
v 55.020008 5.494000 8.625696
v 54.475826 5.494000 9.643791
v 53.743477 5.494000 10.536160
v 52.851109 5.494000 11.268508
v 51.833015 5.494000 11.812690
v 50.728317 5.494000 12.147797
v 49.579468 5.494000 12.260949
v 48.430622 5.494000 12.147797
v 47.325924 5.494000 11.812690
v 46.307827 5.494000 11.268507
v 45.415462 5.494000 10.536160
v 44.683117 5.494000 9.643793
v 44.138931 5.494000 8.625697
v 43.803825 5.494000 7.521000
v 43.690674 5.494000 6.372151
v 43.803825 5.494000 5.223304
v 44.138931 5.494000 4.118606
v 44.683113 5.494000 3.100512
v 45.415462 5.494000 2.208143
v 46.307831 5.494000 1.475796
v 47.325924 5.494000 0.931613
v 48.430622 5.494000 0.596507
v 49.579472 5.494000 -2.274192
v 51.266289 5.494000 -2.108056
v 52.888283 5.494000 -1.616029
v 54.383121 5.494000 -0.817021
v 55.693359 5.494000 0.258263
v 56.768642 5.494000 1.568500
v 57.567650 5.494000 3.063339
v 58.059677 5.494000 4.685333
v 58.225815 5.494000 6.372152
v 58.059677 5.494000 8.058969
v 57.567650 5.494000 9.680964
v 56.768642 5.494000 11.175802
v 55.693359 5.494000 12.486040
v 54.383121 5.494000 13.561325
v 52.888283 5.494000 14.360332
v 51.266289 5.494000 14.852359
v 49.579468 5.494000 15.018497
v 47.892654 5.494000 14.852359
v 46.270657 5.494000 14.360332
v 44.775818 5.494000 13.561323
v 43.465584 5.494000 12.486041
v 42.390301 5.494000 11.175804
v 41.591290 5.494000 9.680965
v 41.099262 5.494000 8.058970
v 40.933128 5.494000 6.372151
v 41.099262 5.494000 4.685333
v 41.591290 5.494000 3.063338
v 42.390297 5.494000 1.568501
v 43.465580 5.494000 0.258264
v 44.775818 5.494000 -0.817021
v 46.270657 5.494000 -1.616029
v 47.892654 5.494000 -2.108056
vt 1.000000 0.918811
vt 1.000000 1.000000
vt 0.968750 1.000000
vt 0.968750 0.918811
vt 0.937500 1.000000
vt 0.937500 0.918811
vt 0.906250 1.000000
vt 0.906250 0.918811
vt 0.875000 1.000000
vt 0.875000 0.918811
vt 0.843750 1.000000
vt 0.843750 0.918811
vt 0.812500 1.000000
vt 0.812500 0.918811
vt 0.781250 1.000000
vt 0.781250 0.918811
vt 0.750000 1.000000
vt 0.750000 0.918811
vt 0.718750 1.000000
vt 0.718750 0.918811
vt 0.687500 1.000000
vt 0.687500 0.918811
vt 0.656250 1.000000
vt 0.656250 0.918811
vt 0.625000 1.000000
vt 0.625000 0.918811
vt 0.593750 1.000000
vt 0.593750 0.918811
vt 0.562500 1.000000
vt 0.562500 0.918811
vt 0.531250 1.000000
vt 0.531250 0.918811
vt 0.500000 1.000000
vt 0.500000 0.918811
vt 0.468750 1.000000
vt 0.468750 0.918811
vt 0.437500 1.000000
vt 0.437500 0.918811
vt 0.406250 1.000000
vt 0.406250 0.918811
vt 0.375000 1.000000
vt 0.375000 0.918811
vt 0.343750 1.000000
vt 0.343750 0.918811
vt 0.312500 1.000000
vt 0.312500 0.918811
vt 0.281250 1.000000
vt 0.281250 0.918811
vt 0.250000 1.000000
vt 0.250000 0.918811
vt 0.218750 1.000000
vt 0.218750 0.918811
vt 0.187500 1.000000
vt 0.187500 0.918811
vt 0.125000 1.000000
vt 0.125000 0.918811
vt 0.134418 0.365582
vt 0.134418 0.365582
vt 0.098985 0.312553
vt 0.098985 0.312553
vt 0.093750 1.000000
vt 0.093750 0.918811
vt 0.062500 1.000000
vt 0.062500 0.918811
vt 0.089683 0.281889
vt 0.089683 0.281889
vt 0.031250 1.000000
vt 0.031250 0.918811
vt 0.000000 1.000000
vt 0.000000 0.918811
vt 0.750000 0.490000
vt 0.796822 0.485388
vt 0.841844 0.471731
vt 0.883337 0.449553
vt 0.919706 0.419706
vt 0.949553 0.383337
vt 0.971731 0.341844
vt 0.985388 0.296822
vt 0.990000 0.250000
vt 0.985388 0.203178
vt 0.971731 0.158156
vt 0.949553 0.116663
vt 0.919706 0.080294
vt 0.883337 0.050447
vt 0.841844 0.028269
vt 0.796822 0.014612
vt 0.750000 0.010000
vt 0.703178 0.014612
vt 0.658156 0.028269
vt 0.616663 0.050447
vt 0.580294 0.080294
vt 0.550447 0.116663
vt 0.528269 0.158156
vt 0.514612 0.203178
vt 0.510000 0.250000
vt 0.514612 0.296822
vt 0.528269 0.341844
vt 0.550447 0.383337
vt 0.580294 0.419706
vt 0.616663 0.449553
vt 0.658156 0.471731
vt 0.703178 0.485388
vt 0.250000 0.413458
vt 0.281889 0.410317
vt 0.296822 0.485388
vt 0.250000 0.490000
vt 0.312553 0.401015
vt 0.341844 0.471731
vt 0.340812 0.385910
vt 0.383337 0.449553
vt 0.365582 0.365582
vt 0.419706 0.419706
vt 0.385910 0.340812
vt 0.449553 0.383337
vt 0.401015 0.312553
vt 0.471731 0.341844
vt 0.410317 0.281889
vt 0.485388 0.296822
vt 0.413458 0.250000
vt 0.490000 0.250000
vt 0.410317 0.218111
vt 0.485388 0.203178
vt 0.401015 0.187447
vt 0.471731 0.158156
vt 0.385910 0.159188
vt 0.449553 0.116663
vt 0.365582 0.134418
vt 0.419706 0.080294
vt 0.340812 0.114090
vt 0.383337 0.050447
vt 0.312553 0.098985
vt 0.341844 0.028269
vt 0.281889 0.089683
vt 0.296822 0.014612
vt 0.250000 0.086542
vt 0.250000 0.010000
vt 0.218111 0.089683
vt 0.203178 0.014612
vt 0.187447 0.098985
vt 0.158156 0.028269
vt 0.159188 0.114090
vt 0.116663 0.050447
vt 0.134418 0.134418
vt 0.080294 0.080294
vt 0.114090 0.159188
vt 0.050447 0.116663
vt 0.098985 0.187448
vt 0.028269 0.158156
vt 0.089683 0.218111
vt 0.014612 0.203178
vt 0.086542 0.250000
vt 0.010000 0.250000
vt 0.014612 0.296822
vt 0.028269 0.341844
vt 0.159188 0.385910
vt 0.116663 0.449553
vt 0.080294 0.419706
vt 0.187447 0.401015
vt 0.158156 0.471731
vt 0.218111 0.410317
vt 0.203178 0.485388
vt 0.281889 0.410317
vt 0.250000 0.413458
vt 0.218111 0.410317
vt 0.187447 0.401015
vt 0.159188 0.385910
vt 0.114090 0.340812
vt 0.086542 0.250000
vt 0.089683 0.218111
vt 0.098985 0.187448
vt 0.114090 0.159188
vt 0.134418 0.134418
vt 0.159188 0.114090
vt 0.187447 0.098985
vt 0.218111 0.089683
vt 0.250000 0.086542
vt 0.281889 0.089683
vt 0.312553 0.098985
vt 0.340812 0.114090
vt 0.365582 0.134418
vt 0.385910 0.159188
vt 0.401015 0.187447
vt 0.410317 0.218111
vt 0.413458 0.250000
vt 0.410317 0.281889
vt 0.401015 0.312553
vt 0.385910 0.340812
vt 0.365582 0.365582
vt 0.340812 0.385910
vt 0.312553 0.401015
vt 0.156250 0.918811
vt 0.031250 0.500000
vt 0.000000 0.500000
vt 0.062500 0.500000
vt 0.093750 0.500000
vt 0.125000 0.500000
vt 0.156250 0.500000
vt 0.187500 0.500000
vt 0.218750 0.500000
vt 0.250000 0.500000
vt 0.281250 0.500000
vt 0.312500 0.500000
vt 0.343750 0.500000
vt 0.375000 0.500000
vt 0.406250 0.500000
vt 0.437500 0.500000
vt 0.468750 0.500000
vt 0.500000 0.500000
vt 0.531250 0.500000
vt 0.562500 0.500000
vt 0.593750 0.500000
vt 0.625000 0.500000
vt 0.656250 0.500000
vt 0.687500 0.500000
vt 0.718750 0.500000
vt 0.750000 0.500000
vt 0.781250 0.500000
vt 0.812500 0.500000
vt 0.843750 0.500000
vt 0.875000 0.500000
vt 0.906250 0.500000
vt 0.937500 0.500000
vt 0.968750 0.500000
vt 1.000000 0.500000
vn 0.0980 0.0000 -0.9952
vn 0.2903 0.0000 -0.9569
vn 0.4714 0.0000 -0.8819
vn 0.6344 0.0000 -0.7730
vn 0.7730 0.0000 -0.6344
vn 0.8819 0.0000 -0.4714
vn 0.9569 0.0000 -0.2903
vn 0.9952 0.0000 -0.0980
vn 0.9952 0.0000 0.0980
vn 0.9569 0.0000 0.2903
vn 0.8819 0.0000 0.4714
vn 0.7730 0.0000 0.6344
vn 0.6344 0.0000 0.7730
vn 0.4714 0.0000 0.8819
vn 0.2903 0.0000 0.9569
vn 0.0980 0.0000 0.9952
vn -0.0980 0.0000 0.9952
vn -0.2903 0.0000 0.9569
vn -0.4714 0.0000 0.8819
vn -0.6344 0.0000 0.7730
vn -0.7730 0.0000 0.6344
vn -0.8819 0.0000 0.4714
vn -0.9569 0.0000 0.2903
vn -0.9952 0.0000 0.0980
vn -0.9952 0.0000 -0.0980
vn -0.9569 0.0000 -0.2903
vn -0.7071 0.0000 0.7071
vn 0.3827 0.0000 -0.9239
vn -0.6344 0.0000 -0.7730
vn -0.4714 0.0000 -0.8819
vn -0.2903 0.0000 -0.9569
vn -0.0980 0.0000 -0.9952
vn 0.0000 -1.0000 0.0000
vn 0.0000 1.0000 0.0000
vn -0.8819 0.0000 -0.4714
vn -0.7730 0.0000 -0.6344
usemtl None
s off
f 1577/2400/657 1515/2401/657 1514/2402/657 1578/2403/657
f 1578/2403/658 1514/2402/658 1516/2404/658 1579/2405/658
f 1579/2405/659 1516/2404/659 1517/2406/659 1580/2407/659
f 1580/2407/660 1517/2406/660 1518/2408/660 1581/2409/660
f 1581/2409/661 1518/2408/661 1519/2410/661 1582/2411/661
f 1582/2411/662 1519/2410/662 1520/2412/662 1583/2413/662
f 1583/2413/663 1520/2412/663 1521/2414/663 1584/2415/663
f 1584/2415/664 1521/2414/664 1522/2416/664 1585/2417/664
f 1585/2417/665 1522/2416/665 1523/2418/665 1586/2419/665
f 1586/2419/666 1523/2418/666 1524/2420/666 1587/2421/666
f 1587/2421/667 1524/2420/667 1525/2422/667 1588/2423/667
f 1588/2423/668 1525/2422/668 1526/2424/668 1589/2425/668
f 1589/2425/669 1526/2424/669 1527/2426/669 1590/2427/669
f 1590/2427/670 1527/2426/670 1528/2428/670 1591/2429/670
f 1591/2429/671 1528/2428/671 1529/2430/671 1592/2431/671
f 1592/2431/672 1529/2430/672 1530/2432/672 1593/2433/672
f 1593/2433/673 1530/2432/673 1531/2434/673 1594/2435/673
f 1594/2435/674 1531/2434/674 1532/2436/674 1595/2437/674
f 1595/2437/675 1532/2436/675 1533/2438/675 1596/2439/675
f 1596/2439/676 1533/2438/676 1534/2440/676 1597/2441/676
f 1597/2441/677 1534/2440/677 1535/2442/677 1598/2443/677
f 1598/2443/678 1535/2442/678 1536/2444/678 1599/2445/678
f 1599/2445/679 1536/2444/679 1537/2446/679 1600/2447/679
f 1600/2447/680 1537/2446/680 1538/2448/680 1601/2449/680
f 1601/2449/681 1538/2448/681 1539/2450/681 1602/2451/681
f 1602/2451/682 1539/2450/682 1540/2452/682 1603/2453/682
f 1541/2454/683 1605/2455/683 1573/2456/683 1507/2457/683
f 1603/2453/684 1540/2452/684 1504/2458/684 1571/2459/684
f 1605/2455/685 1541/2454/685 1542/2460/685 1606/2461/685
f 1606/2461/686 1542/2460/686 1543/2462/686 1607/2463/686
f 1504/2458/666 1502/2464/666 1570/2465/666 1571/2459/666
f 1607/2463/687 1543/2462/687 1544/2466/687 1608/2467/687
f 1608/2467/688 1544/2466/688 1515/2468/688 1577/2469/688
f 1451/2470/689 1453/2471/689 1455/2472/689 1457/2473/689 1459/2474/689 1461/2475/689 1463/2476/689 1465/2477/689 1467/2478/689 1469/2479/689 1471/2480/689 1473/2481/689 1475/2482/689 1477/2483/689 1479/2484/689 1481/2485/689 1483/2486/689 1485/2487/689 1487/2488/689 1489/2489/689 1491/2490/689 1493/2491/689 1495/2492/689 1497/2493/689 1499/2494/689 1501/2495/689 1503/2496/689 1505/2497/689 1506/2498/689 1508/2499/689 1510/2500/689 1512/2501/689
f 1452/2502/690 1454/2503/690 1514/2504/690 1515/2505/690
f 1454/2503/690 1456/2506/690 1516/2507/690 1514/2504/690
f 1456/2506/690 1458/2508/690 1517/2509/690 1516/2507/690
f 1458/2508/690 1460/2510/690 1518/2511/690 1517/2509/690
f 1460/2510/690 1462/2512/690 1519/2513/690 1518/2511/690
f 1462/2512/690 1464/2514/690 1520/2515/690 1519/2513/690
f 1464/2514/690 1466/2516/690 1521/2517/690 1520/2515/690
f 1466/2516/690 1468/2518/690 1522/2519/690 1521/2517/690
f 1468/2518/690 1470/2520/690 1523/2521/690 1522/2519/690
f 1470/2520/690 1472/2522/690 1524/2523/690 1523/2521/690
f 1472/2522/690 1474/2524/690 1525/2525/690 1524/2523/690
f 1474/2524/690 1476/2526/690 1526/2527/690 1525/2525/690
f 1476/2526/690 1478/2528/690 1527/2529/690 1526/2527/690
f 1478/2528/690 1480/2530/690 1528/2531/690 1527/2529/690
f 1480/2530/690 1482/2532/690 1529/2533/690 1528/2531/690
f 1482/2532/690 1484/2534/690 1530/2535/690 1529/2533/690
f 1484/2534/690 1486/2536/690 1531/2537/690 1530/2535/690
f 1486/2536/690 1488/2538/690 1532/2539/690 1531/2537/690
f 1488/2538/690 1490/2540/690 1533/2541/690 1532/2539/690
f 1490/2540/690 1492/2542/690 1534/2543/690 1533/2541/690
f 1492/2542/690 1494/2544/690 1535/2545/690 1534/2543/690
f 1494/2544/690 1496/2546/690 1536/2547/690 1535/2545/690
f 1496/2546/690 1498/2548/690 1537/2549/690 1536/2547/690
f 1498/2548/690 1500/2550/690 1538/2551/690 1537/2549/690
f 1500/2550/690 1502/2464/690 1539/2552/690 1538/2551/690
f 1502/2464/690 1504/2458/690 1540/2553/690 1539/2552/690
f 1507/2457/690 1509/2554/690 1542/2555/690 1541/2556/690
f 1509/2554/690 1511/2557/690 1543/2558/690 1542/2555/690
f 1511/2557/690 1513/2559/690 1544/2560/690 1543/2558/690
f 1513/2559/690 1452/2502/690 1515/2505/690 1544/2560/690
f 1545/2561/690 1546/2562/690 1576/2563/690 1575/2564/690 1574/2565/690 1573/2456/690 1572/2566/690 1571/2459/690 1570/2465/690 1569/2567/690 1568/2568/690 1567/2569/690 1566/2570/690 1565/2571/690 1564/2572/690 1563/2573/690 1562/2574/690 1561/2575/690 1560/2576/690 1559/2577/690 1558/2578/690 1557/2579/690 1556/2580/690 1555/2581/690 1554/2582/690 1553/2583/690 1552/2584/690 1551/2585/690 1550/2586/690 1549/2587/690 1548/2588/690 1547/2589/690
f 1478/2528/685 1476/2526/685 1557/2579/685 1558/2578/685
f 1603/2453/690 1571/2459/690 1572/2566/690 1604/2590/690
f 1480/2530/686 1478/2528/686 1558/2578/686 1559/2577/686
f 1454/2503/673 1452/2502/673 1546/2562/673 1545/2561/673
f 1573/2456/690 1605/2455/690 1604/2590/690 1572/2566/690
f 1482/2532/687 1480/2530/687 1559/2577/687 1560/2576/687
f 1456/2506/674 1454/2503/674 1545/2561/674 1547/2589/674
f 1509/2554/669 1507/2457/669 1573/2456/669 1574/2565/669
f 1484/2534/688 1482/2532/688 1560/2576/688 1561/2575/688
f 1458/2508/675 1456/2506/675 1547/2589/675 1548/2588/675
f 1511/2557/670 1509/2554/670 1574/2565/670 1575/2564/670
f 1486/2536/657 1484/2534/657 1561/2575/657 1562/2574/657
f 1460/2510/676 1458/2508/676 1548/2588/676 1549/2587/676
f 1513/2559/671 1511/2557/671 1575/2564/671 1576/2563/671
f 1488/2538/658 1486/2536/658 1562/2574/658 1563/2573/658
f 1462/2512/677 1460/2510/677 1549/2587/677 1550/2586/677
f 1452/2502/672 1513/2559/672 1576/2563/672 1546/2562/672
f 1490/2540/659 1488/2538/659 1563/2573/659 1564/2572/659
f 1464/2514/678 1462/2512/678 1550/2586/678 1551/2585/678
f 1492/2542/660 1490/2540/660 1564/2572/660 1565/2571/660
f 1466/2516/679 1464/2514/679 1551/2585/679 1552/2584/679
f 1494/2544/661 1492/2542/661 1565/2571/661 1566/2570/661
f 1468/2518/680 1466/2516/680 1552/2584/680 1553/2583/680
f 1496/2546/662 1494/2544/662 1566/2570/662 1567/2569/662
f 1470/2520/681 1468/2518/681 1553/2583/681 1554/2582/681
f 1498/2548/663 1496/2546/663 1567/2569/663 1568/2568/663
f 1472/2522/682 1470/2520/682 1554/2582/682 1555/2581/682
f 1500/2550/664 1498/2548/664 1568/2568/664 1569/2567/664
f 1474/2524/691 1472/2522/691 1555/2581/691 1556/2580/691
f 1502/2464/665 1500/2550/665 1569/2567/665 1570/2465/665
f 1476/2526/692 1474/2524/692 1556/2580/692 1557/2579/692
f 1512/2591/688 1608/2467/688 1577/2469/688 1451/2592/688
f 1510/2593/687 1607/2463/687 1608/2467/687 1512/2591/687
f 1508/2594/686 1606/2461/686 1607/2463/686 1510/2593/686
f 1506/2595/685 1605/2455/685 1606/2461/685 1508/2594/685
f 1505/2596/692 1604/2590/692 1605/2455/692 1506/2595/692
f 1503/2597/691 1603/2453/691 1604/2590/691 1505/2596/691
f 1501/2598/682 1602/2451/682 1603/2453/682 1503/2597/682
f 1499/2599/681 1601/2449/681 1602/2451/681 1501/2598/681
f 1497/2600/680 1600/2447/680 1601/2449/680 1499/2599/680
f 1495/2601/679 1599/2445/679 1600/2447/679 1497/2600/679
f 1493/2602/678 1598/2443/678 1599/2445/678 1495/2601/678
f 1491/2603/677 1597/2441/677 1598/2443/677 1493/2602/677
f 1489/2604/676 1596/2439/676 1597/2441/676 1491/2603/676
f 1487/2605/675 1595/2437/675 1596/2439/675 1489/2604/675
f 1485/2606/674 1594/2435/674 1595/2437/674 1487/2605/674
f 1483/2607/673 1593/2433/673 1594/2435/673 1485/2606/673
f 1481/2608/672 1592/2431/672 1593/2433/672 1483/2607/672
f 1479/2609/671 1591/2429/671 1592/2431/671 1481/2608/671
f 1477/2610/670 1590/2427/670 1591/2429/670 1479/2609/670
f 1475/2611/669 1589/2425/669 1590/2427/669 1477/2610/669
f 1473/2612/668 1588/2423/668 1589/2425/668 1475/2611/668
f 1471/2613/667 1587/2421/667 1588/2423/667 1473/2612/667
f 1469/2614/666 1586/2419/666 1587/2421/666 1471/2613/666
f 1467/2615/665 1585/2417/665 1586/2419/665 1469/2614/665
f 1465/2616/664 1584/2415/664 1585/2417/664 1467/2615/664
f 1463/2617/663 1583/2413/663 1584/2415/663 1465/2616/663
f 1461/2618/662 1582/2411/662 1583/2413/662 1463/2617/662
f 1459/2619/661 1581/2409/661 1582/2411/661 1461/2618/661
f 1457/2620/660 1580/2407/660 1581/2409/660 1459/2619/660
f 1455/2621/659 1579/2405/659 1580/2407/659 1457/2620/659
f 1453/2622/658 1578/2403/658 1579/2405/658 1455/2621/658
f 1451/2623/657 1577/2400/657 1578/2403/657 1453/2622/657
o Cube.010_Cube.013
v 23.474974 0.327524 -14.684959
v 23.474974 10.342126 -14.684960
v 24.618332 0.327524 -13.179897
v 24.618332 10.342126 -13.179897
v 21.047514 0.327524 -11.650281
v 21.047514 10.342126 -11.650281
v 22.471790 0.327524 -10.407736
v 22.471790 10.342126 -10.407736
v 27.007666 0.327523 -17.131760
v 27.007666 10.342126 -17.131760
v 27.976263 0.327523 -15.508706
v 27.976263 10.342126 -15.508706
v 31.115103 0.327524 -18.557440
v 31.115103 10.342126 -18.557438
v 31.434860 0.327524 -16.694582
v 31.434860 10.342126 -16.694582
v 43.307999 10.342126 -10.734319
v 45.225632 10.342126 -12.067656
v 45.225632 0.327523 -12.067657
v 43.307991 0.327523 -10.734320
v 45.234890 10.342126 -4.901403
v 47.583397 0.327523 -5.183137
v 47.583397 10.342126 -5.183137
v 45.234890 0.327523 -4.901403
v 40.102531 10.342126 -16.782473
v 39.137497 0.327524 -14.929029
v 39.137497 10.342126 -14.929029
v 40.102531 0.327524 -16.782475
v 46.690697 10.342126 -8.896695
v 44.532166 0.327524 -8.072341
v 44.532173 10.342126 -8.072338
v 46.690697 0.327524 -8.896695
v 43.448845 10.342126 0.422523
v 46.425793 0.327523 -1.356430
v 46.425793 10.342126 -1.356430
v 43.448845 0.327523 0.422523
v 41.754822 10.342126 -12.662730
v 43.069458 0.327523 -14.554012
v 43.069458 10.342126 -14.554011
v 41.754818 0.327523 -12.662730
v 35.890327 10.342126 -18.501892
v 35.336182 0.327524 -16.547525
v 35.336182 10.342126 -16.547525
v 35.890327 0.327524 -18.501894
vt 0.125000 0.500000
vt 0.125000 0.750000
vt 0.125000 0.750000
vt 0.125000 0.500000
vt 0.375000 0.250000
vt 0.625000 0.250000
vt 0.625000 0.500000
vt 0.375000 0.500000
vt 0.625000 0.750000
vt 0.375000 0.750000
vt 0.625000 1.000000
vt 0.375000 1.000000
vt 0.875000 0.500000
vt 0.875000 0.750000
vt 0.875000 0.750000
vt 0.875000 0.500000
vt 0.875000 0.500000
vt 0.875000 0.750000
vt 0.375000 0.250000
vt 0.625000 0.250000
vt 0.625000 1.000000
vt 0.375000 1.000000
vt 0.125000 0.750000
vt 0.125000 0.500000
vt 0.375000 0.250000
vt 0.625000 0.250000
vt 0.625000 1.000000
vt 0.375000 1.000000
vt 0.875000 1.716580
vt 0.875000 1.433815
vt 0.375000 0.250000
vt 0.125000 1.716578
vt 0.375000 1.000000
vt 0.625000 1.000000
vt 0.625000 1.000000
vt 0.375000 1.000000
vt 0.625000 0.250000
vt 0.375000 0.250000
vt 0.375000 0.250000
vt 0.625000 0.250000
vt 0.125000 2.732693
vt 0.125000 3.092597
vt 0.125000 3.314394
vt 0.125000 2.898934
vt 0.875000 3.092601
vt 0.875000 2.732696
vt 0.875000 2.898936
vt 0.875000 3.314398
vt 0.375769 1.000000
vt 0.624231 1.000000
vt 0.625000 1.000000
vt 0.375000 1.000000
vt 0.624827 0.250000
vt 0.375173 0.250000
vt 0.375000 0.250000
vt 0.625000 0.250000
vt 0.125000 2.830165
vt 0.125000 3.196191
vt 0.125000 2.683156
vt 0.125000 2.367627
vt 0.875001 3.196194
vt 0.875000 2.830168
vt 0.875000 2.367630
vt 0.875001 2.683159
vt 0.875000 1.810402
vt 0.875000 1.533227
vt 0.875000 2.566455
vt 0.875001 2.870804
vt 0.125000 1.533226
vt 0.125000 1.810400
vt 0.125000 2.870801
vt 0.125000 2.566453
vt 0.625000 0.250000
vt 0.375000 0.250000
vt 0.375000 0.250000
vt 0.625000 0.250000
vt 0.375000 1.000000
vt 0.625000 1.000000
vt 0.625000 1.000000
vt 0.375000 1.000000
vt 0.625000 1.000000
vt 0.375000 1.000000
vt 0.625000 0.250000
vt 0.125000 1.433814
vn -0.0000 -1.0000 0.0000
vn 0.7907 0.0000 0.6122
vn -0.6574 0.0000 0.7535
vn -0.7809 0.0000 -0.6247
vn 0.0000 1.0000 0.0000
vn 0.5699 0.0000 0.8217
vn -0.5694 -0.0000 -0.8221
vn 0.3243 0.0000 0.9459
vn -0.3279 0.0000 -0.9447
vn 0.5130 0.0000 0.8584
vn 0.7555 0.0000 -0.6552
vn -0.7788 0.0000 0.6273
vn 0.9723 0.0000 -0.2337
vn -0.9763 0.0000 0.2164
vn -0.3917 0.0000 0.9201
vn 0.3779 0.0000 -0.9258
vn -0.9085 0.0000 0.4178
vn 0.9078 0.0000 -0.4194
vn 0.9572 0.0000 0.2895
vn -0.9481 0.0000 -0.3181
vn -0.6546 0.0000 0.7560
vn 0.6006 0.0000 -0.7996
vn 0.0116 0.0000 -0.9999
vn -0.0377 0.0000 0.9993
usemtl None
s off
f 1611/2624/693 1609/2625/693 1617/2626/693 1619/2627/693
f 1611/2628/694 1612/2629/694 1616/2630/694 1615/2631/694
f 1615/2631/695 1616/2630/695 1614/2632/695 1613/2633/695
f 1613/2633/696 1614/2632/696 1610/2634/696 1609/2635/696
f 1611/2624/693 1615/2631/693 1613/2633/693 1609/2625/693
f 1616/2630/697 1612/2636/697 1610/2637/697 1614/2632/697
f 1618/2638/697 1620/2639/697 1624/2640/697 1622/2641/697
f 1612/2629/698 1611/2628/698 1619/2642/698 1620/2643/698
f 1609/2635/699 1610/2634/699 1618/2644/699 1617/2645/699
f 1610/2637/697 1612/2636/697 1620/2639/697 1618/2638/697
f 1619/2627/693 1617/2626/693 1621/2646/693 1623/2647/693
f 1620/2643/700 1619/2642/700 1623/2648/700 1624/2649/700
f 1617/2645/701 1618/2644/701 1622/2650/701 1621/2651/701
f 1643/2652/702 1641/2653/702 1644/2654/702 1642/2655/702
f 1646/2656/703 1647/2657/703 1626/2658/703 1627/2659/703
f 1645/2660/704 1648/2661/704 1628/2662/704 1625/2663/704
f 1648/2664/693 1646/2665/693 1627/2666/693 1628/2667/693
f 1647/2668/697 1645/2669/697 1625/2670/697 1626/2671/697
f 1640/2672/705 1637/2673/705 1631/2674/705 1630/2675/705
f 1639/2676/706 1638/2677/706 1632/2678/706 1629/2679/706
f 1638/2680/693 1640/2681/693 1630/2682/693 1632/2683/693
f 1637/2684/697 1639/2685/697 1629/2686/697 1631/2687/697
f 1649/2688/697 1651/2689/697 1635/2690/697 1633/2691/697
f 1650/2692/693 1652/2693/693 1636/2694/693 1634/2695/693
f 1651/2696/707 1650/2697/707 1634/2698/707 1635/2699/707
f 1652/2700/708 1649/2701/708 1633/2702/708 1636/2703/708
f 1626/2671/697 1625/2670/697 1639/2685/697 1637/2684/697
f 1628/2667/693 1627/2666/693 1640/2681/693 1638/2680/693
f 1625/2663/709 1628/2662/709 1638/2677/709 1639/2676/709
f 1627/2659/710 1626/2658/710 1637/2673/710 1640/2672/710
f 1630/2675/711 1631/2674/711 1643/2704/711 1642/2705/711
f 1629/2679/712 1632/2678/712 1644/2654/712 1641/2706/712
f 1632/2683/693 1630/2682/693 1642/2655/693 1644/2707/693
f 1631/2687/697 1629/2686/697 1641/2653/697 1643/2652/697
f 1633/2691/697 1635/2690/697 1645/2669/697 1647/2668/697
f 1634/2695/693 1636/2694/693 1646/2665/693 1648/2664/693
f 1635/2699/713 1634/2698/713 1648/2661/713 1645/2660/713
f 1636/2703/714 1633/2702/714 1647/2657/714 1646/2656/714
f 1621/2651/715 1622/2650/715 1649/2701/715 1652/2700/715
f 1624/2649/716 1623/2648/716 1650/2697/716 1651/2696/716
f 1623/2647/693 1621/2646/693 1652/2693/693 1650/2692/693
f 1622/2641/697 1624/2640/697 1651/2689/697 1649/2688/697
o Cube.011_Cube.005
v 41.720093 0.327525 6.514877
v 41.720093 10.342126 6.514878
v 41.120808 0.327525 4.742668
v 41.120808 10.342126 4.742668
v 38.024204 0.327524 8.707397
v 38.024204 10.342126 8.707397
v 37.172050 0.327524 7.020294
v 37.172050 10.342126 7.020294
v 33.826740 0.327525 9.840935
v 33.826740 10.342126 9.840933
v 33.638672 0.327525 7.960212
v 33.638672 10.342126 7.960213
v 22.213697 10.342126 1.180389
v 20.642599 10.342126 2.321248
v 20.642599 0.327524 2.321248
v 22.213699 0.327524 1.180390
v 24.986250 10.342126 7.438833
v 26.160789 0.327525 5.902743
v 26.160789 10.342126 5.902743
v 24.986250 0.327525 7.438834
v 23.926924 10.342126 3.757532
v 22.618736 0.327524 4.952967
v 22.618736 10.342126 4.952966
v 23.926929 0.327524 3.757533
v 29.067226 10.342126 9.449984
v 29.757326 0.327525 7.539385
v 29.757326 10.342126 7.539385
v 29.067226 0.327525 9.449984
vt 0.125000 0.500000
vt 0.125000 0.750000
vt 0.125000 0.750000
vt 0.125000 0.500000
vt 0.375000 0.250000
vt 0.625000 0.250000
vt 0.875000 0.750000
vt 0.375000 1.000000
vt 0.875000 3.314398
vt 0.875000 2.898936
vt 0.375000 0.250000
vt 0.125000 3.314394
vt 0.875000 0.750000
vt 0.875000 0.500000
vt 0.875000 0.500000
vt 0.875000 0.750000
vt 0.375000 0.250000
vt 0.625000 0.250000
vt 0.625000 1.000000
vt 0.625000 1.000000
vt 0.375000 1.000000
vt 0.875000 0.500000
vt 0.125000 0.750000
vt 0.125000 0.500000
vt 0.375000 0.250000
vt 0.625000 0.250000
vt 0.625000 1.000000
vt 0.375000 1.000000
vt 0.375000 1.000000
vt 0.625000 1.000000
vt 0.625000 1.000000
vt 0.375000 1.000000
vt 0.625000 0.250000
vt 0.375000 0.250000
vt 0.625000 0.250000
vt 0.125000 2.732693
vt 0.125000 3.092597
vt 0.125000 2.898934
vt 0.875000 3.092601
vt 0.875000 2.732696
vt 0.875000 1.810402
vt 0.875000 1.533227
vt 0.875000 2.566455
vt 0.875001 2.870804
vt 0.125000 1.533226
vt 0.125000 1.810400
vt 0.125000 2.870801
vt 0.125000 2.566453
vt 0.625000 0.250000
vt 0.375000 0.250000
vt 0.375000 0.250000
vt 0.625000 0.250000
vt 0.375000 1.000000
vt 0.625000 1.000000
vt 0.625000 1.000000
vt 0.375000 1.000000
vn 0.0000 -1.0000 -0.0000
vn 0.9473 0.0000 -0.3203
vn -0.5876 -0.0000 -0.8092
vn 0.0000 1.0000 -0.0000
vn -0.4996 0.0000 -0.8662
vn 0.5102 0.0000 0.8601
vn -0.2571 0.0000 -0.9664
vn 0.2607 0.0000 0.9654
vn -0.7997 0.0000 0.6005
vn 0.8328 0.0000 -0.5536
vn 0.4142 0.0000 -0.9102
vn -0.4420 0.0000 0.8970
vn 0.6926 0.0000 -0.7213
vn -0.7241 0.0000 0.6897
vn -0.0819 0.0000 0.9966
vn 0.1078 0.0000 -0.9942
usemtl None
s off
f 1655/2708/717 1653/2709/717 1657/2710/717 1659/2711/717
f 1655/2712/718 1656/2713/718 1654/2714/718 1653/2715/718
f 1666/2716/719 1665/2717/719 1668/2718/719 1667/2719/719
f 1658/2720/720 1660/2721/720 1664/2722/720 1662/2723/720
f 1656/2713/721 1655/2712/721 1659/2724/721 1660/2725/721
f 1653/2715/722 1654/2726/722 1658/2727/722 1657/2728/722
f 1654/2714/720 1656/2729/720 1660/2721/720 1658/2720/720
f 1659/2711/717 1657/2710/717 1661/2730/717 1663/2731/717
f 1660/2725/723 1659/2724/723 1663/2732/723 1664/2733/723
f 1657/2728/724 1658/2727/724 1662/2734/724 1661/2735/724
f 1674/2736/725 1675/2737/725 1666/2738/725 1667/2739/725
f 1673/2740/726 1676/2741/726 1668/2718/726 1665/2742/726
f 1676/2743/717 1674/2744/717 1667/2719/717 1668/2745/717
f 1675/2746/720 1673/2747/720 1665/2717/720 1666/2716/720
f 1677/2748/720 1679/2749/720 1671/2750/720 1669/2751/720
f 1678/2752/717 1680/2753/717 1672/2754/717 1670/2755/717
f 1679/2756/727 1678/2757/727 1670/2758/727 1671/2759/727
f 1680/2760/728 1677/2761/728 1669/2762/728 1672/2763/728
f 1669/2751/720 1671/2750/720 1673/2747/720 1675/2746/720
f 1670/2755/717 1672/2754/717 1674/2744/717 1676/2743/717
f 1671/2759/729 1670/2758/729 1676/2741/729 1673/2740/729
f 1672/2763/730 1669/2762/730 1675/2737/730 1674/2736/730
f 1661/2735/731 1662/2734/731 1677/2761/731 1680/2760/731
f 1664/2733/732 1663/2732/732 1678/2757/732 1679/2756/732
f 1663/2731/717 1661/2730/717 1680/2753/717 1678/2752/717
f 1662/2723/720 1664/2722/720 1679/2749/720 1677/2748/720
o Cube.012_Cube.006
v 22.575705 0.327525 3.809249
v 22.575705 7.437416 3.809250
v 21.120680 0.327525 2.633334
v 21.120680 7.437416 2.633334
v 21.052721 0.327524 7.084621
v 21.052721 7.437416 7.084621
v 19.429695 0.327524 6.115975
v 19.429695 7.437416 6.115975
v 17.787897 0.327525 10.060758
v 17.787897 7.437416 10.060757
v 16.752729 0.327525 8.703668
v 16.752729 7.437416 8.703668
v 3.609394 7.437416 11.054360
v 3.219921 7.437416 12.586926
v 3.219921 0.327524 12.586927
v 3.609398 0.327524 11.054359
v 10.091268 7.437416 12.950418
v 9.798109 0.327525 11.459676
v 9.798109 7.437416 11.459676
v 10.091268 0.327525 12.950418
v 6.626740 7.437416 11.606017
v 6.434099 0.327524 13.125567
v 6.434099 7.437416 13.125566
v 6.626744 0.327524 11.606015
v 13.825487 7.437416 11.952280
v 13.222060 0.327525 10.426385
v 13.222060 7.437416 10.426385
v 13.825488 0.327525 11.952281
vt 0.125000 0.500000
vt 0.125000 0.750000
vt 0.125000 0.750000
vt 0.125000 0.500000
vt 0.375000 0.250000
vt 0.625000 0.250000
vt 0.875000 0.750000
vt 0.375000 1.000000
vt 0.875000 3.314398
vt 0.875000 2.898936
vt 0.375000 0.250000
vt 0.125000 3.314394
vt 0.875000 0.750000
vt 0.875000 0.500000
vt 0.875000 0.500000
vt 0.875000 0.750000
vt 0.375000 0.250000
vt 0.625000 0.250000
vt 0.625000 1.000000
vt 0.625000 1.000000
vt 0.375000 1.000000
vt 0.875000 0.500000
vt 0.125000 0.750000
vt 0.125000 0.500000
vt 0.375000 0.250000
vt 0.625000 0.250000
vt 0.625000 1.000000
vt 0.375000 1.000000
vt 0.375000 1.000000
vt 0.625000 1.000000
vt 0.625000 1.000000
vt 0.375000 1.000000
vt 0.625000 0.250000
vt 0.375000 0.250000
vt 0.625000 0.250000
vt 0.125000 2.732693
vt 0.125000 3.092597
vt 0.125000 2.898934
vt 0.875000 3.092601
vt 0.875000 2.732696
vt 0.875000 1.810402
vt 0.875000 1.533227
vt 0.875000 2.566455
vt 0.875001 2.870804
vt 0.125000 1.533226
vt 0.125000 1.810400
vt 0.125000 2.870801
vt 0.125000 2.566453
vt 0.625000 0.250000
vt 0.375000 0.250000
vt 0.375000 0.250000
vt 0.625000 0.250000
vt 0.375000 1.000000
vt 0.625000 1.000000
vt 0.625000 1.000000
vt 0.375000 1.000000
vn 0.0000 -1.0000 -0.0000
vn 0.6286 -0.0000 -0.7778
vn -0.9692 -0.0000 -0.2463
vn 0.0000 1.0000 0.0000
vn -0.8996 0.0000 -0.4368
vn 0.9068 0.0000 0.4216
vn -0.6950 0.0000 -0.7190
vn 0.6737 0.0000 0.7390
vn -0.1653 0.0000 0.9862
vn 0.1798 0.0000 -0.9837
vn -0.2889 0.0000 -0.9574
vn 0.2582 0.0000 0.9661
vn -0.0461 0.0000 -0.9989
vn 0.0478 0.0000 0.9989
vn 0.4308 0.0000 0.9024
vn -0.4385 0.0000 -0.8987
usemtl None
s off
f 1683/2764/733 1681/2765/733 1685/2766/733 1687/2767/733
f 1683/2768/734 1684/2769/734 1682/2770/734 1681/2771/734
f 1694/2772/735 1693/2773/735 1696/2774/735 1695/2775/735
f 1686/2776/736 1688/2777/736 1692/2778/736 1690/2779/736
f 1684/2769/737 1683/2768/737 1687/2780/737 1688/2781/737
f 1681/2771/738 1682/2782/738 1686/2783/738 1685/2784/738
f 1682/2770/736 1684/2785/736 1688/2777/736 1686/2776/736
f 1687/2767/733 1685/2766/733 1689/2786/733 1691/2787/733
f 1688/2781/739 1687/2780/739 1691/2788/739 1692/2789/739
f 1685/2784/740 1686/2783/740 1690/2790/740 1689/2791/740
f 1702/2792/741 1703/2793/741 1694/2794/741 1695/2795/741
f 1701/2796/742 1704/2797/742 1696/2774/742 1693/2798/742
f 1704/2799/733 1702/2800/733 1695/2775/733 1696/2801/733
f 1703/2802/736 1701/2803/736 1693/2773/736 1694/2772/736
f 1705/2804/736 1707/2805/736 1699/2806/736 1697/2807/736
f 1706/2808/733 1708/2809/733 1700/2810/733 1698/2811/733
f 1707/2812/743 1706/2813/743 1698/2814/743 1699/2815/743
f 1708/2816/744 1705/2817/744 1697/2818/744 1700/2819/744
f 1697/2807/736 1699/2806/736 1701/2803/736 1703/2802/736
f 1698/2811/733 1700/2810/733 1702/2800/733 1704/2799/733
f 1699/2815/745 1698/2814/745 1704/2797/745 1701/2796/745
f 1700/2819/746 1697/2818/746 1703/2793/746 1702/2792/746
f 1689/2791/747 1690/2790/747 1705/2817/747 1708/2816/747
f 1692/2789/748 1691/2788/748 1706/2813/748 1707/2812/748
f 1691/2787/733 1689/2786/733 1708/2809/733 1706/2808/733
f 1690/2779/736 1692/2778/736 1707/2805/736 1705/2804/736
o Cylinder.016
v 24.313444 0.351040 -28.196110
v 21.562136 14.296341 -27.701872
v 24.447140 0.351040 -26.519365
v 21.652275 14.296341 -26.571377
v 24.251150 0.351040 -24.848755
v 21.520134 14.296341 -25.445019
v 23.733006 0.351040 -23.248482
v 21.170792 14.296341 -24.366083
v 22.912621 0.351040 -21.780041
v 20.617672 14.296341 -23.376032
v 21.821520 0.351040 -20.499868
v 19.882030 14.296341 -22.512915
v 20.501635 0.351040 -19.457153
v 18.992138 14.296341 -21.809896
v 19.003689 0.351040 -18.691973
v 17.982193 14.296341 -21.293995
v 17.385242 0.351040 -18.233730
v 16.891006 14.296341 -20.985039
v 15.708499 0.351040 -18.100033
v 15.760512 14.296341 -20.894899
v 14.634155 14.296341 -21.027039
v 13.555218 14.296341 -21.376383
v 10.969176 0.351040 -19.634554
v 12.565166 14.296341 -21.929501
v 9.689001 0.351040 -20.725655
v 11.702047 14.296341 -22.665144
v 8.646288 0.351040 -22.045540
v 10.999030 14.296341 -23.555037
v 7.881107 0.351040 -23.543488
v 10.483130 14.296341 -24.564981
v 7.422864 0.351040 -25.161932
v 10.174173 14.296341 -25.656170
v 7.289168 0.351040 -26.838675
v 10.084033 14.296341 -26.786663
v 7.485158 0.351040 -28.509285
v 10.216173 14.296341 -27.913021
v 8.003304 0.351040 -30.109560
v 10.565517 14.296341 -28.991957
v 8.823688 0.351040 -31.577997
v 11.118636 14.296341 -29.982006
v 9.914788 0.351040 -32.858170
v 11.854278 14.296341 -30.845127
v 11.234673 0.351040 -33.900887
v 12.744170 14.296341 -31.548145
v 12.732620 0.351040 -34.666069
v 13.754116 14.296341 -32.064045
v 14.351066 0.351040 -35.124310
v 14.845304 14.296341 -32.373001
v 16.027811 0.351040 -35.258007
v 15.975798 14.296341 -32.463142
v 17.698421 0.351040 -35.062016
v 17.102156 14.296341 -32.331001
v 19.298691 0.351040 -34.543873
v 18.181091 14.296341 -31.981659
v 20.767132 0.351040 -33.723488
v 19.171143 14.296341 -31.428539
v 22.047306 0.351040 -32.632385
v 20.034260 14.296341 -30.692898
v 23.090019 0.351040 -31.312500
v 20.737278 14.296341 -29.803003
v 23.855202 0.351040 -29.814552
v 21.253180 14.296341 -28.793058
v 24.447140 14.296341 -26.519365
v 24.313444 14.296341 -28.196110
v 24.251150 14.296341 -24.848755
v 23.733006 14.296341 -23.248482
v 22.912621 14.296341 -21.780041
v 21.821520 14.296341 -20.499868
v 20.501635 14.296341 -19.457153
v 19.003689 14.296341 -18.691973
v 17.385242 14.296341 -18.233730
v 15.708499 14.296341 -18.100033
v 14.037889 14.296341 -18.296024
v 12.437616 14.296341 -18.814169
v 10.969176 14.296341 -19.634554
v 9.689001 14.296341 -20.725655
v 8.646288 14.296341 -22.045540
v 7.881107 14.296341 -23.543488
v 7.422864 14.296341 -25.161932
v 7.289168 14.296341 -26.838675
v 7.485158 14.296341 -28.509285
v 8.003304 14.296341 -30.109560
v 8.823688 14.296341 -31.577997
v 9.914788 14.296341 -32.858170
v 11.234673 14.296341 -33.900887
v 12.732620 14.296341 -34.666069
v 14.351066 14.296341 -35.124310
v 16.027811 14.296341 -35.258007
v 17.698421 14.296341 -35.062016
v 19.298691 14.296341 -34.543873
v 20.767132 14.296341 -33.723488
v 22.047306 14.296341 -32.632385
v 23.090019 14.296341 -31.312500
v 23.855202 14.296341 -29.814552
v 21.652273 0.351037 -26.571383
v 21.562134 0.351037 -27.701878
v 21.520134 0.351037 -25.445024
v 21.170792 0.351037 -24.366089
v 20.617672 0.351037 -23.376040
v 19.882030 0.351037 -22.512920
v 18.992136 0.351037 -21.809902
v 17.982191 0.351037 -21.294003
v 16.891005 0.351037 -20.985044
v 15.760511 0.351037 -20.894905
v 12.565166 0.351037 -21.929508
v 11.702046 0.351037 -22.665150
v 10.999029 0.351037 -23.555042
v 10.483130 0.351037 -24.564987
v 10.174173 0.351037 -25.656176
v 10.084032 0.351037 -26.786669
v 10.216173 0.351037 -27.913027
v 10.565516 0.351037 -28.991962
v 11.118635 0.351037 -29.982012
v 11.854277 0.351037 -30.845131
v 12.744169 0.351037 -31.548149
v 13.754114 0.351037 -32.064049
v 14.845303 0.351037 -32.373009
v 15.975797 0.351037 -32.463146
v 17.102156 0.351037 -32.331005
v 18.181089 0.351037 -31.981665
v 19.171141 0.351037 -31.428545
v 20.034260 0.351037 -30.692904
v 20.737278 0.351037 -29.803009
v 21.253178 0.351037 -28.793064
v 24.313444 10.308250 -28.196110
v 24.447140 10.308250 -26.519365
v 24.251150 10.308250 -24.848755
v 23.733006 10.308250 -23.248482
v 22.912621 10.308250 -21.780041
v 21.821520 10.308250 -20.499868
v 20.501635 10.308250 -19.457153
v 19.003689 10.308250 -18.691973
v 17.385242 10.308250 -18.233730
v 15.708499 10.308250 -18.100033
v 14.037889 11.893504 -18.296024
v 12.437616 11.893504 -18.814169
v 10.969176 10.308250 -19.634554
v 9.689001 10.308250 -20.725655
v 8.646288 10.308250 -22.045540
v 7.881107 10.308250 -23.543488
v 7.422864 10.308250 -25.161932
v 7.289168 10.308250 -26.838675
v 7.485158 10.308250 -28.509285
v 8.003304 10.308250 -30.109560
v 8.823688 10.308250 -31.577997
v 9.914788 10.308250 -32.858170
v 11.234673 10.308250 -33.900887
v 12.732620 10.308250 -34.666069
v 14.351066 10.308250 -35.124310
v 16.027811 10.308250 -35.258007
v 17.698421 10.308250 -35.062016
v 19.298691 10.308250 -34.543873
v 20.767132 10.308250 -33.723488
v 22.047306 10.308250 -32.632385
v 23.090019 10.308250 -31.312500
v 23.855202 10.308250 -29.814552
v 15.975797 10.308249 -32.463142
v 17.102156 10.308249 -32.331001
v 12.565166 10.308249 -21.929504
v 11.702047 10.308249 -22.665146
v 18.181091 10.308249 -31.981661
v 10.999029 10.308249 -23.555038
v 21.562134 10.308249 -27.701876
v 21.652275 10.308249 -26.571381
v 19.171141 10.308249 -31.428543
v 10.483130 10.308249 -24.564985
v 21.520134 10.308249 -25.445023
v 20.034260 10.308249 -30.692900
v 10.174173 10.308249 -25.656172
v 21.170792 10.308249 -24.366087
v 20.737278 10.308249 -29.803007
v 10.084032 10.308249 -26.786667
v 20.617672 10.308249 -23.376036
v 21.253178 10.308249 -28.793060
v 10.216173 10.308249 -27.913023
v 19.882030 10.308249 -22.512917
v 10.565517 10.308249 -28.991961
v 18.992138 10.308249 -21.809898
v 11.118635 10.308249 -29.982010
v 17.982193 10.308249 -21.293999
v 11.854277 10.308249 -30.845127
v 16.891005 10.308249 -20.985043
v 12.744170 10.308249 -31.548147
v 15.760511 10.308249 -20.894901
v 13.754115 10.308249 -32.064049
v 14.634154 11.403231 -21.027042
v 14.845303 10.308249 -32.373005
v 13.555218 11.403231 -21.376385
vt 1.000000 0.750000
vt 1.000000 1.000000
vt 0.968750 1.000000
vt 0.968750 0.750000
vt 0.937500 1.000000
vt 0.937500 0.750000
vt 0.906250 1.000000
vt 0.906250 0.750000
vt 0.875000 1.000000
vt 0.875000 0.750000
vt 0.843750 1.000000
vt 0.843750 0.750000
vt 0.812500 1.000000
vt 0.812500 0.750000
vt 0.781250 1.000000
vt 0.781250 0.750000
vt 0.750000 1.000000
vt 0.750000 0.750000
vt 0.718750 1.000000
vt 0.718750 0.750000
vt 0.687500 1.000000
vt 0.687500 0.750000
vt 0.656250 1.000000
vt 0.656250 0.750000
vt 0.625000 1.000000
vt 0.625000 0.750000
vt 0.593750 1.000000
vt 0.593750 0.750000
vt 0.562500 1.000000
vt 0.562500 0.750000
vt 0.531250 1.000000
vt 0.531250 0.750000
vt 0.500000 1.000000
vt 0.500000 0.750000
vt 0.468750 1.000000
vt 0.468750 0.750000
vt 0.437500 1.000000
vt 0.437500 0.750000
vt 0.406250 1.000000
vt 0.406250 0.750000
vt 0.375000 1.000000
vt 0.375000 0.750000
vt 0.343750 1.000000
vt 0.343750 0.750000
vt 0.312500 1.000000
vt 0.312500 0.750000
vt 0.281250 1.000000
vt 0.281250 0.750000
vt 0.250000 1.000000
vt 0.250000 0.750000
vt 0.218750 1.000000
vt 0.218750 0.750000
vt 0.187500 1.000000
vt 0.187500 0.750000
vt 0.156250 1.000000
vt 0.156250 0.750000
vt 0.125000 1.000000
vt 0.125000 0.750000
vt 0.093750 1.000000
vt 0.093750 0.750000
vt 0.062500 1.000000
vt 0.062500 0.750000
vt 0.100505 0.311923
vt 0.091296 0.281568
vt 0.091296 0.281568
vt 0.100505 0.311923
vt 0.031250 1.000000
vt 0.031250 0.750000
vt 0.000000 1.000000
vt 0.000000 0.750000
vt 0.250000 0.411813
vt 0.281568 0.408703
vt 0.296822 0.485388
vt 0.250000 0.490000
vt 0.311923 0.399495
vt 0.341844 0.471731
vt 0.339898 0.384542
vt 0.383337 0.449553
vt 0.364419 0.364419
vt 0.419706 0.419706
vt 0.384542 0.339898
vt 0.449553 0.383337
vt 0.399495 0.311923
vt 0.471731 0.341844
vt 0.408704 0.281568
vt 0.485388 0.296822
vt 0.411813 0.250000
vt 0.490000 0.250000
vt 0.408704 0.218432
vt 0.485388 0.203178
vt 0.399495 0.188077
vt 0.471731 0.158156
vt 0.384542 0.160102
vt 0.449553 0.116663
vt 0.364419 0.135581
vt 0.419706 0.080294
vt 0.339898 0.115458
vt 0.383337 0.050447
vt 0.311923 0.100505
vt 0.341844 0.028269
vt 0.281568 0.091296
vt 0.296822 0.014612
vt 0.250000 0.088187
vt 0.250000 0.010000
vt 0.218432 0.091296
vt 0.203178 0.014612
vt 0.188077 0.100505
vt 0.158156 0.028269
vt 0.160102 0.115458
vt 0.116663 0.050447
vt 0.135581 0.135581
vt 0.080294 0.080294
vt 0.115458 0.160102
vt 0.050447 0.116663
vt 0.100505 0.188077
vt 0.028269 0.158156
vt 0.091296 0.218432
vt 0.014612 0.203178
vt 0.088187 0.250000
vt 0.010000 0.250000
vt 0.091296 0.281568
vt 0.014612 0.296822
vt 0.100505 0.311923
vt 0.028269 0.341844
vt 0.115458 0.339898
vt 0.050447 0.383337
vt 0.135581 0.364419
vt 0.080294 0.419706
vt 0.160102 0.384542
vt 0.116663 0.449553
vt 0.188077 0.399495
vt 0.158156 0.471731
vt 0.218432 0.408704
vt 0.203178 0.485388
vt 0.562500 0.500000
vt 0.531250 0.500000
vt 0.281568 0.091296
vt 0.311923 0.100505
vt 0.339898 0.115458
vt 0.364419 0.135581
vt 0.364419 0.135581
vt 0.339898 0.115458
vt 0.115458 0.339898
vt 0.115458 0.339898
vt 0.311923 0.100505
vt 0.281568 0.408703
vt 0.250000 0.411813
vt 0.250000 0.411813
vt 0.281568 0.408703
vt 0.135581 0.364419
vt 0.135581 0.364419
vt 0.281568 0.091296
vt 0.311923 0.399495
vt 0.311923 0.399495
vt 0.160102 0.384542
vt 0.160102 0.384542
vt 0.250000 0.088187
vt 0.250000 0.088187
vt 0.339898 0.384542
vt 0.339898 0.384542
vt 0.188077 0.399495
vt 0.188077 0.399495
vt 0.218432 0.091296
vt 0.218432 0.091296
vt 0.364419 0.364419
vt 0.364419 0.364419
vt 0.218432 0.408704
vt 0.218432 0.408704
vt 0.188077 0.100505
vt 0.188077 0.100505
vt 0.384542 0.339898
vt 0.384542 0.339898
vt 0.160102 0.115458
vt 0.160102 0.115458
vt 0.399495 0.311923
vt 0.399495 0.311923
vt 0.135581 0.135581
vt 0.135581 0.135581
vt 0.408704 0.281568
vt 0.408704 0.281568
vt 0.115458 0.160102
vt 0.115458 0.160102
vt 0.411813 0.250000
vt 0.411813 0.250000
vt 0.100505 0.188077
vt 0.100505 0.188077
vt 0.408704 0.218432
vt 0.408704 0.218432
vt 0.091296 0.218432
vt 0.091296 0.218432
vt 0.088187 0.250000
vt 0.088187 0.250000
vt 0.593750 0.500000
vt 0.625000 0.500000
vt 0.718750 0.500000
vt 0.399495 0.188077
vt 0.750000 0.500000
vt 0.781250 0.500000
vt 0.812500 0.500000
vt 0.843750 0.500000
vt 0.875000 0.500000
vt 0.906250 0.500000
vt 0.937500 0.500000
vt 0.968750 0.500000
vt 1.000000 0.500000
vt 0.031250 0.500000
vt 0.062500 0.500000
vt 0.093750 0.500000
vt 0.125000 0.500000
vt 0.156250 0.500000
vt 0.187500 0.500000
vt 0.218750 0.500000
vt 0.250000 0.500000
vt 0.281250 0.500000
vt 0.312500 0.500000
vt 0.343750 0.500000
vt 0.375000 0.500000
vt 0.406250 0.500000
vt 0.437500 0.500000
vt 0.468750 0.500000
vt 0.500000 0.500000
vt 0.000000 0.500000
vt 0.384542 0.160102
vn 0.9968 0.0000 -0.0795
vn 0.9932 0.0000 0.1165
vn 0.9514 0.0000 0.3080
vn 0.8730 0.0000 0.4877
vn 0.7611 0.0000 0.6487
vn 0.6199 0.0000 0.7847
vn 0.4549 0.0000 0.8905
vn 0.2724 0.0000 0.9622
vn 0.0795 0.0000 0.9968
vn -0.1165 0.0000 0.9932
vn -0.3080 0.0000 0.9514
vn -0.4877 0.0000 0.8730
vn -0.6487 0.0000 0.7611
vn -0.7847 0.0000 0.6199
vn -0.8905 0.0000 0.4549
vn -0.9622 0.0000 0.2724
vn -0.9968 0.0000 0.0795
vn -0.9932 0.0000 -0.1165
vn -0.9514 0.0000 -0.3080
vn -0.8730 0.0000 -0.4877
vn -0.7611 0.0000 -0.6487
vn -0.6199 0.0000 -0.7847
vn -0.4549 0.0000 -0.8905
vn -0.2724 0.0000 -0.9622
vn -0.0795 0.0000 -0.9968
vn 0.1165 0.0000 -0.9932
vn 0.3080 0.0000 -0.9514
vn 0.4877 0.0000 -0.8730
vn 0.6487 0.0000 -0.7611
vn 0.7847 0.0000 -0.6199
vn 0.8905 0.0000 -0.4549
vn 0.9622 0.0000 -0.2724
vn 0.0000 1.0000 0.0000
vn -0.0000 -1.0000 0.0000
vn -0.9998 0.0000 -0.0186
vn -0.6907 -0.7229 -0.0169
vn -0.0535 -0.9848 0.1651
vn 0.5696 -0.7229 0.3912
vn 0.8210 -0.0000 0.5709
usemtl None
s off
f 1833/2820/749 1772/2821/749 1771/2822/749 1834/2823/749
f 1834/2823/750 1771/2822/750 1773/2824/750 1835/2825/750
f 1835/2825/751 1773/2824/751 1774/2826/751 1836/2827/751
f 1836/2827/752 1774/2826/752 1775/2828/752 1837/2829/752
f 1837/2829/753 1775/2828/753 1776/2830/753 1838/2831/753
f 1838/2831/754 1776/2830/754 1777/2832/754 1839/2833/754
f 1839/2833/755 1777/2832/755 1778/2834/755 1840/2835/755
f 1840/2835/756 1778/2834/756 1779/2836/756 1841/2837/756
f 1841/2837/757 1779/2836/757 1780/2838/757 1842/2839/757
f 1842/2839/758 1780/2838/758 1781/2840/758 1843/2841/758
f 1843/2841/759 1781/2840/759 1782/2842/759 1844/2843/759
f 1844/2843/760 1782/2842/760 1783/2844/760 1845/2845/760
f 1845/2845/761 1783/2844/761 1784/2846/761 1846/2847/761
f 1846/2847/762 1784/2846/762 1785/2848/762 1847/2849/762
f 1847/2849/763 1785/2848/763 1786/2850/763 1848/2851/763
f 1848/2851/764 1786/2850/764 1787/2852/764 1849/2853/764
f 1849/2853/765 1787/2852/765 1788/2854/765 1850/2855/765
f 1850/2855/766 1788/2854/766 1789/2856/766 1851/2857/766
f 1851/2857/767 1789/2856/767 1790/2858/767 1852/2859/767
f 1852/2859/768 1790/2858/768 1791/2860/768 1853/2861/768
f 1853/2861/769 1791/2860/769 1792/2862/769 1854/2863/769
f 1854/2863/770 1792/2862/770 1793/2864/770 1855/2865/770
f 1855/2865/771 1793/2864/771 1794/2866/771 1856/2867/771
f 1856/2867/772 1794/2866/772 1795/2868/772 1857/2869/772
f 1857/2869/773 1795/2868/773 1796/2870/773 1858/2871/773
f 1858/2871/774 1796/2870/774 1797/2872/774 1859/2873/774
f 1859/2873/775 1797/2872/775 1798/2874/775 1860/2875/775
f 1860/2875/776 1798/2874/776 1799/2876/776 1861/2877/776
f 1861/2877/777 1799/2876/777 1800/2878/777 1862/2879/777
f 1862/2879/778 1800/2878/778 1801/2880/778 1863/2881/778
f 1866/2882/758 1865/2883/758 1826/2884/758 1827/2885/758
f 1863/2881/779 1801/2880/779 1802/2886/779 1864/2887/779
f 1864/2887/780 1802/2886/780 1772/2888/780 1833/2889/780
f 1710/2890/781 1712/2891/781 1771/2892/781 1772/2893/781
f 1712/2891/781 1714/2894/781 1773/2895/781 1771/2892/781
f 1714/2894/781 1716/2896/781 1774/2897/781 1773/2895/781
f 1716/2896/781 1718/2898/781 1775/2899/781 1774/2897/781
f 1718/2898/781 1720/2900/781 1776/2901/781 1775/2899/781
f 1720/2900/781 1722/2902/781 1777/2903/781 1776/2901/781
f 1722/2902/781 1724/2904/781 1778/2905/781 1777/2903/781
f 1724/2904/781 1726/2906/781 1779/2907/781 1778/2905/781
f 1726/2906/781 1728/2908/781 1780/2909/781 1779/2907/781
f 1728/2908/781 1729/2910/781 1781/2911/781 1780/2909/781
f 1729/2910/781 1730/2912/781 1782/2913/781 1781/2911/781
f 1730/2912/781 1732/2914/781 1783/2915/781 1782/2913/781
f 1732/2914/781 1734/2916/781 1784/2917/781 1783/2915/781
f 1734/2916/781 1736/2918/781 1785/2919/781 1784/2917/781
f 1736/2918/781 1738/2920/781 1786/2921/781 1785/2919/781
f 1738/2920/781 1740/2922/781 1787/2923/781 1786/2921/781
f 1740/2922/781 1742/2924/781 1788/2925/781 1787/2923/781
f 1742/2924/781 1744/2926/781 1789/2927/781 1788/2925/781
f 1744/2926/781 1746/2928/781 1790/2929/781 1789/2927/781
f 1746/2928/781 1748/2930/781 1791/2931/781 1790/2929/781
f 1748/2930/781 1750/2932/781 1792/2933/781 1791/2931/781
f 1750/2932/781 1752/2934/781 1793/2935/781 1792/2933/781
f 1752/2934/781 1754/2936/781 1794/2937/781 1793/2935/781
f 1754/2936/781 1756/2938/781 1795/2939/781 1794/2937/781
f 1756/2938/781 1758/2940/781 1796/2941/781 1795/2939/781
f 1758/2940/781 1760/2942/781 1797/2943/781 1796/2941/781
f 1760/2942/781 1762/2944/781 1798/2945/781 1797/2943/781
f 1762/2944/781 1764/2946/781 1799/2947/781 1798/2945/781
f 1764/2946/781 1766/2948/781 1800/2949/781 1799/2947/781
f 1766/2948/781 1768/2950/781 1801/2951/781 1800/2949/781
f 1768/2950/781 1770/2952/781 1802/2953/781 1801/2951/781
f 1770/2952/781 1710/2890/781 1772/2893/781 1802/2953/781
f 1735/2954/782 1737/2955/782 1816/2956/782 1815/2957/782
f 1868/2958/777 1867/2959/777 1813/2960/777 1814/2961/777
f 1869/2962/759 1866/2882/759 1827/2885/759 1828/2963/759
f 1870/2964/778 1868/2958/778 1814/2961/778 1815/2957/778
f 1872/2965/765 1871/2966/765 1804/2967/765 1803/2968/765
f 1873/2969/760 1869/2962/760 1828/2963/760 1829/2970/760
f 1874/2971/779 1870/2964/779 1815/2957/779 1816/2956/779
f 1875/2972/766 1872/2965/766 1803/2968/766 1805/2973/766
f 1876/2974/761 1873/2969/761 1829/2970/761 1830/2975/761
f 1877/2976/780 1874/2971/780 1816/2956/780 1817/2977/780
f 1878/2978/767 1875/2972/767 1805/2973/767 1806/2979/767
f 1879/2980/762 1876/2974/762 1830/2975/762 1831/2981/762
f 1880/2982/749 1877/2976/749 1817/2977/749 1818/2983/749
f 1881/2984/768 1878/2978/768 1806/2979/768 1807/2985/768
f 1882/2986/763 1879/2980/763 1831/2981/763 1832/2987/763
f 1883/2988/750 1880/2982/750 1818/2983/750 1819/2989/750
f 1884/2990/769 1881/2984/769 1807/2985/769 1808/2991/769
f 1871/2966/764 1882/2986/764 1832/2987/764 1804/2967/764
f 1885/2992/751 1883/2988/751 1819/2989/751 1820/2993/751
f 1886/2994/770 1884/2990/770 1808/2991/770 1809/2995/770
f 1887/2996/752 1885/2992/752 1820/2993/752 1821/2997/752
f 1888/2998/771 1886/2994/771 1809/2995/771 1810/2999/771
f 1889/3000/753 1887/2996/753 1821/2997/753 1822/3001/753
f 1890/3002/772 1888/2998/772 1810/2999/772 1811/3003/772
f 1891/3004/754 1889/3000/754 1822/3001/754 1823/3005/754
f 1892/3006/773 1890/3002/773 1811/3003/773 1812/3007/773
f 1893/3008/755 1891/3004/755 1823/3005/755 1824/3009/755
f 1895/3010/756 1893/3008/756 1824/3009/756 1825/3011/756
f 1865/2883/757 1895/3010/757 1825/3011/757 1826/2884/757
f 1733/3012/782 1735/2954/782 1815/2957/782 1814/2961/782
f 1731/3013/782 1733/3012/782 1814/2961/782 1813/2960/782
f 1842/2839/783 1892/3006/783 1812/3007/783 1727/3014/783
f 1892/3006/784 1842/2839/784 1843/2841/784 1894/3015/784
f 1725/3016/782 1727/3014/782 1812/3007/782 1811/3003/782
f 1723/3017/782 1725/3016/782 1811/3003/782 1810/2999/782
f 1721/3018/782 1723/3017/782 1810/2999/782 1809/2995/782
f 1719/3019/782 1721/3018/782 1809/2995/782 1808/2991/782
f 1717/3020/782 1719/3019/782 1808/2991/782 1807/2985/782
f 1715/3021/782 1717/3020/782 1807/2985/782 1806/2979/782
f 1713/3022/782 1715/3021/782 1806/2979/782 1805/2973/782
f 1711/3023/782 1713/3022/782 1805/2973/782 1803/2968/782
f 1709/3024/782 1711/3023/782 1803/2968/782 1804/2967/782
f 1769/3025/782 1709/3024/782 1804/2967/782 1832/2987/782
f 1767/3026/782 1769/3025/782 1832/2987/782 1831/2981/782
f 1765/3027/782 1767/3026/782 1831/2981/782 1830/2975/782
f 1763/3028/782 1765/3027/782 1830/2975/782 1829/2970/782
f 1761/3029/782 1763/3028/782 1829/2970/782 1828/2963/782
f 1759/3030/782 1761/3029/782 1828/2963/782 1827/2885/782
f 1757/3031/782 1759/3030/782 1827/2885/782 1826/2884/782
f 1755/3032/782 1757/3031/782 1826/2884/782 1825/3011/782
f 1753/3033/782 1755/3032/782 1825/3011/782 1824/3009/782
f 1751/3034/782 1753/3033/782 1824/3009/782 1823/3005/782
f 1749/3035/782 1751/3034/782 1823/3005/782 1822/3001/782
f 1747/3036/782 1749/3035/782 1822/3001/782 1821/2997/782
f 1745/3037/782 1747/3036/782 1821/2997/782 1820/2993/782
f 1743/3038/782 1745/3037/782 1820/2993/782 1819/2989/782
f 1741/3039/782 1743/3038/782 1819/2989/782 1818/2983/782
f 1739/3040/782 1741/3039/782 1818/2983/782 1817/2977/782
f 1737/2955/782 1739/3040/782 1817/2977/782 1816/2956/782
f 1769/3025/780 1864/2887/780 1833/2889/780 1709/3041/780
f 1767/3026/779 1863/2881/779 1864/2887/779 1769/3025/779
f 1765/3027/778 1862/2879/778 1863/2881/778 1767/3026/778
f 1763/3028/777 1861/2877/777 1862/2879/777 1765/3027/777
f 1761/3029/776 1860/2875/776 1861/2877/776 1763/3028/776
f 1759/3030/775 1859/2873/775 1860/2875/775 1761/3029/775
f 1757/3031/774 1858/2871/774 1859/2873/774 1759/3030/774
f 1755/3032/773 1857/2869/773 1858/2871/773 1757/3031/773
f 1753/3033/772 1856/2867/772 1857/2869/772 1755/3032/772
f 1751/3034/771 1855/2865/771 1856/2867/771 1753/3033/771
f 1749/3035/770 1854/2863/770 1855/2865/770 1751/3034/770
f 1747/3036/769 1853/2861/769 1854/2863/769 1749/3035/769
f 1745/3037/768 1852/2859/768 1853/2861/768 1747/3036/768
f 1743/3038/767 1851/2857/767 1852/2859/767 1745/3037/767
f 1741/3039/766 1850/2855/766 1851/2857/766 1743/3038/766
f 1739/3040/765 1849/2853/765 1850/2855/765 1741/3039/765
f 1737/2955/764 1848/2851/764 1849/2853/764 1739/3040/764
f 1735/2954/763 1847/2849/763 1848/2851/763 1737/2955/763
f 1733/3012/762 1846/2847/762 1847/2849/762 1735/2954/762
f 1731/3013/761 1845/2845/761 1846/2847/761 1733/3012/761
f 1894/3015/785 1843/2841/785 1844/2843/785 1896/3042/785
f 1845/2845/786 1867/2959/786 1896/3042/786 1844/2843/786
f 1731/3013/787 1813/2960/787 1867/2959/787 1845/2845/787
f 1725/3016/757 1841/2837/757 1842/2839/757 1727/3014/757
f 1723/3017/756 1840/2835/756 1841/2837/756 1725/3016/756
f 1721/3018/755 1839/2833/755 1840/2835/755 1723/3017/755
f 1719/3019/754 1838/2831/754 1839/2833/754 1721/3018/754
f 1717/3020/753 1837/2829/753 1838/2831/753 1719/3019/753
f 1715/3021/752 1836/2827/752 1837/2829/752 1717/3020/752
f 1713/3022/751 1835/2825/751 1836/2827/751 1715/3021/751
f 1711/3023/750 1834/2823/750 1835/2825/750 1713/3022/750
f 1709/3024/749 1833/2820/749 1834/2823/749 1711/3023/749
f 1732/2914/776 1730/2912/776 1896/3042/776 1867/2959/776
f 1758/2940/757 1756/2938/757 1895/3010/757 1865/2883/757
f 1730/2912/775 1729/2910/775 1894/3015/775 1896/3042/775
f 1756/2938/756 1754/2936/756 1893/3008/756 1895/3010/756
f 1729/2910/774 1728/2908/774 1892/3006/774 1894/3015/774
f 1754/2936/755 1752/2934/755 1891/3004/755 1893/3008/755
f 1728/2908/773 1726/2906/773 1890/3002/773 1892/3006/773
f 1752/2934/754 1750/2932/754 1889/3000/754 1891/3004/754
f 1726/2906/772 1724/2904/772 1888/2998/772 1890/3002/772
f 1750/2932/753 1748/2930/753 1887/2996/753 1889/3000/753
f 1724/2904/771 1722/2902/771 1886/2994/771 1888/2998/771
f 1748/2930/752 1746/2928/752 1885/2992/752 1887/2996/752
f 1722/2902/770 1720/2900/770 1884/2990/770 1886/2994/770
f 1746/2928/751 1744/2926/751 1883/2988/751 1885/2992/751
f 1710/2890/764 1770/2952/764 1882/2986/764 1871/2966/764
f 1720/2900/769 1718/2898/769 1881/2984/769 1884/2990/769
f 1744/2926/750 1742/2924/750 1880/2982/750 1883/2988/750
f 1770/2952/763 1768/2950/763 1879/2980/763 1882/2986/763
f 1718/2898/768 1716/2896/768 1878/2978/768 1881/2984/768
f 1742/2924/749 1740/2922/749 1877/2976/749 1880/2982/749
f 1768/2950/762 1766/2948/762 1876/2974/762 1879/2980/762
f 1716/2896/767 1714/2894/767 1875/2972/767 1878/2978/767
f 1740/2922/780 1738/2920/780 1874/2971/780 1877/2976/780
f 1766/2948/761 1764/2946/761 1873/2969/761 1876/2974/761
f 1714/2894/766 1712/2891/766 1872/2965/766 1875/2972/766
f 1738/2920/779 1736/2918/779 1870/2964/779 1874/2971/779
f 1764/2946/760 1762/2944/760 1869/2962/760 1873/2969/760
f 1712/2891/765 1710/2890/765 1871/2966/765 1872/2965/765
f 1736/2918/778 1734/2916/778 1868/2958/778 1870/2964/778
f 1762/2944/759 1760/2942/759 1866/2882/759 1869/2962/759
f 1734/2916/777 1732/2914/777 1867/2959/777 1868/2958/777
f 1760/2942/758 1758/2940/758 1865/2883/758 1866/2882/758
o Cube.013_Cube.014
v 16.371616 0.351040 -18.151590
v 16.371616 7.437416 -18.151590
v 18.195372 0.351040 -19.370296
v 18.195372 7.437416 -19.370296
v 21.037813 0.351040 -11.273968
v 21.037813 7.437416 -11.273968
v 22.686672 0.351040 -12.262189
v 22.686672 7.437416 -12.262189
v 20.941666 0.351040 -16.882313
v 20.941666 7.437416 -16.882313
v 19.361328 0.351040 -15.694244
v 19.361328 7.437416 -15.694244
v 21.998137 7.437416 -14.601228
v 20.437843 0.351040 -13.516874
v 21.998137 0.351040 -14.601228
v 20.437843 7.437416 -13.516874
v 19.305380 0.351040 -18.336651
v 17.840761 7.437416 -17.054346
v 19.305380 7.437416 -18.336651
v 17.840761 0.351040 -17.054346
vt 0.375000 0.000000
vt 0.625000 0.000000
vt 0.625000 0.250000
vt 0.375000 0.250000
vt 0.375000 0.437500
vt 0.625000 0.437500
vt 0.625000 0.500000
vt 0.375000 0.500000
vt 0.625000 0.750000
vt 0.375000 0.750000
vt 0.375000 0.937500
vt 0.625000 0.937500
vt 0.625000 1.000000
vt 0.375000 1.000000
vt 0.312500 0.500000
vt 0.312500 0.750000
vt 0.812500 0.500000
vt 0.875000 0.500000
vt 0.875000 0.750000
vt 0.812500 0.750000
vt 0.687500 0.500000
vt 0.750000 0.500000
vt 0.750000 0.750000
vt 0.687500 0.750000
vt 0.187500 0.500000
vt 0.250000 0.500000
vt 0.250000 0.750000
vt 0.187500 0.750000
vt 0.375000 0.812500
vt 0.625000 0.812500
vt 0.625000 0.875000
vt 0.375000 0.875000
vt 0.375000 0.312500
vt 0.625000 0.312500
vt 0.625000 0.375000
vt 0.375000 0.375000
vt 0.125000 0.500000
vt 0.125000 0.750000
vn -0.5556 0.0000 -0.8314
vn 0.9593 0.0000 -0.2824
vn 0.5141 0.0000 0.8577
vn -0.5984 0.0000 0.8012
vn 0.0000 -1.0000 -0.0000
vn 0.0000 1.0000 0.0000
vn -0.8964 0.0000 0.4432
vn 0.6643 0.0000 -0.7474
vn -0.9660 0.0000 0.2584
vn 0.9074 0.0000 -0.4203
vn 0.6815 0.0000 -0.7318
vn -0.6667 0.0000 0.7453
usemtl None
s off
f 1897/3043/788 1898/3044/788 1900/3045/788 1899/3046/788
f 1911/3047/789 1909/3048/789 1904/3049/789 1903/3050/789
f 1903/3050/790 1904/3049/790 1902/3051/790 1901/3052/790
f 1916/3053/791 1914/3054/791 1898/3055/791 1897/3056/791
f 1911/3057/792 1903/3050/792 1901/3052/792 1910/3058/792
f 1915/3059/793 1900/3060/793 1898/3061/793 1914/3062/793
f 1909/3063/793 1906/3064/793 1908/3065/793 1912/3066/793
f 1913/3067/792 1905/3068/792 1907/3069/792 1916/3070/792
f 1910/3071/794 1912/3072/794 1908/3073/794 1907/3074/794
f 1913/3075/795 1915/3076/795 1906/3077/795 1905/3078/795
f 1901/3052/796 1902/3051/796 1912/3072/796 1910/3071/796
f 1904/3049/793 1909/3063/793 1912/3066/793 1902/3051/793
f 1905/3068/792 1911/3057/792 1910/3058/792 1907/3069/792
f 1905/3078/797 1906/3077/797 1909/3048/797 1911/3047/797
f 1899/3046/798 1900/3045/798 1915/3076/798 1913/3075/798
f 1899/3079/792 1913/3067/792 1916/3070/792 1897/3080/792
f 1906/3064/793 1915/3059/793 1914/3062/793 1908/3065/793
f 1907/3074/799 1908/3073/799 1914/3054/799 1916/3053/799
o Cube.014_Cube.015
v -3.179271 0.327525 -16.615105
v -3.179271 7.437416 -16.615105
v -1.851277 0.327525 -15.781269
v -1.851277 7.437416 -15.781269
v -0.921694 0.327524 -19.234072
v -0.921694 7.437416 -19.234072
v 0.129945 0.327524 -18.093624
v 0.129945 7.437416 -18.093624
v 2.883954 0.327525 -21.360466
v 2.883955 7.437416 -21.360464
v 3.462153 0.327525 -19.754555
v 3.462153 7.437416 -19.754555
v 10.390429 7.437416 -21.751627
v 10.493011 0.327525 -20.128422
v 10.493011 7.437416 -20.128422
v 10.390429 0.327525 -21.751627
v 7.232134 7.437416 -21.970289
v 7.347795 0.327525 -20.333492
v 7.347795 7.437416 -20.333492
v 7.232133 0.327525 -21.970291
vt 0.125000 0.500000
vt 0.125000 0.750000
vt 0.125000 0.750000
vt 0.125000 0.500000
vt 0.375000 0.250000
vt 0.625000 0.250000
vt 0.875000 0.750000
vt 0.375000 1.000000
vt 0.875000 0.750000
vt 0.875000 0.500000
vt 0.875000 0.500000
vt 0.875000 0.750000
vt 0.375000 0.250000
vt 0.625000 0.250000
vt 0.625000 1.000000
vt 0.625000 1.000000
vt 0.375000 1.000000
vt 0.875000 0.500000
vt 0.125000 0.750000
vt 0.125000 0.500000
vt 0.375000 0.250000
vt 0.625000 0.250000
vt 0.625000 1.000000
vt 0.375000 1.000000
vt 0.875000 1.810402
vt 0.875000 1.533227
vt 0.875000 2.566455
vt 0.875001 2.870804
vt 0.125000 1.533226
vt 0.125000 1.810400
vt 0.125000 2.870801
vt 0.125000 2.566453
vt 0.625000 0.250000
vt 0.375000 0.250000
vt 0.375000 0.250000
vt 0.625000 0.250000
vt 0.375000 1.000000
vt 0.625000 1.000000
vt 0.625000 1.000000
vt 0.375000 1.000000
vn -0.0000 -1.0000 0.0000
vn -0.5318 0.0000 0.8469
vn 0.0000 1.0000 0.0000
vn 0.7594 0.0000 0.6506
vn -0.7574 0.0000 -0.6529
vn 0.4461 0.0000 0.8950
vn -0.4878 0.0000 -0.8730
vn -0.0651 0.0000 0.9979
vn 0.0691 0.0000 -0.9976
vn -0.1389 0.0000 -0.9903
vn 0.1474 0.0000 0.9891
vn 0.9980 0.0000 -0.0631
usemtl None
s off
f 1919/3081/800 1917/3082/800 1921/3083/800 1923/3084/800
f 1919/3085/801 1920/3086/801 1918/3087/801 1917/3088/801
f 1922/3089/802 1924/3090/802 1928/3091/802 1926/3092/802
f 1920/3086/803 1919/3085/803 1923/3093/803 1924/3094/803
f 1917/3088/804 1918/3095/804 1922/3096/804 1921/3097/804
f 1918/3087/802 1920/3098/802 1924/3090/802 1922/3089/802
f 1923/3084/800 1921/3083/800 1925/3099/800 1927/3100/800
f 1924/3094/805 1923/3093/805 1927/3101/805 1928/3102/805
f 1921/3097/806 1922/3096/806 1926/3103/806 1925/3104/806
f 1933/3105/802 1935/3106/802 1931/3107/802 1929/3108/802
f 1934/3109/800 1936/3110/800 1932/3111/800 1930/3112/800
f 1935/3113/807 1934/3114/807 1930/3115/807 1931/3116/807
f 1936/3117/808 1933/3118/808 1929/3119/808 1932/3120/808
f 1925/3104/809 1926/3103/809 1933/3118/809 1936/3117/809
f 1928/3102/810 1927/3101/810 1934/3114/810 1935/3113/810
f 1927/3100/800 1925/3099/800 1936/3110/800 1934/3109/800
f 1926/3092/802 1928/3091/802 1935/3106/802 1933/3105/802
f 1931/3116/811 1930/3115/811 1932/3111/811 1929/3119/811
