<?xml version="1.0" encoding="utf-8"?>
<COLLADA xmlns="http://www.collada.org/2005/11/COLLADASchema" version="1.4.1" xmlns:xsi="http://www.w3.org/2001/XMLSchema-instance">
  <asset>
    <contributor>
      <author>Blender User</author>
      <authoring_tool>Blender 2.92.0 commit date:2021-02-24, commit time:16:25, hash:02948a2cab44</authoring_tool>
    </contributor>
    <created>2021-06-29T22:06:13</created>
    <modified>2021-06-29T22:06:13</modified>
    <unit name="meter" meter="1"/>
    <up_axis>Z_UP</up_axis>
  </asset>
  <library_effects>
    <effect id="Material_014-effect">
      <profile_COMMON>
        <newparam sid="madera_banca_jpg-surface">
          <surface type="2D">
            <init_from>madera_banca_jpg</init_from>
          </surface>
        </newparam>
        <newparam sid="madera_banca_jpg-sampler">
          <sampler2D>
            <source>madera_banca_jpg-surface</source>
          </sampler2D>
        </newparam>
        <technique sid="common">
          <lambert>
            <emission>
              <color sid="emission">0 0 0 1</color>
            </emission>
            <diffuse>
              <texture texture="madera_banca_jpg-sampler" texcoord="MapaUV"/>
            </diffuse>
            <index_of_refraction>
              <float sid="ior">1.45</float>
            </index_of_refraction>
          </lambert>
        </technique>
      </profile_COMMON>
    </effect>
    <effect id="Material_012-effect">
      <profile_COMMON>
        <technique sid="common">
          <lambert>
            <emission>
              <color sid="emission">0 0 0 1</color>
            </emission>
            <diffuse>
              <color sid="diffuse">0.8000001 0.5680275 0.03181451 1</color>
            </diffuse>
            <reflectivity>
              <float sid="specular">0.4218182</float>
            </reflectivity>
            <index_of_refraction>
              <float sid="ior">1.45</float>
            </index_of_refraction>
          </lambert>
        </technique>
      </profile_COMMON>
    </effect>
    <effect id="Material_010-effect">
      <profile_COMMON>
        <technique sid="common">
          <lambert>
            <emission>
              <color sid="emission">0 0 0 1</color>
            </emission>
            <diffuse>
              <color sid="diffuse">0.03444742 0.02156314 0.8000001 1</color>
            </diffuse>
            <index_of_refraction>
              <float sid="ior">0</float>
            </index_of_refraction>
          </lambert>
        </technique>
      </profile_COMMON>
    </effect>
    <effect id="Material_005-effect">
      <profile_COMMON>
        <newparam sid="madera_jpg-surface">
          <surface type="2D">
            <init_from>madera_jpg</init_from>
          </surface>
        </newparam>
        <newparam sid="madera_jpg-sampler">
          <sampler2D>
            <source>madera_jpg-surface</source>
          </sampler2D>
        </newparam>
        <technique sid="common">
          <lambert>
            <emission>
              <color sid="emission">0 0 0 1</color>
            </emission>
            <diffuse>
              <texture texture="madera_jpg-sampler" texcoord="UVMap"/>
            </diffuse>
            <index_of_refraction>
              <float sid="ior">1.45</float>
            </index_of_refraction>
          </lambert>
        </technique>
      </profile_COMMON>
    </effect>
    <effect id="Material_016-effect">
      <profile_COMMON>
        <newparam sid="azulejo_jpg-surface">
          <surface type="2D">
            <init_from>azulejo_jpg</init_from>
          </surface>
        </newparam>
        <newparam sid="azulejo_jpg-sampler">
          <sampler2D>
            <source>azulejo_jpg-surface</source>
          </sampler2D>
        </newparam>
        <technique sid="common">
          <lambert>
            <emission>
              <color sid="emission">0 0 0 1</color>
            </emission>
            <diffuse>
              <texture texture="azulejo_jpg-sampler" texcoord="UVMap"/>
            </diffuse>
            <index_of_refraction>
              <float sid="ior">1.45</float>
            </index_of_refraction>
          </lambert>
        </technique>
      </profile_COMMON>
    </effect>
    <effect id="Material_017-effect">
      <profile_COMMON>
        <newparam sid="agua_jpg-surface">
          <surface type="2D">
            <init_from>agua_jpg</init_from>
          </surface>
        </newparam>
        <newparam sid="agua_jpg-sampler">
          <sampler2D>
            <source>agua_jpg-surface</source>
          </sampler2D>
        </newparam>
        <technique sid="common">
          <lambert>
            <emission>
              <color sid="emission">0 0 0 1</color>
            </emission>
            <diffuse>
              <texture texture="agua_jpg-sampler" texcoord="UVMap"/>
            </diffuse>
            <index_of_refraction>
              <float sid="ior">1.45</float>
            </index_of_refraction>
          </lambert>
        </technique>
      </profile_COMMON>
    </effect>
    <effect id="Material_013-effect">
      <profile_COMMON>
        <technique sid="common">
          <lambert>
            <emission>
              <color sid="emission">0 0 0 1</color>
            </emission>
            <diffuse>
              <color sid="diffuse">0 0 0 1</color>
            </diffuse>
            <index_of_refraction>
              <float sid="ior">1.45</float>
            </index_of_refraction>
          </lambert>
        </technique>
      </profile_COMMON>
    </effect>
    <effect id="Material_015-effect">
      <profile_COMMON>
        <technique sid="common">
          <lambert>
            <emission>
              <color sid="emission">0 0 0 1</color>
            </emission>
            <diffuse>
              <color sid="diffuse">0.2842679 0.2842679 0.2842679 1</color>
            </diffuse>
            <reflectivity>
              <float sid="specular">0.7272727</float>
            </reflectivity>
            <index_of_refraction>
              <float sid="ior">1.45</float>
            </index_of_refraction>
          </lambert>
        </technique>
      </profile_COMMON>
    </effect>
    <effect id="Material_004-effect">
      <profile_COMMON>
        <newparam sid="arena_jpg-surface">
          <surface type="2D">
            <init_from>arena_jpg</init_from>
          </surface>
        </newparam>
        <newparam sid="arena_jpg-sampler">
          <sampler2D>
            <source>arena_jpg-surface</source>
          </sampler2D>
        </newparam>
        <technique sid="common">
          <lambert>
            <emission>
              <color sid="emission">0 0 0 1</color>
            </emission>
            <diffuse>
              <texture texture="arena_jpg-sampler" texcoord="UVMap"/>
            </diffuse>
            <index_of_refraction>
              <float sid="ior">1.45</float>
            </index_of_refraction>
          </lambert>
        </technique>
      </profile_COMMON>
    </effect>
    <effect id="Material_011-effect">
      <profile_COMMON>
        <technique sid="common">
          <lambert>
            <emission>
              <color sid="emission">0 0 0 1</color>
            </emission>
            <diffuse>
              <color sid="diffuse">0.1710933 0.3730514 0.8000001 1</color>
            </diffuse>
            <reflectivity>
              <float sid="specular">1</float>
            </reflectivity>
            <index_of_refraction>
              <float sid="ior">0</float>
            </index_of_refraction>
          </lambert>
        </technique>
      </profile_COMMON>
    </effect>
    <effect id="Material_003-effect">
      <profile_COMMON>
        <technique sid="common">
          <lambert>
            <emission>
              <color sid="emission">0 0 0 1</color>
            </emission>
            <diffuse>
              <color sid="diffuse">0.07429715 0.02710589 0.8000001 1</color>
            </diffuse>
            <index_of_refraction>
              <float sid="ior">1.45</float>
            </index_of_refraction>
          </lambert>
        </technique>
      </profile_COMMON>
    </effect>
    <effect id="Material_002-effect">
      <profile_COMMON>
        <technique sid="common">
          <lambert>
            <emission>
              <color sid="emission">0 0 0 1</color>
            </emission>
            <diffuse>
              <color sid="diffuse">0.8000001 0.1358902 0.6385207 1</color>
            </diffuse>
            <index_of_refraction>
              <float sid="ior">1.45</float>
            </index_of_refraction>
          </lambert>
        </technique>
      </profile_COMMON>
    </effect>
    <effect id="Material_001-effect">
      <profile_COMMON>
        <newparam sid="suelopas_png-surface">
          <surface type="2D">
            <init_from>suelopas_png</init_from>
          </surface>
        </newparam>
        <newparam sid="suelopas_png-sampler">
          <sampler2D>
            <source>suelopas_png-surface</source>
          </sampler2D>
        </newparam>
        <technique sid="common">
          <lambert>
            <emission>
              <color sid="emission">0 0 0 1</color>
            </emission>
            <diffuse>
              <texture texture="suelopas_png-sampler" texcoord="UVMap"/>
            </diffuse>
            <index_of_refraction>
              <float sid="ior">1.45</float>
            </index_of_refraction>
          </lambert>
        </technique>
      </profile_COMMON>
    </effect>
  </library_effects>
  <library_images>
    <image id="agua_jpg" name="agua_jpg">
      <init_from>agua.jpg</init_from>
    </image>
    <image id="arena_jpg" name="arena_jpg">
      <init_from>arena.jpg</init_from>
    </image>
    <image id="azulejo_jpg" name="azulejo_jpg">
      <init_from>azulejo.jpg</init_from>
    </image>
    <image id="madera_banca_jpg" name="madera_banca_jpg">
      <init_from>madera%20banca.jpg</init_from>
    </image>
    <image id="madera_jpg" name="madera_jpg">
      <init_from>madera.jpg</init_from>
    </image>
    <image id="suelopas_png" name="suelopas_png">
      <init_from>suelopas.png</init_from>
    </image>
  </library_images>
  <library_materials>
    <material id="Material_014-material" name="Material.014">
      <instance_effect url="#Material_014-effect"/>
    </material>
    <material id="Material_012-material" name="Material.012">
      <instance_effect url="#Material_012-effect"/>
    </material>
    <material id="Material_010-material" name="Material.010">
      <instance_effect url="#Material_010-effect"/>
    </material>
    <material id="Material_005-material" name="Material.005">
      <instance_effect url="#Material_005-effect"/>
    </material>
    <material id="Material_016-material" name="Material.016">
      <instance_effect url="#Material_016-effect"/>
    </material>
    <material id="Material_017-material" name="Material.017">
      <instance_effect url="#Material_017-effect"/>
    </material>
    <material id="Material_013-material" name="Material.013">
      <instance_effect url="#Material_013-effect"/>
    </material>
    <material id="Material_015-material" name="Material.015">
      <instance_effect url="#Material_015-effect"/>
    </material>
    <material id="Material_004-material" name="Material.004">
      <instance_effect url="#Material_004-effect"/>
    </material>
    <material id="Material_011-material" name="Material.011">
      <instance_effect url="#Material_011-effect"/>
    </material>
    <material id="Material_003-material" name="Material.003">
      <instance_effect url="#Material_003-effect"/>
    </material>
    <material id="Material_002-material" name="Material.002">
      <instance_effect url="#Material_002-effect"/>
    </material>
    <material id="Material_001-material" name="Material.001">
      <instance_effect url="#Material_001-effect"/>
    </material>
  </library_materials>
  <library_geometries>
    <geometry id="Cubo-mesh" name="Cubo">
      <mesh>
        <source id="Cubo-mesh-positions">
          <float_array id="Cubo-mesh-positions-array" count="144">-1.618408 0.9549046 -1 -1.618408 0.9549046 1 -1.505772 3.197069 -1 -1.505772 3.197069 1 0.646921 0.2642145 -1 0.646921 0.2642145 1 0.7595573 2.50638 -1 0.7595573 2.50638 1 -4.031342 -47.07746 -1 -4.031342 -47.07746 1 -1.766012 -47.76815 1 -1.766012 -47.76815 -1 4.055272 -49.17031 -1.055102 4.055272 -49.17031 0.9448975 1.789942 -48.47962 0.9448975 1.789942 -48.47962 -1.055102 6.580841 1.104226 0.9448975 6.580841 1.104226 -1.055102 6.468205 -1.13794 0.9448975 6.468205 -1.13794 -1.055102 4.315512 1.794915 0.9448975 4.315512 1.794915 -1.055102 4.202876 -0.4472501 0.9448975 4.202876 -0.4472501 -1.055102 1.296414 0.1423259 -1 1.296414 0.1423259 1 1.409051 2.384491 -1 1.409051 2.384491 1 3.561744 -0.5483641 -1 3.561744 -0.5483641 1 3.67438 1.693802 -1 3.67438 1.693802 1 -1.116519 -47.89004 -1 -1.116519 -47.89004 1 1.14881 -48.58073 1 1.14881 -48.58073 -1 -1.009671 -45.76308 -1 -1.009671 -45.76308 1 1.255659 -46.45377 -1 1.255659 -46.45377 1 -3.93819 -45.22316 -1 -3.93819 -45.22315 1 -1.67286 -45.91384 -1 -1.67286 -45.91384 1 4.151155 -47.26163 0.9448975 4.151155 -47.26163 -1.055102 1.885826 -46.57094 0.9448975 1.885826 -46.57094 -1.055102</float_array>
          <technique_common>
            <accessor source="#Cubo-mesh-positions-array" count="48" stride="3">
              <param name="X" type="float"/>
              <param name="Y" type="float"/>
              <param name="Z" type="float"/>
            </accessor>
          </technique_common>
        </source>
        <source id="Cubo-mesh-normals">
          <float_array id="Cubo-mesh-normals-array" count="198">-0.9987406 0.05017244 0 0.2916412 0.9565278 0 0.9987406 -0.05017215 0 -0.9987406 0.05017226 -2.56828e-7 0 0 -1 0 0 1 -0.2916411 -0.9565278 0 0.9987406 -0.05017226 2.56828e-7 0.9987406 -0.05017262 0 0 0 1 0 0 -1 0 0 1 -0.9987406 0.05017238 0 0.9987407 -0.05017191 0 0.2916413 0.9565278 0 -0.9987406 0.05017232 0 0.2916412 0.9565278 0 0.9987407 -0.05017209 0 -0.9987406 0.0501722 0 -0.2916411 -0.9565278 0 0.9987406 -0.0501722 0 -0.1557847 0.9877911 0 0.086308 -0.004335701 0.9962592 0.1557862 -0.9877908 0 0.1844482 0.9828423 0 0 0 1 -0.1844472 -0.9828424 0 0.9987406 -0.05017226 0 -0.9987406 0.05017226 0 0.9987406 -0.05017226 0 -0.9987406 0.05017226 0 0 0 1 0.9987406 -0.05017226 0 -0.1827938 -0.9831513 0 -0.2216711 0.9751216 0 -0.08630794 0.004335701 -0.9962592 -0.1557837 0.9877912 0 -0.1844509 -0.9828418 0 0.08630776 -0.004335701 0.9962591 -0.9987406 0.05017232 0 -0.9987406 0.05017238 0 -0.2916412 -0.9565278 0 0.9987406 -0.05017226 0 0.9987406 -0.05017215 0 0 0 1 0 0 -1 0 0 -1 -0.9987406 0.05017226 0 0.9987406 -0.05017191 0 0.2916412 0.9565278 0 0.9987406 -0.05017232 0 -0.1557847 0.987791 0 0.08630782 -0.004335701 0.9962591 0.1557863 -0.9877908 0 0.1844483 0.9828422 0 0.9987406 -0.05017226 0 0.9987406 -0.05017226 0 0 0 1 -0.9987406 0.05017226 -1.65009e-7 0 0 -1 -0.1827937 -0.9831513 -2.87573e-7 -0.221671 0.9751216 3.6566e-7 -0.08630764 0.004335701 -0.9962591 -0.1557837 0.9877912 0 -0.1844508 -0.9828417 0 0.08630764 -0.004335701 0.9962592</float_array>
          <technique_common>
            <accessor source="#Cubo-mesh-normals-array" count="66" stride="3">
              <param name="X" type="float"/>
              <param name="Y" type="float"/>
              <param name="Z" type="float"/>
            </accessor>
          </technique_common>
        </source>
        <source id="Cubo-mesh-map-0">
          <float_array id="Cubo-mesh-map-0-array" count="684">0.625 0 0.375 0.25 0.375 0 0.625 0.25 0.375 0.5 0.375 0.25 0.625 0.5 0.375 0.75 0.375 0.5 0.375 0 0.625 0 0.6250001 0 0.375 0.5 0.125 0.75 0.125 0.5 0.625 0.5 0.875 0.75 0.625 0.75 0.625 0.75 0.375 1 0.375 0.75 0.375 0.75 0.125 0.75 0.125 0.75 0.625 0.7500001 0.875 0.75 0.625 0.75 0.625 0.7500001 0.375 0.75 0.375 0.75 0.625 0.75 0.375 0.75 0.375 0.75 0.625 0.75 0.875 0.75 0.625 0.75 0.375 0.75 0.125 0.75 0.125 0.75 0.625 0.75 0.375 1 0.375 0.75 0.625 0.5 0.875 0.75 0.625 0.75 0.375 0.5 0.125 0.75 0.125 0.5 0.375 0 0.625 0 0.625 0 0.625 0.5 0.375 0.75 0.375 0.5 0.625 0.25 0.375 0.5 0.375 0.25 0.625 0 0.375 0.25 0.375 0 0.625 0 0.375 0.25 0.375 0 0.625 0.25 0.375 0.5 0.375 0.25 0.625 0.5 0.375 0.75 0.375 0.5 0.375 0 0.625 0 0.625 0 0.375 0.5 0.125 0.75 0.125 0.5 0.625 0.5 0.875 0.75 0.625 0.75 0.625 0.75 0.375 1 0.375 0.75 0.375 0.75 0.125 0.75 0.125 0.75 0.625 0.75 0.875 0.75 0.625 0.75 0.625 0.75 0.375 0.75 0.375 0.75 0.375 0.5 0.625 0.25 0.375 0.25 0 0 0 0 0 0 0 0 0 0 0 0 0.375 0.25 0.625 0.5 0.625 0.25 0 0 0 0 0 0 0 0 0 0 0 0 0.625 0.75 0.375 0.75 0.375 0.75 0.625 0.75 0.875 0.75 0.625 0.75 0.375 0.75 0.125 0.75 0.125 0.75 0.375 0 0.625 0 0.625 0 0.625 0.75 0.375 0.75 0.375 0.75 0.625 0.75 0.875 0.75 0.625 0.7500001 0.375 0.75 0.125 0.75 0.125 0.75 0.375 0 0.6250001 0 0.625 0 0.375 0 0.625 0 0.625 0 0.375 0.75 0.125 0.75 0.125 0.75 0.625 0.75 0.875 0.75 0.625 0.75 0.625 0.75 0.375 0.75 0.375 0.75 0.875 0.75 0.375 0.75 0.125 0.75 0.375 0 0.625 0.7500001 0.625 0 0 0 0 0 0 0 0 0 0 0 0 0 0 0 0 0 0 0 0 0 0 0 0 0 0 0 0 0 0 0 0 0 0 0 0 0 0.625 0 0.625 0.25 0.375 0.25 0.625 0.25 0.625 0.5 0.375 0.5 0.625 0.5 0.625 0.75 0.375 0.75 0.375 0 0.375 0 0.625 0 0.375 0.5 0.375 0.75 0.125 0.75 0.625 0.5 0.875 0.5 0.875 0.75 0.625 0.75 0.625 1 0.375 1 0.375 0.75 0.375 0.75 0.125 0.75 0.625 0.7500001 0.875 0.75 0.875 0.75 0.625 0.7500001 0.625 0.75 0.375 0.75 0.625 0.75 0.625 0.75 0.375 0.75 0.625 0.75 0.875 0.75 0.875 0.75 0.375 0.75 0.375 0.75 0.125 0.75 0.625 0.75 0.625 1 0.375 1 0.625 0.5 0.875 0.5 0.875 0.75 0.375 0.5 0.375 0.75 0.125 0.75 0.375 0 0.375 0 0.625 0 0.625 0.5 0.625 0.75 0.375 0.75 0.625 0.25 0.625 0.5 0.375 0.5 0.625 0 0.625 0.25 0.375 0.25 0.625 0 0.625 0.25 0.375 0.25 0.625 0.25 0.625 0.5 0.375 0.5 0.625 0.5 0.625 0.75 0.375 0.75 0.375 0 0.375 0 0.625 0 0.375 0.5 0.375 0.75 0.125 0.75 0.625 0.5 0.875 0.5 0.875 0.75 0.625 0.75 0.625 1 0.375 1 0.375 0.75 0.375 0.75 0.125 0.75 0.625 0.75 0.875 0.75 0.875 0.75 0.625 0.75 0.625 0.75 0.375 0.75 0.375 0.5 0.625 0.5 0.625 0.25 0 0 0 0 0 0 0 0 0 0 0 0 0.375 0.25 0.375 0.5 0.625 0.5 0 0 0 0 0 0 0 0 0 0 0 0 0.625 0.75 0.625 0.75 0.375 0.75 0.625 0.75 0.875 0.75 0.875 0.75 0.375 0.75 0.375 0.75 0.125 0.75 0.375 0 0.375 0 0.625 0 0.625 0.75 0.625 0.7500001 0.375 0.75 0.625 0.75 0.875 0.75 0.875 0.75 0.375 0.75 0.375 0.75 0.125 0.75 0.375 0 0.375 0 0.6250001 0 0.375 0 0.375 0 0.625 0 0.375 0.75 0.375 0.75 0.125 0.75 0.625 0.75 0.875 0.75 0.875 0.75 0.625 0.75 0.625 0.75 0.375 0.75 0.125 0.75 0.375 0.75 0.625 0.75 0.875 0.75 0.625 0.75 0.375 0.75 0.125 0.75 0.625 0.75 0.875 0.75 0.375 0 0.375 0.75 0.625 0.7500001 0 0 0 0 0 0 0 0 0 0 0 0 0 0 0 0 0 0 0 0 0 0 0 0 0 0 0 0 0 0 0 0 0 0 0 0</float_array>
          <technique_common>
            <accessor source="#Cubo-mesh-map-0-array" count="342" stride="2">
              <param name="S" type="float"/>
              <param name="T" type="float"/>
            </accessor>
          </technique_common>
        </source>
        <vertices id="Cubo-mesh-vertices">
          <input semantic="POSITION" source="#Cubo-mesh-positions"/>
        </vertices>
        <triangles material="Material_014-material" count="52">
          <input semantic="VERTEX" source="#Cubo-mesh-vertices" offset="0"/>
          <input semantic="NORMAL" source="#Cubo-mesh-normals" offset="1"/>
          <input semantic="TEXCOORD" source="#Cubo-mesh-map-0" offset="2" set="0"/>
          <p>7 2 6 4 2 7 6 2 8 43 7 27 11 7 28 42 7 29 47 12 48 14 12 49 46 12 50 22 15 57 21 15 58 23 15 59 25 15 60 26 15 61 24 15 62 31 17 66 28 17 67 30 17 68 36 18 69 33 18 70 37 18 71 30 4 72 24 4 73 26 4 74 39 20 87 35 20 88 38 20 89 28 23 96 22 23 97 29 23 98 5 26 105 24 26 106 25 26 107 29 27 108 38 27 109 28 27 110 29 5 111 37 5 112 39 5 113 28 4 114 36 4 115 24 4 116 24 28 117 37 28 118 25 28 119 5 29 120 42 29 121 4 29 122 5 5 123 41 5 124 43 5 125 4 4 126 40 4 127 0 4 128 0 30 129 41 30 130 1 30 131 23 30 132 46 30 133 22 30 134 19 4 135 47 4 136 23 4 137 18 31 138 46 31 139 44 31 140 18 32 141 45 32 142 19 32 143 46 33 144 38 33 145 47 33 146 36 34 147 43 34 148 37 34 149 7 2 174 5 2 175 4 2 176 43 42 195 10 42 196 11 42 197 47 47 216 15 47 217 14 47 218 22 15 225 20 15 226 21 15 227 25 15 228 27 15 229 26 15 230 31 17 234 29 17 235 28 17 236 36 18 237 32 18 238 33 18 239 30 4 240 28 4 241 24 4 242 39 50 255 34 50 256 35 50 257 28 53 264 23 53 265 22 53 266 5 26 273 4 26 274 24 26 275 29 55 276 39 55 277 38 55 278 29 5 279 25 5 280 37 5 281 28 4 282 38 4 283 36 4 284 24 28 285 36 28 286 37 28 287 5 56 288 43 56 289 42 56 290 5 57 291 1 57 292 41 57 293 4 4 294 42 4 295 40 4 296 0 58 297 40 58 298 41 58 299 23 30 300 47 30 301 46 30 302 19 59 303 45 59 304 47 59 305 18 5 306 22 5 307 46 5 308 18 32 309 44 32 310 45 32 311 47 6 312 45 6 313 44 6 314 46 60 315 39 60 316 38 60 317 47 6 318 44 6 319 46 6 320 36 61 321 42 61 322 43 61 323</p>
        </triangles>
        <triangles material="Material_012-material" count="62">
          <input semantic="VERTEX" source="#Cubo-mesh-vertices" offset="0"/>
          <input semantic="NORMAL" source="#Cubo-mesh-normals" offset="1"/>
          <input semantic="TEXCOORD" source="#Cubo-mesh-map-0" offset="2" set="0"/>
          <p>1 0 0 2 0 1 0 0 2 3 1 3 6 1 4 2 1 5 40 3 9 9 3 10 41 3 11 6 4 12 0 4 13 2 4 14 7 5 15 1 5 16 5 5 17 10 6 18 8 6 19 11 6 20 42 4 21 8 4 22 40 4 23 43 5 24 9 5 25 10 5 26 44 8 30 12 8 31 45 8 32 44 9 33 14 9 34 13 9 35 45 10 36 15 10 37 47 10 38 13 6 39 15 6 40 12 6 41 16 11 42 22 11 43 18 11 44 17 4 45 23 4 46 21 4 47 16 13 51 19 13 52 17 13 53 20 14 54 17 14 55 21 14 56 27 16 63 30 16 64 26 16 65 31 5 75 25 5 76 29 5 77 34 19 78 32 19 79 35 19 80 38 4 81 32 4 82 36 4 83 39 5 84 33 5 85 34 5 86 30 21 90 20 21 91 21 21 92 22 22 93 31 22 94 29 22 95 26 24 99 7 24 100 27 24 101 27 25 102 5 25 103 25 25 104 14 35 150 39 35 151 46 35 152 33 5 153 43 5 154 10 5 155 35 36 156 14 36 157 15 36 158 10 37 159 32 37 160 33 37 161 42 4 162 32 4 163 11 4 164 38 38 165 15 38 166 47 38 167 1 39 168 3 39 169 2 39 170 3 1 171 7 1 172 6 1 173 40 40 177 8 40 178 9 40 179 6 4 180 4 4 181 0 4 182 7 5 183 3 5 184 1 5 185 10 41 186 9 41 187 8 41 188 42 4 189 11 4 190 8 4 191 43 5 192 41 5 193 9 5 194 44 43 198 13 43 199 12 43 200 44 44 201 46 44 202 14 44 203 45 45 204 12 45 205 15 45 206 13 19 207 14 19 208 15 19 209 16 5 210 20 5 211 22 5 212 17 46 213 19 46 214 23 46 215 16 48 219 18 48 220 19 48 221 20 49 222 16 49 223 17 49 224 27 1 231 31 1 232 30 1 233 31 5 243 27 5 244 25 5 245 34 19 246 33 19 247 32 19 248 38 4 249 35 4 250 32 4 251 39 5 252 37 5 253 33 5 254 30 51 258 31 51 259 20 51 260 22 52 261 20 52 262 31 52 263 26 54 267 6 54 268 7 54 269 27 5 270 7 5 271 5 5 272 14 62 324 34 62 325 39 62 326 33 5 327 37 5 328 43 5 329 35 63 330 34 63 331 14 63 332 10 64 333 11 64 334 32 64 335 42 4 336 36 4 337 32 4 338 38 65 339 35 65 340 15 65 341</p>
        </triangles>
      </mesh>
    </geometry>
    <geometry id="Plano-mesh" name="Plano">
      <mesh>
        <source id="Plano-mesh-positions">
          <float_array id="Plano-mesh-positions-array" count="144">-1.179305 -2.507769 -0.03314924 1.030352 -2.820501 -0.01048451 -1.083931 -0.3424914 -0.03373962 1.138217 -0.3716419 -0.01115226 -1.097556 -0.6518168 -0.03365528 -1.111181 -0.9611422 -0.03357094 -1.124805 -1.270467 -0.0334866 -1.13843 -1.579793 -0.03340226 -1.152055 -1.889118 -0.03331792 -1.16568 -2.198444 -0.03323358 1.045761 -2.470664 -0.01057994 1.061171 -2.120827 -0.01067531 1.07658 -1.77099 -0.01077067 1.091989 -1.421153 -0.0108661 1.107398 -1.071316 -0.01096147 1.122807 -0.7214788 -0.01105684 -1.096828 -2.199193 -0.01314854 -1.103947 -2.508589 -0.01116645 1.10571 -2.821321 0.01149821 1.191659 -0.7222275 0.009028136 1.213574 -0.3724612 0.01083052 -1.008574 -0.3433107 -0.01175683 -1.028704 -0.6525654 -0.01357024 -1.071471 -0.961574 -0.02198714 -1.090314 -1.270843 -0.02342498 -1.103939 -1.580168 -0.02334064 -1.112345 -1.88955 -0.02173411 1.114613 -2.471413 0.009505093 1.10088 -2.121259 9.08474e-4 1.111071 -1.771365 -7.09075e-4 1.126481 -1.421528 -8.04464e-4 1.147108 -1.071748 6.22307e-4 -1.170221 -2.301552 -0.0332055 -1.174763 -2.404661 -0.03317737 1.035489 -2.703889 -0.01051634 1.040625 -2.587276 -0.01054811 -1.091588 -2.302407 -0.01026707 -1.093961 -2.405539 -0.00960642 1.11629 -2.704767 0.0130546 1.119258 -2.588131 0.01239019 1.127944 -0.6048665 -0.01108866 1.13308 -0.4882542 -0.01112043 -1.088473 -0.4455999 -0.03371155 -1.093014 -0.5487083 -0.03368341 1.206577 -0.6057215 0.01184964 1.213882 -0.4891327 0.01245045 -1.007671 -0.4464784 -0.01014053 -1.014381 -0.5495633 -0.01074504</float_array>
          <technique_common>
            <accessor source="#Plano-mesh-positions-array" count="48" stride="3">
              <param name="X" type="float"/>
              <param name="Y" type="float"/>
              <param name="Z" type="float"/>
            </accessor>
          </technique_common>
        </source>
        <source id="Plano-mesh-normals">
          <float_array id="Plano-mesh-normals-array" count="273">0.01015466 -7.19943e-4 -0.9999483 0.01015466 -7.19931e-4 -0.9999482 0.01015472 -7.19937e-4 -0.9999483 0.01015466 -7.19935e-4 -0.9999482 0.01015466 -7.19934e-4 -0.9999482 0.01015466 -7.19935e-4 -0.9999482 0.01015466 -7.19928e-4 -0.9999483 -0.009958565 0.0155766 0.9998291 -0.006847381 0.0275579 0.9995968 -0.007363379 0.02734732 0.9995989 -0.009745657 0.005457103 0.9999377 -0.01015466 7.1994e-4 0.9999482 -0.01047611 -0.004010498 0.9999372 -0.0114603 -0.02564162 0.9996056 0.2798932 -0.01259028 -0.9599486 -0.2798935 0.01259022 0.9599485 0.2798933 -0.01259011 -0.9599486 -0.279893 0.01258999 0.9599487 0.2798931 -0.01259011 -0.9599487 -0.2798931 0.01259034 0.9599486 -0.2798935 0.01258987 0.9599485 0.2798929 -0.01259028 -0.9599487 -0.2798933 0.01258999 0.9599486 -0.1315385 -0.8991559 0.4173925 -0.2798929 0.01259011 0.9599487 0.2798932 -0.01259005 -0.9599486 0.2798942 -0.01258999 -0.9599484 0.0131976 0.9998812 -0.007971286 0.2798935 -0.01259034 -0.9599486 -0.2798933 0.01258999 0.9599486 0.2798931 -0.01258975 -0.9599487 0.2798932 -0.01259046 -0.9599487 -0.2798936 0.01259022 0.9599485 -0.2798932 0.01259046 0.9599486 -0.01214087 -0.0139597 0.9998289 -0.009391725 0.006621956 0.999934 0.01015472 -7.19933e-4 -0.9999483 0.01015472 -7.19945e-4 -0.9999483 -0.2798933 0.01258993 0.9599485 -0.2798932 0.0125907 0.9599487 0.2798934 -0.01259022 -0.9599485 0.2798934 -0.01259076 -0.9599486 -0.01098603 -0.02589005 0.9996044 -0.01030403 -0.005192637 0.9999334 0.01015466 -7.19896e-4 -0.9999483 0.01015466 -7.19942e-4 -0.9999483 0.01015466 -7.19934e-4 -0.9999482 0.0101546 -7.1994e-4 -0.9999482 0.01015466 -7.19926e-4 -0.9999483 0.01015466 -7.19927e-4 -0.9999482 0.01015466 -7.19939e-4 -0.9999483 0.01015466 -7.19938e-4 -0.9999482 0.01015466 -7.19931e-4 -0.9999483 -0.009901523 0.01385653 0.9998551 -0.007087886 0.02442854 0.9996765 -0.007254421 0.02425867 0.9996795 -0.009716391 0.0049057 0.9999408 -0.01015466 7.19934e-4 0.9999482 -0.0103625 -0.003467679 0.9999404 -0.01088535 -0.02265459 0.9996841 0.2798931 -0.01259005 -0.9599487 -0.279893 0.01258999 0.9599487 0.2798932 -0.01259005 -0.9599487 -0.2798931 0.01259022 0.9599486 0.2798931 -0.01259011 -0.9599487 -0.2798931 0.01258987 0.9599486 -0.2798938 0.01258993 0.9599485 0.2798934 -0.01258987 -0.9599486 -0.2798931 0.01259028 0.9599487 -0.13154 -0.8991659 0.4173703 -0.2798933 0.01259011 0.9599486 0.2798932 -0.01259076 -0.9599486 0.2798928 -0.01258927 -0.9599488 0.0131976 0.9998812 -0.007974565 0.2798929 -0.01259005 -0.9599487 -0.2798932 0.01259022 0.9599486 0.2798931 -0.0125904 -0.9599486 0.2798928 -0.01259046 -0.9599487 -0.2798935 0.01258969 0.9599485 -0.2798934 0.01259106 0.9599485 -0.01199114 -0.01226264 0.999853 -0.009448349 0.005936205 0.9999378 0.01015466 -7.19943e-4 -0.9999482 -0.2798932 0.01259022 0.9599487 -0.2798933 0.01258957 0.9599486 0.2798934 -0.01258951 -0.9599486 0.2798933 -0.01258999 -0.9599485 -0.01074755 -0.022834 0.9996815 -0.01025497 -0.004510164 0.9999372 0.01015466 -7.19932e-4 -0.9999483 0.01015466 -7.19933e-4 -0.9999483</float_array>
          <technique_common>
            <accessor source="#Plano-mesh-normals-array" count="91" stride="3">
              <param name="X" type="float"/>
              <param name="Y" type="float"/>
              <param name="Z" type="float"/>
            </accessor>
          </technique_common>
        </source>
        <source id="Plano-mesh-map-0">
          <float_array id="Plano-mesh-map-0-array" count="552">0 1 1 0.952381 0 0.9523809 0 0.09523808 1 0.1428571 1 0.09523808 0 0.1428571 1 0.2857143 1 0.1428571 0 0.2857143 1 0.4285715 1 0.2857143 0 0.4285715 1 0.5714286 1 0.4285715 0 0.5714286 1 0.7142857 1 0.5714286 0 0.8571429 1 0.7142857 0 0.7142857 0 0.9523809 1 1 0 1 0 0.09523808 1 0.1428571 0 0.1428571 0 0.1428571 1 0.2857143 0 0.2857143 0 0.2857143 1 0.4285715 0 0.4285715 0 0.4285715 1 0.5714286 0 0.5714286 1 0.5714286 0 0.7142857 0 0.5714286 1 0.7142857 0 0.8571429 0 0.7142857 1 0.4285715 1 0.2857143 1 0.2857143 0 0.8571429 0 0.7142857 0 0.8571429 1 0.5714286 1 0.4285715 1 0.4285715 0 0.7142857 0 0.5714286 0 0.7142857 1 0.7142857 1 0.5714286 1 0.5714286 0 0.5714286 0 0.4285715 0 0.5714286 0 0.04761904 0 0 0 0.04761904 1 0.8571429 1 0.7142857 1 0.7142857 0 0.4285715 0 0.2857143 0 0.4285715 1 0 0 0 0 0 0 0.1428571 0 0.2857143 0 0.2857143 1 1 1 0.952381 1 0.952381 1 0.09523808 1 0.1428571 1 0.09523808 1 1 0 1 1 1 1 0.1428571 1 0.2857143 1 0.1428571 0 0.9047619 0 0.8571429 0 0.9047619 1 0.04761904 1 0 1 0 1 0.09523808 1 0.04761904 1 0.04761904 0 0.09523808 0 0.1428571 0 0.1428571 0 0.09523808 0 0.04761904 0 0.09523808 0 0 1 0.04761904 0 0.04761904 0 0.04761904 1 0.09523808 0 0.09523808 0 0 1 0.04761904 1 0 0 0.04761904 1 0.09523808 1 0.04761904 0 1 0 0.9523809 0 1 0 0.9523809 0 0.9047619 0 0.9523809 1 0.9047619 1 0.8571429 1 0.8571429 1 0.952381 1 0.9047619 1 0.9047619 1 0.8571429 0 0.9047619 0 0.8571429 1 0.9047619 0 0.9523809 0 0.9047619 0 0.9047619 1 0.8571429 0 0.8571429 0 0.9523809 1 0.9047619 0 0.9047619 0 1 1 1 1 0.952381 0 0.09523808 0 0.1428571 1 0.1428571 0 0.1428571 0 0.2857143 1 0.2857143 0 0.2857143 0 0.4285715 1 0.4285715 0 0.4285715 0 0.5714286 1 0.5714286 0 0.5714286 0 0.7142857 1 0.7142857 0 0.8571429 1 0.8571429 1 0.7142857 0 0.9523809 1 0.952381 1 1 0 0.09523808 1 0.09523808 1 0.1428571 0 0.1428571 1 0.1428571 1 0.2857143 0 0.2857143 1 0.2857143 1 0.4285715 0 0.4285715 1 0.4285715 1 0.5714286 1 0.5714286 1 0.7142857 0 0.7142857 1 0.7142857 1 0.8571429 0 0.8571429 1 0.4285715 1 0.4285715 1 0.2857143 0 0.8571429 0 0.7142857 0 0.7142857 1 0.5714286 1 0.5714286 1 0.4285715 0 0.7142857 0 0.5714286 0 0.5714286 1 0.7142857 1 0.7142857 1 0.5714286 0 0.5714286 0 0.4285715 0 0.4285715 0 0.04761904 0 0 0 0 1 0.8571429 1 0.8571429 1 0.7142857 0 0.4285715 0 0.2857143 0 0.2857143 1 0 1 0 0 0 0 0.1428571 0 0.1428571 0 0.2857143 1 1 1 1 1 0.952381 1 0.09523808 1 0.1428571 1 0.1428571 1 1 0 1 0 1 1 0.1428571 1 0.2857143 1 0.2857143 0 0.9047619 0 0.8571429 0 0.8571429 1 0.04761904 1 0.04761904 1 0 1 0.09523808 1 0.09523808 1 0.04761904 0 0.09523808 0 0.09523808 0 0.1428571 0 0.09523808 0 0.04761904 0 0.04761904 0 0 1 0 1 0.04761904 0 0.04761904 1 0.04761904 1 0.09523808 0 0 0 0.04761904 1 0.04761904 0 0.04761904 0 0.09523808 1 0.09523808 0 1 0 0.9523809 0 0.9523809 0 0.9523809 0 0.9047619 0 0.9047619 1 0.9047619 1 0.9047619 1 0.8571429 1 0.952381 1 0.952381 1 0.9047619 1 0.8571429 1 0.9047619 0 0.9047619 1 0.9047619 1 0.952381 0 0.9523809 0 0.9047619 1 0.9047619 1 0.8571429 0 0.9523809 1 0.952381 1 0.9047619</float_array>
          <technique_common>
            <accessor source="#Plano-mesh-map-0-array" count="276" stride="2">
              <param name="S" type="float"/>
              <param name="T" type="float"/>
            </accessor>
          </technique_common>
        </source>
        <vertices id="Plano-mesh-vertices">
          <input semantic="POSITION" source="#Plano-mesh-positions"/>
        </vertices>
        <triangles material="Material_010-material" count="92">
          <input semantic="VERTEX" source="#Plano-mesh-vertices" offset="0"/>
          <input semantic="NORMAL" source="#Plano-mesh-normals" offset="1"/>
          <input semantic="TEXCOORD" source="#Plano-mesh-map-0" offset="2" set="0"/>
          <p>2 0 0 41 0 1 42 0 2 32 1 3 10 1 4 35 1 5 9 2 6 11 2 7 10 2 8 8 3 9 12 3 10 11 3 11 7 4 12 13 4 13 12 4 14 6 5 15 14 5 16 13 5 17 4 6 18 14 6 19 5 6 20 46 7 21 20 7 22 21 7 23 36 8 24 27 8 25 16 8 26 16 9 27 28 9 28 26 9 29 26 10 30 29 10 31 25 10 32 25 11 33 30 11 34 24 11 35 30 12 36 23 12 37 24 12 38 31 13 39 22 13 40 23 13 41 12 14 42 28 14 43 11 14 44 4 15 45 23 15 46 22 15 47 13 16 48 29 16 49 12 16 50 5 17 51 24 17 52 23 17 53 14 18 54 30 18 55 13 18 56 6 19 57 25 19 58 24 19 59 33 20 60 17 20 61 37 20 62 15 21 63 31 21 64 14 21 65 7 22 66 26 22 67 25 22 68 1 23 69 17 23 70 0 23 71 9 24 72 26 24 73 8 24 74 3 25 75 45 25 76 41 25 77 35 26 78 27 26 79 39 26 80 3 27 81 21 27 82 20 27 83 10 28 84 28 28 85 27 28 86 43 29 87 22 29 88 47 29 89 34 30 90 18 30 91 1 30 92 35 31 93 38 31 94 34 31 95 32 32 96 16 32 97 9 32 98 32 33 99 37 33 100 36 33 101 17 34 102 38 34 103 37 34 104 37 35 105 39 35 106 36 35 107 0 36 108 34 36 109 1 36 110 33 37 111 35 37 112 34 37 113 2 38 114 46 38 115 21 38 116 42 39 117 47 39 118 46 39 119 40 40 120 19 40 121 15 40 122 41 41 123 44 41 124 40 41 125 19 42 126 47 42 127 22 42 128 44 43 129 46 43 130 47 43 131 43 44 132 15 44 133 4 44 134 42 45 135 40 45 136 43 45 137 2 46 138 3 46 139 41 46 140 32 47 141 9 47 142 10 47 143 9 48 144 8 48 145 11 48 146 8 49 147 7 49 148 12 49 149 7 50 150 6 50 151 13 50 152 6 51 153 5 51 154 14 51 155 4 52 156 15 52 157 14 52 158 46 53 159 45 53 160 20 53 161 36 54 162 39 54 163 27 54 164 16 55 165 27 55 166 28 55 167 26 56 168 28 56 169 29 56 170 25 57 171 29 57 172 30 57 173 30 58 174 31 58 175 23 58 176 31 59 177 19 59 178 22 59 179 12 60 180 29 60 181 28 60 182 4 61 183 5 61 184 23 61 185 13 62 186 30 62 187 29 62 188 5 63 189 6 63 190 24 63 191 14 64 192 31 64 193 30 64 194 6 65 195 7 65 196 25 65 197 33 66 198 0 66 199 17 66 200 15 67 201 19 67 202 31 67 203 7 68 204 8 68 205 26 68 206 1 69 207 18 69 208 17 69 209 9 70 210 16 70 211 26 70 212 3 71 213 20 71 214 45 71 215 35 72 216 10 72 217 27 72 218 3 73 219 2 73 220 21 73 221 10 74 222 11 74 223 28 74 224 43 75 225 4 75 226 22 75 227 34 76 228 38 76 229 18 76 230 35 77 231 39 77 232 38 77 233 32 78 234 36 78 235 16 78 236 32 79 237 33 79 238 37 79 239 17 80 240 18 80 241 38 80 242 37 81 243 38 81 244 39 81 245 0 82 246 33 82 247 34 82 248 33 82 249 32 82 250 35 82 251 2 83 252 42 83 253 46 83 254 42 84 255 43 84 256 47 84 257 40 85 258 44 85 259 19 85 260 41 86 261 45 86 262 44 86 263 19 87 264 44 87 265 47 87 266 44 88 267 45 88 268 46 88 269 43 89 270 40 89 271 15 89 272 42 90 273 41 90 274 40 90 275</p>
        </triangles>
      </mesh>
    </geometry>
    <geometry id="Cube_015-mesh" name="Cube.015">
      <mesh>
        <source id="Cube_015-mesh-positions">
          <float_array id="Cube_015-mesh-positions-array" count="60">-0.1635666 -2.517895 3.542198 -0.1635665 -2.517895 11.06548 -1.367306 -1.37592 3.542198 -1.367306 -1.37592 11.06548 -3.051759 -4.763938 3.542197 -3.051759 -4.763938 11.06548 -3.904864 -3.361523 3.542197 -3.904864 -3.361523 11.06548 -7.443167 -6.176125 3.542198 -7.443168 -6.176124 11.06548 -7.708055 -4.389585 3.542198 -7.708055 -4.389585 11.06548 -15.31187 -5.016362 11.06548 -15.07975 -3.311075 3.542198 -15.07975 -3.311075 11.06548 -15.31187 -5.016363 3.542198 -12.0811 -5.901894 11.06548 -11.85971 -4.17978 3.542198 -11.85971 -4.17978 11.06548 -12.0811 -5.901895 3.542198</float_array>
          <technique_common>
            <accessor source="#Cube_015-mesh-positions-array" count="20" stride="3">
              <param name="X" type="float"/>
              <param name="Y" type="float"/>
              <param name="Z" type="float"/>
            </accessor>
          </technique_common>
        </source>
        <source id="Cube_015-mesh-normals">
          <float_array id="Cube_015-mesh-normals-array" count="93">1.81561e-7 1.54891e-7 -1 0.6882497 0.725474 0 0 0 1 -0.6162484 0.7875519 0 0.6138846 -0.7893958 0 -6.35582e-7 0 1 -4.0485e-7 0 -1 -0.2609498 0.9653524 1.28703e-7 0.3061395 -0.9519867 0 1.67525e-7 0 -1 0.2604689 0.9654823 0 -0.2643431 -0.9644287 1.51362e-7 -0.05902469 -0.9982566 2.18273e-7 0.05047094 0.9987255 1.21977e-7 0 0 -1 1.74172e-7 0 1 -0.9908629 0.1348731 0 1.58896e-7 1.91269e-7 -1 0.6882498 0.7254739 0 -5.398e-7 0 1 0.6138846 -0.7893958 0 3.63122e-7 0 1 -1.29517e-7 0 -1 -0.2609497 0.9653525 0 0.3061392 -0.9519867 3.39442e-7 0 0 -1 -0.2643433 -0.9644287 0 -0.05902469 -0.9982566 0 0.05047082 0.9987255 0 0 0 -1 -0.9908629 0.134873 0</float_array>
          <technique_common>
            <accessor source="#Cube_015-mesh-normals-array" count="31" stride="3">
              <param name="X" type="float"/>
              <param name="Y" type="float"/>
              <param name="Z" type="float"/>
            </accessor>
          </technique_common>
        </source>
        <source id="Cube_015-mesh-map-0">
          <float_array id="Cube_015-mesh-map-0-array" count="216">0.125 0.5 0.125 0.75 0.125 0.5 0.625 0.25 0.375 1 0.375 0.25 0.875 0.5 0.875 0.75 0.875 0.75 0.375 0.25 0.625 0.25 0.625 0.25 0.375 1 0.625 1 0.375 1 0.875 0.5 0.875 0.75 0.875 0.75 0.125 0.5 0.125 0.75 0.125 0.5 0.625 0.25 0.375 0.25 0.625 0.25 0.625 1 0.375 1 0.375 1 0.8750002 1.533227 0.8750005 2.870804 0.8750002 1.810402 0.125 1.533226 0.125 2.870801 0.125 2.566453 0.375 0.25 0.6250001 0.25 0.625 0.25 0.625 1 0.375 1 0.375 1 0.625 1 0.375 1 0.375 1 0.375 0.25 0.625 0.25 0.625 0.25 0.125 0.5 0.125 1.8104 0.125 1.533226 0.875 0.5 0.8750002 1.810402 0.875 0.75 0.3750001 0.25 0.625 1 0.6250001 0.25 0.125 0.5 0.125 0.75 0.125 0.75 0.625 0.25 0.875 0.75 0.375 1 0.875 0.5 0.875 0.5 0.875 0.75 0.375 0.25 0.375 0.25 0.625 0.25 0.375 1 0.625 1 0.625 1 0.875 0.5 0.875 0.5 0.875 0.75 0.125 0.5 0.125 0.75 0.125 0.75 0.625 0.25 0.375 0.25 0.375 0.25 0.625 1 0.625 1 0.375 1 0.8750002 1.533227 0.8750004 2.566455 0.8750005 2.870804 0.125 1.533226 0.125 1.8104 0.125 2.870801 0.375 0.25 0.3750001 0.25 0.6250001 0.25 0.625 1 0.625 1 0.375 1 0.625 1 0.625 1 0.375 1 0.375 0.25 0.375 0.25 0.625 0.25 0.125 0.5 0.125 0.75 0.125 1.8104 0.875 0.5 0.8750002 1.533227 0.8750002 1.810402 0.3750001 0.25 0.125 2.870801 0.625 1</float_array>
          <technique_common>
            <accessor source="#Cube_015-mesh-map-0-array" count="108" stride="2">
              <param name="S" type="float"/>
              <param name="T" type="float"/>
            </accessor>
          </technique_common>
        </source>
        <vertices id="Cube_015-mesh-vertices">
          <input semantic="POSITION" source="#Cube_015-mesh-positions"/>
        </vertices>
        <triangles material="Material_005-material" count="36">
          <input semantic="VERTEX" source="#Cube_015-mesh-vertices" offset="0"/>
          <input semantic="NORMAL" source="#Cube_015-mesh-normals" offset="1"/>
          <input semantic="TEXCOORD" source="#Cube_015-mesh-map-0" offset="2" set="0"/>
          <p>2 0 0 4 0 1 6 0 2 3 1 3 0 1 4 2 1 5 7 2 6 9 2 7 5 2 8 2 3 9 7 3 10 3 3 11 0 4 12 5 4 13 4 4 14 3 5 15 5 5 16 1 5 17 6 6 18 8 6 19 10 6 20 7 7 21 10 7 22 11 7 23 5 8 24 8 8 25 4 8 26 18 2 27 12 2 28 16 2 29 17 9 30 15 9 31 13 9 32 17 10 33 14 10 34 18 10 35 16 11 36 15 11 37 19 11 38 9 12 39 19 12 40 8 12 41 10 13 42 18 13 43 11 13 44 10 14 45 19 14 46 17 14 47 11 15 48 16 15 49 9 15 50 13 16 51 12 16 52 14 16 53 2 17 54 0 17 55 4 17 56 3 18 57 1 18 58 0 18 59 7 19 60 11 19 61 9 19 62 2 3 63 6 3 64 7 3 65 0 20 66 1 20 67 5 20 68 3 21 69 7 21 70 5 21 71 6 22 72 4 22 73 8 22 74 7 23 75 6 23 76 10 23 77 5 24 78 9 24 79 8 24 80 18 2 81 14 2 82 12 2 83 17 25 84 19 25 85 15 25 86 17 10 87 13 10 88 14 10 89 16 26 90 12 26 91 15 26 92 9 27 93 16 27 94 19 27 95 10 28 96 17 28 97 18 28 98 10 29 99 8 29 100 19 29 101 11 2 102 18 2 103 16 2 104 13 30 105 15 30 106 12 30 107</p>
        </triangles>
      </mesh>
    </geometry>
    <geometry id="Cube_014-mesh" name="Cube.014">
      <mesh>
        <source id="Cube_014-mesh-positions">
          <float_array id="Cube_014-mesh-positions-array" count="60">-1.626721 -1.93115 -1 -1.626721 -1.93115 2.543188 -2.171082 -0.9790449 -1 -2.171082 -0.9790449 2.543188 1.96624 0.1567667 -1 1.96624 0.1567667 2.543188 1.530752 1.013609 -1 1.530752 1.013609 2.543188 -0.8344708 0.3041218 -1 -0.8344708 0.3041218 2.543188 -0.2969145 -0.5255025 -1 -0.2969145 -0.5255026 2.543188 0.340094 0.7516356 2.543188 0.8266164 -0.06437975 -1 0.340094 0.7516356 -1 0.8266165 -0.06437981 2.543188 -1.616858 -0.4613857 -1 -1.028268 -1.236574 2.543188 -1.616858 -0.4613856 2.543188 -1.028268 -1.236574 -1</float_array>
          <technique_common>
            <accessor source="#Cube_014-mesh-positions-array" count="20" stride="3">
              <param name="X" type="float"/>
              <param name="Y" type="float"/>
              <param name="Z" type="float"/>
            </accessor>
          </technique_common>
        </source>
        <source id="Cube_014-mesh-normals">
          <float_array id="Cube_014-mesh-normals-array" count="84">-0.868125 -0.4963456 0 -0.2148844 0.9766395 0 0.8914667 0.4530864 0 0.7575823 -0.6527398 0 0 0 -1 0 0 1 0.3796881 -0.9251146 0 -0.6993542 0.7147753 0 0.1904985 -0.9816875 0 -3.33364e-7 0 1 -0.3560374 0.9344717 0 -0.6825884 0.730803 0 0.6970953 -0.7169786 0 -0.868125 -0.4963456 0 -0.2148844 0.9766395 0 0.8914666 0.4530864 0 0.7575822 -0.6527399 0 0 0 -1 -2.51525e-7 0 1 -3.92455e-7 0 1 0.3796881 -0.9251146 0 -0.6993541 0.7147754 0 0.1904987 -0.9816875 0 0 0 -1 -0.3560374 0.9344717 0 -0.6825886 0.7308028 0 -2.41935e-7 0 1 0.6970952 -0.7169786 0</float_array>
          <technique_common>
            <accessor source="#Cube_014-mesh-normals-array" count="28" stride="3">
              <param name="X" type="float"/>
              <param name="Y" type="float"/>
              <param name="Z" type="float"/>
            </accessor>
          </technique_common>
        </source>
        <source id="Cube_014-mesh-map-0">
          <float_array id="Cube_014-mesh-map-0-array" count="216">0.625 0 0.375 0.25 0.375 0 0.625 0.4375 0.375 0.5 0.375 0.4375 0.625 0.5 0.375 0.75 0.375 0.5 0.625 0.9375 0.375 1 0.375 0.9375 0.375 0.5 0.3125 0.75 0.3125 0.5 0.875 0.5 0.8125 0.75 0.8125 0.5 0.6875 0.5 0.75 0.75 0.6875 0.75 0.1875 0.5 0.25 0.75 0.1875 0.75 0.625 0.8125 0.375 0.875 0.375 0.8125 0.625 0.3125 0.375 0.375 0.375 0.3125 0.625 0.75 0.375 0.8125 0.375 0.75 0.625 0.5 0.6875 0.75 0.625 0.75 0.3125 0.5 0.25 0.75 0.25 0.5 0.625 0.375 0.375 0.4375 0.375 0.375 0.625 0.25 0.375 0.3125 0.375 0.25 0.125 0.5 0.1875 0.75 0.125 0.75 0.8125 0.5 0.75 0.75 0.75 0.5 0.625 0.875 0.375 0.9375 0.375 0.875 0.625 0 0.625 0.25 0.375 0.25 0.625 0.4375 0.625 0.5 0.375 0.5 0.625 0.5 0.625 0.75 0.375 0.75 0.625 0.9375 0.625 1 0.375 1 0.375 0.5 0.375 0.75 0.3125 0.75 0.875 0.5 0.875 0.75 0.8125 0.75 0.6875 0.5 0.75 0.5 0.75 0.75 0.1875 0.5 0.25 0.5 0.25 0.75 0.625 0.8125 0.625 0.875 0.375 0.875 0.625 0.3125 0.625 0.375 0.375 0.375 0.625 0.75 0.625 0.8125 0.375 0.8125 0.625 0.5 0.6875 0.5 0.6875 0.75 0.3125 0.5 0.3125 0.75 0.25 0.75 0.625 0.375 0.625 0.4375 0.375 0.4375 0.625 0.25 0.625 0.3125 0.375 0.3125 0.125 0.5 0.1875 0.5 0.1875 0.75 0.8125 0.5 0.8125 0.75 0.75 0.75 0.625 0.875 0.625 0.9375 0.375 0.9375</float_array>
          <technique_common>
            <accessor source="#Cube_014-mesh-map-0-array" count="108" stride="2">
              <param name="S" type="float"/>
              <param name="T" type="float"/>
            </accessor>
          </technique_common>
        </source>
        <vertices id="Cube_014-mesh-vertices">
          <input semantic="POSITION" source="#Cube_014-mesh-positions"/>
        </vertices>
        <triangles material="Material_005-material" count="36">
          <input semantic="VERTEX" source="#Cube_014-mesh-vertices" offset="0"/>
          <input semantic="NORMAL" source="#Cube_014-mesh-normals" offset="1"/>
          <input semantic="TEXCOORD" source="#Cube_014-mesh-map-0" offset="2" set="0"/>
          <p>1 0 0 2 0 1 0 0 2 12 1 3 6 1 4 14 1 5 7 2 6 4 2 7 6 2 8 17 3 9 0 3 10 19 3 11 6 4 12 13 4 13 14 4 14 3 5 15 17 5 16 18 5 17 12 5 18 11 5 19 15 5 20 16 4 21 10 4 22 19 4 23 15 6 24 10 6 25 13 6 26 18 7 27 8 7 28 16 7 29 5 8 30 13 8 31 4 8 32 7 9 33 15 9 34 5 9 35 14 4 36 10 4 37 8 4 38 9 10 39 14 10 40 8 10 41 3 11 42 16 11 43 2 11 44 2 4 45 19 4 46 0 4 47 18 5 48 11 5 49 9 5 50 11 12 51 19 12 52 10 12 53 1 13 54 3 13 55 2 13 56 12 14 57 7 14 58 6 14 59 7 15 60 5 15 61 4 15 62 17 16 63 1 16 64 0 16 65 6 17 66 4 17 67 13 17 68 3 18 69 1 18 70 17 18 71 12 19 72 9 19 73 11 19 74 16 4 75 8 4 76 10 4 77 15 20 78 11 20 79 10 20 80 18 21 81 9 21 82 8 21 83 5 22 84 15 22 85 13 22 86 7 5 87 12 5 88 15 5 89 14 23 90 13 23 91 10 23 92 9 24 93 12 24 94 14 24 95 3 25 96 18 25 97 16 25 98 2 4 99 16 4 100 19 4 101 18 26 102 17 26 103 11 26 104 11 27 105 17 27 106 19 27 107</p>
        </triangles>
      </mesh>
    </geometry>
    <geometry id="Cylinder_016-mesh" name="Cylinder.016">
      <mesh>
        <source id="Cylinder_016-mesh-positions">
          <float_array id="Cylinder_016-mesh-positions-array" count="564">-5.16614e-6 4.491762 -3.245148 -5.51123e-6 3.028435 4.055029 0.876294 4.405454 -3.245148 0.5908129 2.970244 4.055029 1.718918 4.149847 -3.245148 1.158926 2.797909 4.055029 2.495484 3.734764 -3.245148 1.682503 2.518051 4.055029 3.17615 3.176156 -3.245148 2.141421 2.141427 4.055029 3.734758 2.49549 -3.245148 2.518045 1.682509 4.055029 4.149841 1.718924 -3.245148 2.797903 1.158932 4.055029 4.405448 0.8763002 -3.245148 2.970238 0.5908191 4.055029 4.491756 6.92641e-7 -3.245148 3.028429 7.36463e-7 4.055029 4.405448 -0.8762983 -3.245148 2.970238 -0.590817 4.055029 2.797903 -1.15893 4.055029 2.518045 -1.682507 4.055029 3.17615 -3.176154 -3.245148 2.141421 -2.141426 4.055029 2.495484 -3.734762 -3.245148 1.682502 -2.51805 4.055029 1.718918 -4.149846 -3.245148 1.158926 -2.797907 4.055029 0.8762939 -4.405453 -3.245148 0.5908132 -2.970242 4.055029 -5.55882e-6 -4.49176 -3.245148 -5.47665e-6 -3.028433 4.055029 -0.876304 -4.405453 -3.245148 -0.5908233 -2.970243 4.055029 -1.718928 -4.149846 -3.245148 -1.158936 -2.797907 4.055029 -2.495494 -3.734762 -3.245148 -1.682513 -2.518049 4.055029 -3.17616 -3.176154 -3.245148 -2.141431 -2.141426 4.055029 -3.734767 -2.495489 -3.245148 -2.518055 -1.682507 4.055029 -4.149851 -1.718922 -3.245148 -2.797913 -1.158931 4.055029 -4.405458 -0.8762986 -3.245148 -2.970248 -0.5908176 4.055029 -4.491766 9.42547e-7 -3.245148 -3.028439 9.42547e-7 4.055029 -4.405458 0.8763005 -3.245148 -2.970248 0.590819 4.055029 -4.149851 1.718924 -3.245148 -2.797913 1.158933 4.055029 -3.734768 2.495489 -3.245148 -2.518056 1.682508 4.055029 -3.176161 3.176155 -3.245148 -2.141432 2.141427 4.055029 -2.495494 3.734764 -3.245148 -1.682513 2.518052 4.055029 -1.718928 4.149847 -3.245148 -1.158937 2.797909 4.055029 -0.8763039 4.405455 -3.245148 -0.5908228 2.970244 4.055029 0.876294 4.405454 4.055029 -5.16614e-6 4.491762 4.055029 1.718918 4.149847 4.055029 2.495484 3.734764 4.055029 3.17615 3.176156 4.055029 3.734758 2.49549 4.055029 4.149841 1.718924 4.055029 4.405448 0.8763002 4.055029 4.491756 6.92641e-7 4.055029 4.405448 -0.8762983 4.055029 4.149841 -1.718922 4.055029 3.734758 -2.495488 4.055029 3.17615 -3.176154 4.055029 2.495484 -3.734762 4.055029 1.718918 -4.149846 4.055029 0.8762939 -4.405453 4.055029 -5.55882e-6 -4.49176 4.055029 -0.876304 -4.405453 4.055029 -1.718928 -4.149846 4.055029 -2.495494 -3.734762 4.055029 -3.17616 -3.176154 4.055029 -3.734767 -2.495489 4.055029 -4.149851 -1.718922 4.055029 -4.405458 -0.8762986 4.055029 -4.491766 9.42547e-7 4.055029 -4.405458 0.8763005 4.055029 -4.149851 1.718924 4.055029 -3.734768 2.495489 4.055029 -3.176161 3.176155 4.055029 -2.495494 3.734764 4.055029 -1.718928 4.149847 4.055029 -0.8763039 4.405455 4.055029 0.5908098 2.970244 -3.24515 -8.62285e-6 3.028435 -3.24515 1.158923 2.797909 -3.24515 1.6825 2.518051 -3.24515 2.141418 2.141427 -3.24515 2.518042 1.682509 -3.24515 2.7979 1.158932 -3.24515 2.970235 0.5908191 -3.24515 3.028426 7.36463e-7 -3.24515 2.970235 -0.590817 -3.24515 2.141418 -2.141426 -3.24515 1.682499 -2.51805 -3.24515 1.158923 -2.797907 -3.24515 0.5908101 -2.970242 -3.24515 -8.58827e-6 -3.028433 -3.24515 -0.5908264 -2.970243 -3.24515 -1.158939 -2.797907 -3.24515 -1.682516 -2.518049 -3.24515 -2.141434 -2.141426 -3.24515 -2.518059 -1.682507 -3.24515 -2.797916 -1.158931 -3.24515 -2.970252 -0.5908176 -3.24515 -3.028442 9.42547e-7 -3.24515 -2.970252 0.590819 -3.24515 -2.797916 1.158933 -3.24515 -2.518059 1.682508 -3.24515 -2.141435 2.141427 -3.24515 -1.682516 2.518052 -3.24515 -1.15894 2.797909 -3.24515 -0.5908259 2.970244 -3.24515 -5.16614e-6 4.491762 1.967317 0.876294 4.405454 1.967317 1.718918 4.149847 1.967317 2.495484 3.734764 1.967317 3.17615 3.176156 1.967317 3.734758 2.49549 1.967317 4.149841 1.718924 1.967317 4.405448 0.8763002 1.967317 4.491756 6.92641e-7 1.967317 4.405448 -0.8762983 1.967317 4.149841 -1.718922 2.797176 3.734758 -2.495488 2.797176 3.17615 -3.176154 1.967317 2.495484 -3.734762 1.967317 1.718918 -4.149846 1.967317 0.8762939 -4.405453 1.967317 -5.55882e-6 -4.49176 1.967317 -0.876304 -4.405453 1.967317 -1.718928 -4.149846 1.967317 -2.495494 -3.734762 1.967317 -3.17616 -3.176154 1.967317 -3.734767 -2.495489 1.967317 -4.149851 -1.718922 1.967317 -4.405458 -0.8762986 1.967317 -4.491766 9.42547e-7 1.967317 -4.405458 0.8763005 1.967317 -4.149851 1.718924 1.967317 -3.734768 2.495489 1.967317 -3.176161 3.176155 1.967317 -2.495494 3.734764 1.967317 -1.718928 4.149847 1.967317 -0.8763039 4.405455 1.967317 -2.97025 0.590819 1.967316 -2.797914 1.158933 1.967316 2.14142 -2.141426 1.967316 1.682501 -2.51805 1.967316 -2.518057 1.682508 1.967316 1.158925 -2.797907 1.967316 -7.06704e-6 3.028435 1.967316 0.5908113 2.970244 1.967316 -2.141433 2.141427 1.967316 0.5908117 -2.970242 1.967316 1.158925 2.797909 1.967316 -1.682515 2.518052 1.967316 -7.03246e-6 -3.028433 1.967316 1.682501 2.518051 1.967316 -1.158938 2.797909 1.967316 -0.5908249 -2.970243 1.967316 2.141419 2.141427 1.967316 -0.5908243 2.970244 1.967316 -1.158938 -2.797907 1.967316 2.518044 1.682509 1.967316 -1.682515 -2.518049 1.967316 2.797902 1.158932 1.967316 -2.141432 -2.141426 1.967316 2.970237 0.5908191 1.967316 -2.518057 -1.682507 1.967316 3.028428 7.36463e-7 1.967316 -2.797914 -1.158931 1.967316 2.970237 -0.590817 1.967316 -2.97025 -0.5908176 1.967316 2.797902 -1.15893 2.540525 -3.02844 9.42547e-7 1.967316 2.518044 -1.682507 2.540525</float_array>
          <technique_common>
            <accessor source="#Cylinder_016-mesh-positions-array" count="188" stride="3">
              <param name="X" type="float"/>
              <param name="Y" type="float"/>
              <param name="Z" type="float"/>
            </accessor>
          </technique_common>
        </source>
        <source id="Cylinder_016-mesh-normals">
          <float_array id="Cylinder_016-mesh-normals-array" count="993">0.09801715 0.9951847 0 0.2902848 0.9569403 0 0.4713968 0.8819213 0 0.6343935 0.7730103 0 0.7730108 0.6343929 0 0.8819213 0.4713967 0 0.95694 0.2902858 0 0.9951847 0.09801769 0 0.9951848 -0.09801673 0 0.9569405 -0.2902845 0 0.8819212 -0.4713969 0 0.7730111 -0.6343924 0 0.6343929 -0.7730108 0 0.4713969 -0.8819212 0 0.2902846 -0.9569404 0 0.09801661 -0.9951848 0 -0.09801673 -0.9951848 0 -0.2902846 -0.9569404 0 -0.4713971 -0.8819212 0 -0.6343932 -0.7730106 0 -0.7730108 -0.6343929 0 -0.8819211 -0.4713972 0 -0.9569404 -0.2902847 0 -0.9951848 -0.09801667 0 -0.9951847 0.09801769 0 -0.9569404 0.2902848 0 -0.8819216 0.4713961 0 -0.7730109 0.634393 0 -0.6343932 0.7730106 0 -0.4713965 0.8819215 0 0.9569402 -0.2902853 -3.0626e-7 -0.2902852 0.9569403 0 -0.09801673 0.9951848 0 -2.32411e-7 0 1 0 0 1 3.71858e-7 0 1 5.51536e-7 0 1 5.51537e-7 0 1 2.75769e-7 0 1 -3.71857e-7 0 1 -3.71857e-7 0 1 -3.71857e-7 0 1 -3.71857e-7 0 1 1.10308e-6 0 1 -1.85929e-7 0 1 -1.85928e-7 0 1 -5.51537e-7 0 1 -3.71857e-7 0 1 -2.75768e-7 0 1 5.51538e-7 0 1 3.71857e-7 0 1 -5.57786e-7 0 1 1.85929e-7 0 1 0 -1.09667e-6 -1 -0.6343926 0.7730111 1.54091e-7 0.8819215 -0.4713963 -2.73906e-7 -0.4713965 0.8819215 1.54091e-7 -0.09801763 -0.9951848 0 0.773011 -0.6343927 -2.07801e-7 -0.2902845 0.9569404 0 -0.2902844 -0.9569405 0 0.6343932 -0.7730106 -2.10694e-7 -0.09801673 0.9951848 0 -0.4713968 -0.8819213 1.74533e-7 0.4713962 -0.8819217 0 0.0980165 0.9951848 0 -0.6343935 -0.7730103 1.77426e-7 0.290285 -0.9569403 -1.24288e-7 0.290285 0.9569402 -1.54091e-7 -0.7730108 -0.6343929 2.26889e-7 0.09801703 -0.9951848 0 0.4713974 0.8819209 -1.54091e-7 -0.8819214 -0.4713968 2.71581e-7 0.6343926 0.7730112 -1.54091e-7 -0.9569405 -0.2902845 2.62738e-7 0.77301 0.634394 -2.31136e-7 -0.9951847 -0.09801709 3.17811e-7 0.8819212 0.4713968 -2.8892e-7 -0.9951847 0.09801781 2.72967e-7 0.9569405 0.2902844 -2.60028e-7 0.9951848 0.09801644 -3.17813e-7 0.9951848 -0.09801656 -2.72968e-7 0 -1.0107e-6 -1 3.71857e-7 -8.85886e-7 -1 -0.1950901 -0.9807853 0 -0.1358466 -0.6829504 -0.7177218 1.26563e-6 0 -1 8.27304e-7 0 -1 1.37884e-6 3.32672e-7 -1 8.27303e-7 5.4023e-7 -1 5.51536e-7 7.27028e-7 -1 2.75768e-7 8.85886e-7 -1 8.27305e-7 1.0107e-6 -1 4.13652e-7 1.09667e-6 -1 9.65189e-7 1.1405e-6 -1 -6.89423e-7 1.1405e-6 -1 -1.37884e-7 1.09667e-6 -1 -1.37884e-7 1.0107e-6 -1 -5.51537e-7 8.85888e-7 -1 -8.27307e-7 7.2703e-7 -1 -8.27308e-7 5.40231e-7 -1 -8.27307e-7 3.32675e-7 -1 -8.27308e-7 0 -1 -1.48743e-6 0 -1 -1.3015e-6 -3.32674e-7 -1 -1.11557e-6 -5.40233e-7 -1 -1.11557e-6 -7.2703e-7 -1 -7.43716e-7 -8.85888e-7 -1 -7.43715e-7 -1.0107e-6 -1 0 -1.09668e-6 -1 0 -1.1405e-6 -1 0 -1.1405e-6 -1 -0.09801673 0.9951848 0 -0.2902851 0.9569403 0 -0.4713965 0.8819215 0 -0.6343932 0.7730105 0 -0.7730112 0.6343925 0 -0.8819215 0.4713962 0 -0.9569403 0.2902848 0 -0.9951847 0.09801828 0 -0.9951848 -0.09801661 0 -0.9569405 -0.290284 0 -0.8819212 -0.471397 0 -0.7730105 -0.6343932 0 -0.634393 -0.7730107 0 -0.4713972 -0.881921 0 -0.09801673 -0.9951848 0 0.2902846 -0.9569404 0 0.4713971 -0.8819212 0 0.6343929 -0.7730108 0 0.1530678 -0.08181685 -0.984823 0.4811401 0.4907588 -0.7264022 0.7071061 0.7071076 0 0.9951848 -0.09801667 0 0.9951848 0.09801745 0 0.9569401 0.2902857 0 0.8819212 0.4713969 0 0.773011 0.6343928 0 0.6343933 0.7730104 0 0.2902848 0.9569403 0 0.09801721 0.9951847 0 -0.7730117 0.6343919 4.80905e-7 0.9951847 -0.09801727 -7.96499e-7 -0.8819214 0.4713966 8.61792e-7 0.9951848 0.09801679 -6.82283e-7 -0.9569406 0.2902839 9.03467e-7 0.9569404 0.290285 -7.69448e-7 -0.9951848 0.09801697 7.97618e-7 0.8819214 0.4713966 -5.77086e-7 -0.9951847 -0.09801763 6.82282e-7 0.7730102 0.6343936 -5.77086e-7 -0.9569402 -0.2902852 7.65319e-7 0.634393 0.7730109 -3.84725e-7 -0.8819214 -0.4713966 5.9494e-7 0.4713976 0.8819209 -3.84724e-7 0.09801697 -0.9951848 0 -0.7730101 -0.6343937 5.40517e-7 0.2902849 0.9569404 -3.84724e-7 0.290285 -0.9569404 -3.10314e-7 -0.6343927 -0.7730109 5.80937e-7 0.0980165 0.9951848 0 0.4713963 -0.8819215 -2.64077e-7 -0.4713968 -0.8819212 4.35764e-7 -0.09801679 0.9951848 1.92362e-7 0.634393 -0.7730107 -5.26047e-7 -0.2902841 -0.9569406 1.20647e-7 -0.2902846 0.9569405 1.92362e-7 0.7730107 -0.6343931 -5.73235e-7 -0.09801763 -0.9951848 0 -0.4713969 0.8819212 3.84724e-7 0.8819217 -0.4713962 -6.13655e-7 -0.634393 0.7730108 5.77086e-7 0.9569399 -0.2902863 -6.55414e-7 0.09801721 0.9951848 0 0.2902846 0.9569404 0 0.4713965 0.8819215 0 0.634393 0.7730107 0 0.7730106 0.6343932 0 0.8819211 0.4713971 0 0.9569407 0.2902839 0 0.9951848 0.09801667 0 0.9951847 -0.09801775 0 0.9569404 -0.2902848 0 0.7730104 -0.6343935 0 0.6343931 -0.7730106 0 0.4713971 -0.8819211 0 0.2902847 -0.9569404 0 0.09801661 -0.9951848 0 -0.2902847 -0.9569404 0 -0.6343929 -0.7730108 0 -0.7730106 -0.6343932 0 -0.9569404 -0.2902848 0 -0.9951847 -0.09801769 0 -0.9951848 0.09801667 0 -0.9569401 0.2902858 0 -0.8819211 0.471397 0 -0.773011 0.6343926 0 -0.6343934 0.7730104 0 0.9569401 -0.2902859 -2.60028e-7 -0.2902852 0.9569403 0 -0.09801673 0.9951848 0 5.57786e-7 0 1 -3.71857e-7 0 1 -5.51537e-7 0 1 3.71857e-7 0 1 -2.75769e-7 0 1 5.51537e-7 0 1 3.71857e-7 0 1 -1.85929e-7 0 1 1.85929e-7 0 1 3.71858e-7 0 1 5.51537e-7 0 1 2.75769e-7 0 1 -3.71857e-7 0 1 4.13653e-7 -1.09667e-6 -1 -0.6343932 0.7730106 2.3268e-7 0.8819215 -0.4713963 -2.88921e-7 -0.4713969 0.8819212 0 -0.09801763 -0.9951848 0 0.7730107 -0.634393 -2.69659e-7 -0.2902846 0.9569405 1.25369e-7 -0.2902844 -0.9569405 1.54091e-7 0.6343935 -0.7730103 -1.54091e-7 -0.09801679 0.9951848 0 -0.4713967 -0.8819213 0 0.4713962 -0.8819217 -1.54091e-7 0.0980165 0.9951848 0 -0.6343929 -0.7730109 2.31136e-7 0.290285 -0.9569403 0 0.2902849 0.9569403 0 -0.7730102 -0.6343936 1.92613e-7 0.09801703 -0.9951848 0 0.4713973 0.881921 0 -0.8819214 -0.4713968 2.8892e-7 0.6343931 0.7730107 -2.10692e-7 -0.9569401 -0.2902856 3.08182e-7 0.7730108 0.6343929 -2.68115e-7 -0.9951847 -0.09801769 2.7327e-7 0.8819212 0.4713968 -2.73904e-7 -0.9951848 0.09801721 3.17812e-7 0.9569402 0.2902855 -3.06258e-7 0.9951847 0.09801769 -2.7327e-7 0.9951848 -0.09801715 -3.17812e-7 1.24096e-6 -1.0107e-6 -1 1.10307e-6 -8.85886e-7 -1 -0.1950901 -0.9807854 0 -0.1407434 -0.6727046 -0.726402 5.51536e-7 0 -1 1.70922e-6 0 -1 9.29641e-7 3.32672e-7 -1 1.3015e-6 5.4023e-7 -1 1.11557e-6 7.27027e-7 -1 1.11557e-6 8.85886e-7 -1 7.43714e-7 1.0107e-6 -1 0 1.09667e-6 -1 0 1.1405e-6 -1 0 1.1405e-6 -1 0 1.09668e-6 -1 -7.43715e-7 1.0107e-6 -1 -7.43715e-7 8.85888e-7 -1 -7.43716e-7 7.2703e-7 -1 -1.11558e-6 5.40231e-7 -1 -1.11557e-6 3.32674e-7 -1 -1.48743e-6 0 -1 -8.27307e-7 0 -1 -8.27308e-7 -3.32674e-7 -1 -5.51538e-7 -5.40231e-7 -1 -5.51538e-7 -7.27028e-7 -1 -5.51539e-7 -8.85889e-7 -1 -6.89421e-7 -1.0107e-6 -1 0 -1.09667e-6 -1 -1.10307e-6 -1.1405e-6 -1 6.89421e-7 -1.1405e-6 -1 -0.09801673 0.9951848 0 -0.2902851 0.9569403 0 -0.4713966 0.8819214 0 -0.6343935 0.7730104 0 -0.7730107 0.634393 0 -0.8819212 0.4713969 0 -0.9569401 0.2902856 0 -0.9951848 0.09801661 0 -0.9951847 -0.09801822 0 -0.9569404 -0.2902848 0 -0.8819209 -0.4713976 0 -0.6343932 -0.7730105 0 -0.4713971 -0.8819211 0 0.09801661 -0.9951848 0 0.2902848 -0.9569404 0 0.153069 -0.08181685 -0.9848228 0.4923799 0.4923797 -0.7177218 0.7071058 0.7071079 -2.50687e-7 0.9951848 -0.09801751 0 0.9951848 0.09801661 0 0.9569405 0.2902842 0 0.7730105 0.6343932 0 0.6343931 0.7730106 0 0.4713966 0.8819214 0 0.2902846 0.9569404 0 0.09801721 0.9951848 0 -0.7730111 0.6343926 7.45098e-7 0.9951847 -0.09801763 -6.82282e-7 -0.8819209 0.4713973 8.20118e-7 0.9951847 0.09801757 -7.97618e-7 -0.9569399 0.2902861 7.69448e-7 0.9569402 0.2902851 -6.5541e-7 -0.9951847 0.09801769 6.82284e-7 0.8819213 0.4713967 -6.13651e-7 -0.9951848 -0.09801685 7.96499e-7 0.7730106 0.6343933 -5.18821e-7 -0.9569402 -0.2902851 6.49222e-7 0.6343925 0.7730112 -5.26042e-7 -0.8819214 -0.4713966 6.25176e-7 0.4713975 0.8819208 -2.64073e-7 0.09801703 -0.9951848 0 -0.7730111 -0.6343926 6.73267e-7 0.2902849 0.9569404 0 0.2902849 -0.9569403 -1.92362e-7 -0.6343935 -0.7730104 3.84724e-7 0.0980165 0.9951848 0 0.4713965 -0.8819215 -3.84724e-7 -0.4713969 -0.8819212 1.92362e-7 -0.09801673 0.9951848 0 0.6343937 -0.7730103 -3.84724e-7 -0.2902844 -0.9569404 3.84724e-7 -0.2902843 0.9569405 3.13012e-7 0.7730109 -0.6343929 -5.77086e-7 -0.09801763 -0.9951847 -1.92362e-7 -0.4713965 0.8819215 2.43405e-7 0.8819217 -0.4713959 -5.77087e-7 -0.6343929 0.7730108 4.42989e-7 0.9569404 -0.2902845 -7.69447e-7</float_array>
          <technique_common>
            <accessor source="#Cylinder_016-mesh-normals-array" count="331" stride="3">
              <param name="X" type="float"/>
              <param name="Y" type="float"/>
              <param name="Z" type="float"/>
            </accessor>
          </technique_common>
        </source>
        <source id="Cylinder_016-mesh-map-0">
          <float_array id="Cylinder_016-mesh-map-0-array" count="2256">1 1 0.96875 0.75 1 0.75 0.96875 1 0.9375 0.75 0.96875 0.75 0.9375 1 0.90625 0.75 0.9375 0.75 0.90625 1 0.8750001 0.7500001 0.90625 0.75 0.875 1 0.84375 0.75 0.8750001 0.7500001 0.84375 1 0.8125 0.75 0.84375 0.75 0.8125 1 0.78125 0.75 0.8125 0.75 0.78125 1 0.75 0.75 0.78125 0.75 0.75 1 0.71875 0.75 0.75 0.75 0.71875 1 0.6875 0.75 0.71875 0.75 0.6875 1 0.65625 0.75 0.6875 0.75 0.65625 0.75 0.625 1 0.625 0.75 0.625 1 0.59375 0.75 0.625 0.75 0.59375 1 0.5625 0.75 0.59375 0.75 0.5625 1 0.53125 0.75 0.5625 0.75 0.53125 1 0.5 0.75 0.53125 0.75 0.5 1 0.46875 0.75 0.5 0.75 0.46875 1 0.4375 0.75 0.46875 0.75 0.4375 1 0.40625 0.75 0.4375 0.75 0.40625 1 0.375 0.7500001 0.40625 0.75 0.375 1 0.34375 0.75 0.375 0.7500001 0.34375 1 0.3125 0.75 0.34375 0.75 0.3125 1 0.28125 0.75 0.3125 0.75 0.28125 1 0.25 0.75 0.28125 0.75 0.25 1 0.21875 0.75 0.25 0.75 0.21875 1 0.1875 0.75 0.21875 0.75 0.1875 1 0.15625 0.75 0.1875 0.75 0.15625 1 0.125 0.75 0.15625 0.75 0.125 1 0.09375 0.75 0.125 0.75 0.09375 1 0.0625 0.75 0.09375 0.75 0.09129643 0.2815681 0.1005045 0.3119231 0.1005045 0.3119231 0.0625 1 0.03125 0.75 0.0625 0.75 0.03125 1 0 0.75 0.03125 0.75 0.25 0.4118127 0.2968217 0.4853885 0.25 0.49 0.3119231 0.3994955 0.2968217 0.4853885 0.281568 0.4087034 0.3398983 0.3845424 0.341844 0.4717311 0.3119231 0.3994955 0.3644189 0.3644189 0.3833369 0.4495527 0.3398983 0.3845424 0.3644189 0.3644189 0.4495527 0.3833369 0.4197056 0.4197056 0.3994954 0.311923 0.4495527 0.3833369 0.3845424 0.3398984 0.4087035 0.2815681 0.4717311 0.341844 0.3994954 0.311923 0.4118127 0.25 0.4853885 0.2968217 0.4087035 0.2815681 0.4118127 0.25 0.4853885 0.2031783 0.49 0.25 0.4087035 0.2184318 0.4717311 0.1581559 0.4853885 0.2031783 0.3994954 0.1880769 0.4495527 0.1166631 0.4717311 0.1581559 0.3644189 0.1355811 0.4495527 0.1166631 0.3845423 0.1601016 0.3644189 0.1355811 0.3833369 0.05044728 0.4197056 0.08029437 0.311923 0.1005045 0.3833369 0.05044728 0.3398983 0.1154576 0.2815681 0.09129643 0.341844 0.02826887 0.311923 0.1005045 0.2815681 0.09129643 0.25 0.00999999 0.2968217 0.01461148 0.2184318 0.09129643 0.25 0.00999999 0.2499999 0.08818727 0.1880769 0.1005045 0.2031783 0.01461148 0.2184318 0.09129643 0.1880769 0.1005045 0.1166631 0.05044728 0.1581559 0.02826887 0.1355811 0.1355811 0.1166631 0.05044728 0.1601016 0.1154577 0.1355811 0.1355811 0.05044728 0.116663 0.08029437 0.08029437 0.1005045 0.1880769 0.05044728 0.116663 0.1154577 0.1601016 0.1005045 0.1880769 0.01461154 0.2031783 0.02826887 0.1581559 0.08818721 0.25 0.01461154 0.2031783 0.09129643 0.2184319 0.09129643 0.2815681 0.00999999 0.25 0.08818721 0.25 0.09129643 0.2815681 0.02826893 0.341844 0.01461154 0.2968217 0.1154576 0.3398982 0.02826893 0.341844 0.1005045 0.3119231 0.1355811 0.3644189 0.05044722 0.3833368 0.1154576 0.3398982 0.1355811 0.3644189 0.1166631 0.4495527 0.08029431 0.4197056 0.1601016 0.3845423 0.1581559 0.4717311 0.1166631 0.4495527 0.218432 0.4087036 0.1581559 0.4717311 0.1880769 0.3994954 0.218432 0.4087036 0.25 0.49 0.2031783 0.4853885 0.53125 0.5 0.311923 0.1005045 0.5625 0.5 0.3398983 0.1154576 0.3644189 0.1355811 0.3398983 0.1154576 0.1005045 0.3119231 0.1154576 0.3398982 0.1154575 0.3398982 0.311923 0.1005045 0.3398983 0.1154576 0.311923 0.1005045 0.25 0.4118127 0.281568 0.4087034 0.281568 0.4087034 0.1154575 0.3398982 0.1355811 0.3644189 0.1355811 0.3644189 0.2815681 0.09129643 0.311923 0.1005045 0.2815681 0.09129643 0.281568 0.4087034 0.3119231 0.3994955 0.3119231 0.3994955 0.1355811 0.3644189 0.1601016 0.3845423 0.1601016 0.3845422 0.2499999 0.08818727 0.2815681 0.09129643 0.2499999 0.08818727 0.3119231 0.3994955 0.3398983 0.3845424 0.3398983 0.3845424 0.1601016 0.3845422 0.1880769 0.3994954 0.1880769 0.3994954 0.2184318 0.09129643 0.2499999 0.08818727 0.2184318 0.09129643 0.3398983 0.3845424 0.3644189 0.3644189 0.3644189 0.3644189 0.1880769 0.3994954 0.218432 0.4087036 0.218432 0.4087036 0.188077 0.1005045 0.2184318 0.09129643 0.1880769 0.1005045 0.3644189 0.3644189 0.3845424 0.3398984 0.3845424 0.3398984 0.218432 0.4087036 0.25 0.4118127 0.25 0.4118127 0.1601016 0.1154577 0.1880769 0.1005045 0.1601016 0.1154577 0.3845424 0.3398984 0.3994954 0.311923 0.3994954 0.311923 0.1355811 0.1355811 0.1601016 0.1154577 0.1355811 0.1355811 0.3994954 0.311923 0.4087035 0.2815681 0.4087035 0.2815681 0.1154576 0.1601016 0.1355811 0.1355811 0.1154577 0.1601016 0.4087035 0.2815681 0.4118127 0.25 0.4118127 0.25 0.1005045 0.188077 0.1154577 0.1601016 0.1005045 0.1880769 0.4118127 0.25 0.4087035 0.2184318 0.4087035 0.2184318 0.09129643 0.2184319 0.1005045 0.1880769 0.09129643 0.2184319 0.09129643 0.2184319 0.08818721 0.25 0.08818721 0.25 0.08818721 0.25 0.09129643 0.2815681 0.09129643 0.2815681 0.5625 0.5 0.3398983 0.1154576 0.59375 0.5 0.59375 0.5 0.3644189 0.1355811 0.625 0.5 0.4087035 0.2184318 0.71875 0.5 0.71875 0.75 0.71875 0.75 0.3994954 0.1880769 0.4087035 0.2184318 0.71875 0.5 0.4118127 0.25 0.75 0.5 0.78125 0.5 0.4118127 0.25 0.4087035 0.2815681 0.8125 0.5 0.4087035 0.2815681 0.3994954 0.311923 0.84375 0.5 0.3994954 0.311923 0.3845424 0.3398984 0.875 0.5 0.3845424 0.3398984 0.3644189 0.3644189 0.90625 0.5 0.3644189 0.3644189 0.3398983 0.3845424 0.9375 0.5 0.3398983 0.3845424 0.3119231 0.3994955 0.96875 0.5 0.3119231 0.3994955 0.281568 0.4087034 1 0.5 0.281568 0.4087034 0.25 0.4118127 0.03125 0.5 0.25 0.4118127 0.218432 0.4087036 0.0625 0.5 0.218432 0.4087036 0.1880769 0.3994954 0.09375 0.5 0.1880769 0.3994954 0.1601016 0.3845423 0.125 0.5 0.1601016 0.3845423 0.1355811 0.3644189 0.15625 0.5 0.1355811 0.3644189 0.1154576 0.3398982 0.1875 0.5 0.1154576 0.3398982 0.1005045 0.3119231 0.21875 0.5 0.1005045 0.3119231 0.09129643 0.2815681 0.25 0.5 0.09129643 0.2815681 0.08818721 0.25 0.25 0.5 0.09129643 0.2184319 0.28125 0.5 0.28125 0.5 0.1005045 0.1880769 0.3125 0.5 0.3125 0.5 0.1154577 0.1601016 0.34375 0.5 0.34375 0.5 0.1355811 0.1355811 0.375 0.5 0.375 0.5 0.1601016 0.1154577 0.40625 0.5 0.40625 0.5 0.1880769 0.1005045 0.4375 0.5 0.4375 0.5 0.2184318 0.09129643 0.46875 0.5 0.46875 0.5 0.2499999 0.08818727 0.5 0.5 0.5 0.5 0.2815681 0.09129643 0.53125 0.5 0.03125 0.75 0 0.5 0.03125 0.5 0.0625 0.75 0.03125 0.5 0.0625 0.5 0.09375 0.75 0.0625 0.5 0.09375 0.5 0.125 0.75 0.09375 0.5 0.125 0.5 0.15625 0.75 0.125 0.5 0.15625 0.5 0.1875 0.75 0.15625 0.5 0.1875 0.5 0.21875 0.75 0.1875 0.5 0.21875 0.5 0.25 0.75 0.21875 0.5 0.25 0.5 0.28125 0.75 0.25 0.5 0.28125 0.5 0.3125 0.75 0.28125 0.5 0.3125 0.5 0.34375 0.75 0.3125 0.5 0.34375 0.5 0.375 0.7500001 0.34375 0.5 0.375 0.5 0.40625 0.75 0.375 0.5 0.40625 0.5 0.4375 0.75 0.40625 0.5 0.4375 0.5 0.46875 0.75 0.4375 0.5 0.46875 0.5 0.5 0.75 0.46875 0.5 0.5 0.5 0.53125 0.75 0.5 0.5 0.53125 0.5 0.5625 0.75 0.53125 0.5 0.5625 0.5 0.59375 0.75 0.5625 0.5 0.59375 0.5 0.625 0.75 0.59375 0.5 0.625 0.5 0.3994954 0.1880769 0.65625 0.75 0.3845423 0.1601016 0.625 0.75 0.3845423 0.1601016 0.65625 0.75 0.625 0.5 0.3644189 0.1355811 0.625 0.75 0.75 0.75 0.71875 0.5 0.75 0.5 0.78125 0.75 0.75 0.5 0.78125 0.5 0.8125 0.75 0.78125 0.5 0.8125 0.5 0.84375 0.75 0.8125 0.5 0.84375 0.5 0.8750001 0.7500001 0.84375 0.5 0.875 0.5 0.90625 0.75 0.875 0.5 0.90625 0.5 0.9375 0.75 0.90625 0.5 0.9375 0.5 0.96875 0.75 0.9375 0.5 0.96875 0.5 1 0.75 0.96875 0.5 1 0.5 0.3644189 0.1355811 0.3845423 0.1601016 0.3644189 0.1355811 0.09129643 0.2815681 0.08818721 0.25 0.09129643 0.2815681 0.3845423 0.1601016 0.3994954 0.1880769 0.3845423 0.1601016 0.08818721 0.25 0.09129643 0.2184319 0.08818721 0.25 0.4087035 0.2184318 0.3994954 0.1880769 0.3994954 0.1880769 0.09129643 0.2184319 0.1005045 0.188077 0.09129643 0.2184319 0.4118127 0.25 0.4087035 0.2184318 0.4087035 0.2184318 0.1005045 0.1880769 0.1154576 0.1601016 0.1005045 0.188077 0.4087035 0.2815681 0.4118127 0.25 0.4118127 0.25 0.1154577 0.1601016 0.1355811 0.1355811 0.1154576 0.1601016 0.3994954 0.311923 0.4087035 0.2815681 0.4087035 0.2815681 0.1355811 0.1355811 0.1601016 0.1154577 0.1355811 0.1355811 0.3845424 0.3398984 0.3994954 0.311923 0.3994954 0.311923 0.1601016 0.1154577 0.188077 0.1005045 0.1601016 0.1154577 0.218432 0.4087036 0.25 0.4118127 0.25 0.4118127 0.3644189 0.3644189 0.3845424 0.3398984 0.3845424 0.3398984 0.1880769 0.1005045 0.2184318 0.09129643 0.188077 0.1005045 0.1880769 0.3994954 0.218432 0.4087036 0.218432 0.4087036 0.3398983 0.3845424 0.3644189 0.3644189 0.3644189 0.3644189 0.2184318 0.09129643 0.2499999 0.08818727 0.2184318 0.09129643 0.1601016 0.3845423 0.1880769 0.3994954 0.1880769 0.3994954 0.3119231 0.3994955 0.3398983 0.3845424 0.3398983 0.3845424 0.2499999 0.08818727 0.2815681 0.09129643 0.2499999 0.08818727 0.1355811 0.3644189 0.1601016 0.3845422 0.1601016 0.3845423 0.281568 0.4087034 0.3119231 0.3994955 0.3119231 0.3994955 0.2815681 0.09129643 0.311923 0.1005045 0.2815681 0.09129643 0.1154576 0.3398982 0.1355811 0.3644189 0.1355811 0.3644189 0.25 0.4118127 0.281568 0.4087034 0.281568 0.4087034 0.311923 0.1005045 0.3398983 0.1154576 0.311923 0.1005045 0.1005045 0.3119231 0.1154575 0.3398982 0.1154576 0.3398982 0.3398983 0.1154576 0.3644189 0.1355811 0.3398983 0.1154576 0.09129643 0.2815681 0.1005045 0.3119231 0.1005045 0.3119231 1 1 0.96875 1 0.96875 0.75 0.96875 1 0.9375 1 0.9375 0.75 0.9375 1 0.90625 1 0.90625 0.75 0.90625 1 0.875 1 0.8750001 0.7500001 0.875 1 0.84375 1 0.84375 0.75 0.84375 1 0.8125 1 0.8125 0.75 0.8125 1 0.78125 1 0.78125 0.75 0.78125 1 0.75 1 0.75 0.75 0.75 1 0.71875 1 0.71875 0.75 0.71875 1 0.6875 1 0.6875 0.75 0.6875 1 0.65625 1 0.65625 0.75 0.65625 0.75 0.65625 1 0.625 1 0.625 1 0.59375 1 0.59375 0.75 0.59375 1 0.5625 1 0.5625 0.75 0.5625 1 0.53125 1 0.53125 0.75 0.53125 1 0.5 1 0.5 0.75 0.5 1 0.46875 1 0.46875 0.75 0.46875 1 0.4375 1 0.4375 0.75 0.4375 1 0.40625 1 0.40625 0.75 0.40625 1 0.375 1 0.375 0.7500001 0.375 1 0.34375 1 0.34375 0.75 0.34375 1 0.3125 1 0.3125 0.75 0.3125 1 0.28125 1 0.28125 0.75 0.28125 1 0.25 1 0.25 0.75 0.25 1 0.21875 1 0.21875 0.75 0.21875 1 0.1875 1 0.1875 0.75 0.1875 1 0.15625 1 0.15625 0.75 0.15625 1 0.125 1 0.125 0.75 0.125 1 0.09375 1 0.09375 0.75 0.09375 1 0.0625 1 0.0625 0.75 0.09129643 0.2815681 0.09129643 0.2815681 0.1005045 0.3119231 0.0625 1 0.03125 1 0.03125 0.75 0.03125 1 0 1 0 0.75 0.25 0.4118127 0.281568 0.4087034 0.2968217 0.4853885 0.3119231 0.3994955 0.341844 0.4717311 0.2968217 0.4853885 0.3398983 0.3845424 0.3833369 0.4495527 0.341844 0.4717311 0.3644189 0.3644189 0.4197056 0.4197056 0.3833369 0.4495527 0.3644189 0.3644189 0.3845424 0.3398984 0.4495527 0.3833369 0.3994954 0.311923 0.4717311 0.341844 0.4495527 0.3833369 0.4087035 0.2815681 0.4853885 0.2968217 0.4717311 0.341844 0.4118127 0.25 0.49 0.25 0.4853885 0.2968217 0.4118127 0.25 0.4087035 0.2184318 0.4853885 0.2031783 0.4087035 0.2184318 0.3994954 0.1880769 0.4717311 0.1581559 0.3994954 0.1880769 0.3845423 0.1601016 0.4495527 0.1166631 0.3644189 0.1355811 0.4197056 0.08029437 0.4495527 0.1166631 0.3644189 0.1355811 0.3398983 0.1154576 0.3833369 0.05044728 0.311923 0.1005045 0.341844 0.02826887 0.3833369 0.05044728 0.2815681 0.09129643 0.2968217 0.01461148 0.341844 0.02826887 0.2815681 0.09129643 0.2499999 0.08818727 0.25 0.00999999 0.2184318 0.09129643 0.2031783 0.01461148 0.25 0.00999999 0.1880769 0.1005045 0.1581559 0.02826887 0.2031783 0.01461148 0.1880769 0.1005045 0.1601016 0.1154577 0.1166631 0.05044728 0.1355811 0.1355811 0.08029437 0.08029437 0.1166631 0.05044728 0.1355811 0.1355811 0.1154577 0.1601016 0.05044728 0.116663 0.1005045 0.1880769 0.02826887 0.1581559 0.05044728 0.116663 0.1005045 0.1880769 0.09129643 0.2184319 0.01461154 0.2031783 0.08818721 0.25 0.00999999 0.25 0.01461154 0.2031783 0.09129643 0.2815681 0.01461154 0.2968217 0.00999999 0.25 0.09129643 0.2815681 0.1005045 0.3119231 0.02826893 0.341844 0.1154576 0.3398982 0.05044722 0.3833368 0.02826893 0.341844 0.1355811 0.3644189 0.08029431 0.4197056 0.05044722 0.3833368 0.1355811 0.3644189 0.1601016 0.3845423 0.1166631 0.4495527 0.1601016 0.3845423 0.1880769 0.3994954 0.1581559 0.4717311 0.218432 0.4087036 0.2031783 0.4853885 0.1581559 0.4717311 0.218432 0.4087036 0.25 0.4118127 0.25 0.49 0.53125 0.5 0.2815681 0.09129643 0.311923 0.1005045 0.3398983 0.1154576 0.3644189 0.1355811 0.3644189 0.1355811 0.1005045 0.3119231 0.1005045 0.3119231 0.1154576 0.3398982 0.311923 0.1005045 0.3398983 0.1154576 0.3398983 0.1154576 0.25 0.4118127 0.25 0.4118127 0.281568 0.4087034 0.1154575 0.3398982 0.1154576 0.3398982 0.1355811 0.3644189 0.2815681 0.09129643 0.311923 0.1005045 0.311923 0.1005045 0.281568 0.4087034 0.281568 0.4087034 0.3119231 0.3994955 0.1355811 0.3644189 0.1355811 0.3644189 0.1601016 0.3845423 0.2499999 0.08818727 0.2815681 0.09129643 0.2815681 0.09129643 0.3119231 0.3994955 0.3119231 0.3994955 0.3398983 0.3845424 0.1601016 0.3845422 0.1601016 0.3845423 0.1880769 0.3994954 0.2184318 0.09129643 0.2499999 0.08818727 0.2499999 0.08818727 0.3398983 0.3845424 0.3398983 0.3845424 0.3644189 0.3644189 0.1880769 0.3994954 0.1880769 0.3994954 0.218432 0.4087036 0.188077 0.1005045 0.2184318 0.09129643 0.2184318 0.09129643 0.3644189 0.3644189 0.3644189 0.3644189 0.3845424 0.3398984 0.218432 0.4087036 0.218432 0.4087036 0.25 0.4118127 0.1601016 0.1154577 0.188077 0.1005045 0.1880769 0.1005045 0.3845424 0.3398984 0.3845424 0.3398984 0.3994954 0.311923 0.1355811 0.1355811 0.1601016 0.1154577 0.1601016 0.1154577 0.3994954 0.311923 0.3994954 0.311923 0.4087035 0.2815681 0.1154576 0.1601016 0.1355811 0.1355811 0.1355811 0.1355811 0.4087035 0.2815681 0.4087035 0.2815681 0.4118127 0.25 0.1005045 0.188077 0.1154576 0.1601016 0.1154577 0.1601016 0.4118127 0.25 0.4118127 0.25 0.4087035 0.2184318 0.09129643 0.2184319 0.1005045 0.188077 0.1005045 0.1880769 0.09129643 0.2184319 0.09129643 0.2184319 0.08818721 0.25 0.08818721 0.25 0.08818721 0.25 0.09129643 0.2815681 0.5625 0.5 0.311923 0.1005045 0.3398983 0.1154576 0.59375 0.5 0.3398983 0.1154576 0.3644189 0.1355811 0.4087035 0.2184318 0.4087035 0.2184318 0.71875 0.5 0.71875 0.75 0.6875 0.75 0.3994954 0.1880769 0.71875 0.5 0.4087035 0.2184318 0.4118127 0.25 0.78125 0.5 0.75 0.5 0.4118127 0.25 0.8125 0.5 0.78125 0.5 0.4087035 0.2815681 0.84375 0.5 0.8125 0.5 0.3994954 0.311923 0.875 0.5 0.84375 0.5 0.3845424 0.3398984 0.90625 0.5 0.875 0.5 0.3644189 0.3644189 0.9375 0.5 0.90625 0.5 0.3398983 0.3845424 0.96875 0.5 0.9375 0.5 0.3119231 0.3994955 1 0.5 0.96875 0.5 0.281568 0.4087034 0.03125 0.5 1 0.5 0.25 0.4118127 0.0625 0.5 0.03125 0.5 0.218432 0.4087036 0.09375 0.5 0.0625 0.5 0.1880769 0.3994954 0.125 0.5 0.09375 0.5 0.1601016 0.3845423 0.15625 0.5 0.125 0.5 0.1355811 0.3644189 0.1875 0.5 0.15625 0.5 0.1154576 0.3398982 0.21875 0.5 0.1875 0.5 0.1005045 0.3119231 0.25 0.5 0.21875 0.5 0.09129643 0.2815681 0.25 0.5 0.08818721 0.25 0.09129643 0.2184319 0.28125 0.5 0.09129643 0.2184319 0.1005045 0.1880769 0.3125 0.5 0.1005045 0.1880769 0.1154577 0.1601016 0.34375 0.5 0.1154577 0.1601016 0.1355811 0.1355811 0.375 0.5 0.1355811 0.1355811 0.1601016 0.1154577 0.40625 0.5 0.1601016 0.1154577 0.1880769 0.1005045 0.4375 0.5 0.1880769 0.1005045 0.2184318 0.09129643 0.46875 0.5 0.2184318 0.09129643 0.2499999 0.08818727 0.5 0.5 0.2499999 0.08818727 0.2815681 0.09129643 0.03125 0.75 0 0.75 0 0.5 0.0625 0.75 0.03125 0.75 0.03125 0.5 0.09375 0.75 0.0625 0.75 0.0625 0.5 0.125 0.75 0.09375 0.75 0.09375 0.5 0.15625 0.75 0.125 0.75 0.125 0.5 0.1875 0.75 0.15625 0.75 0.15625 0.5 0.21875 0.75 0.1875 0.75 0.1875 0.5 0.25 0.75 0.21875 0.75 0.21875 0.5 0.28125 0.75 0.25 0.75 0.25 0.5 0.3125 0.75 0.28125 0.75 0.28125 0.5 0.34375 0.75 0.3125 0.75 0.3125 0.5 0.375 0.7500001 0.34375 0.75 0.34375 0.5 0.40625 0.75 0.375 0.7500001 0.375 0.5 0.4375 0.75 0.40625 0.75 0.40625 0.5 0.46875 0.75 0.4375 0.75 0.4375 0.5 0.5 0.75 0.46875 0.75 0.46875 0.5 0.53125 0.75 0.5 0.75 0.5 0.5 0.5625 0.75 0.53125 0.75 0.53125 0.5 0.59375 0.75 0.5625 0.75 0.5625 0.5 0.625 0.75 0.59375 0.75 0.59375 0.5 0.3994954 0.1880769 0.6875 0.75 0.65625 0.75 0.625 0.75 0.3644189 0.1355811 0.3845423 0.1601016 0.625 0.5 0.3644189 0.1355811 0.3644189 0.1355811 0.75 0.75 0.71875 0.75 0.71875 0.5 0.78125 0.75 0.75 0.75 0.75 0.5 0.8125 0.75 0.78125 0.75 0.78125 0.5 0.84375 0.75 0.8125 0.75 0.8125 0.5 0.8750001 0.7500001 0.84375 0.75 0.84375 0.5 0.90625 0.75 0.8750001 0.7500001 0.875 0.5 0.9375 0.75 0.90625 0.75 0.90625 0.5 0.96875 0.75 0.9375 0.75 0.9375 0.5 1 0.75 0.96875 0.75 0.96875 0.5 0.3644189 0.1355811 0.3845423 0.1601016 0.3845423 0.1601016 0.09129643 0.2815681 0.08818721 0.25 0.08818721 0.25 0.3845423 0.1601016 0.3994954 0.1880769 0.3994954 0.1880769 0.08818721 0.25 0.09129643 0.2184319 0.09129643 0.2184319 0.4087035 0.2184318 0.4087035 0.2184318 0.3994954 0.1880769 0.09129643 0.2184319 0.1005045 0.1880769 0.1005045 0.188077 0.4118127 0.25 0.4118127 0.25 0.4087035 0.2184318 0.1005045 0.1880769 0.1154577 0.1601016 0.1154576 0.1601016 0.4087035 0.2815681 0.4087035 0.2815681 0.4118127 0.25 0.1154577 0.1601016 0.1355811 0.1355811 0.1355811 0.1355811 0.3994954 0.311923 0.3994954 0.311923 0.4087035 0.2815681 0.1355811 0.1355811 0.1601016 0.1154577 0.1601016 0.1154577 0.3845424 0.3398984 0.3845424 0.3398984 0.3994954 0.311923 0.1601016 0.1154577 0.1880769 0.1005045 0.188077 0.1005045 0.218432 0.4087036 0.218432 0.4087036 0.25 0.4118127 0.3644189 0.3644189 0.3644189 0.3644189 0.3845424 0.3398984 0.1880769 0.1005045 0.2184318 0.09129643 0.2184318 0.09129643 0.1880769 0.3994954 0.1880769 0.3994954 0.218432 0.4087036 0.3398983 0.3845424 0.3398983 0.3845424 0.3644189 0.3644189 0.2184318 0.09129643 0.2499999 0.08818727 0.2499999 0.08818727 0.1601016 0.3845423 0.1601016 0.3845422 0.1880769 0.3994954 0.3119231 0.3994955 0.3119231 0.3994955 0.3398983 0.3845424 0.2499999 0.08818727 0.2815681 0.09129643 0.2815681 0.09129643 0.1355811 0.3644189 0.1355811 0.3644189 0.1601016 0.3845422 0.281568 0.4087034 0.281568 0.4087034 0.3119231 0.3994955 0.2815681 0.09129643 0.311923 0.1005045 0.311923 0.1005045 0.1154576 0.3398982 0.1154575 0.3398982 0.1355811 0.3644189 0.25 0.4118127 0.25 0.4118127 0.281568 0.4087034 0.311923 0.1005045 0.3398983 0.1154576 0.3398983 0.1154576 0.1005045 0.3119231 0.1005045 0.3119231 0.1154575 0.3398982 0.3398983 0.1154576 0.3644189 0.1355811 0.3644189 0.1355811 0.09129643 0.2815681 0.09129643 0.2815681 0.1005045 0.3119231</float_array>
          <technique_common>
            <accessor source="#Cylinder_016-mesh-map-0-array" count="1128" stride="2">
              <param name="S" type="float"/>
              <param name="T" type="float"/>
            </accessor>
          </technique_common>
        </source>
        <vertices id="Cylinder_016-mesh-vertices">
          <input semantic="POSITION" source="#Cylinder_016-mesh-positions"/>
        </vertices>
        <triangles material="Material_016-material" count="376">
          <input semantic="VERTEX" source="#Cylinder_016-mesh-vertices" offset="0"/>
          <input semantic="NORMAL" source="#Cylinder_016-mesh-normals" offset="1"/>
          <input semantic="TEXCOORD" source="#Cylinder_016-mesh-map-0" offset="2" set="0"/>
          <p>63 0 0 125 0 1 124 0 2 62 1 3 126 1 4 125 1 5 64 2 6 127 2 7 126 2 8 65 3 9 128 3 10 127 3 11 66 4 12 129 4 13 128 4 14 67 5 15 130 5 16 129 5 17 68 6 18 131 6 19 130 6 20 69 7 21 132 7 22 131 7 23 70 8 24 133 8 25 132 8 26 71 9 27 134 9 28 133 9 29 72 10 30 135 10 31 134 10 32 135 11 33 74 11 34 136 11 35 74 12 36 137 12 37 136 12 38 75 13 39 138 13 40 137 13 41 76 14 42 139 14 43 138 14 44 77 15 45 140 15 46 139 15 47 78 16 48 141 16 49 140 16 50 79 17 51 142 17 52 141 17 53 80 18 54 143 18 55 142 18 56 81 19 57 144 19 58 143 19 59 82 20 60 145 20 61 144 20 62 83 21 63 146 21 64 145 21 65 84 22 66 147 22 67 146 22 68 85 23 69 148 23 70 147 23 71 86 24 72 149 24 73 148 24 74 87 25 75 150 25 76 149 25 77 88 26 78 151 26 79 150 26 80 89 27 81 152 27 82 151 27 83 90 28 84 153 28 85 152 28 86 91 29 87 154 29 88 153 29 89 156 30 90 118 30 91 157 30 92 92 31 93 155 31 94 154 31 95 93 32 96 124 32 97 155 32 98 1 33 99 62 33 100 63 33 101 5 34 102 62 34 103 3 34 104 7 34 105 64 34 106 5 34 107 9 34 108 65 34 109 7 34 110 9 35 111 67 35 112 66 35 113 13 36 114 67 36 115 11 36 116 15 37 117 68 37 118 13 37 119 17 38 120 69 38 121 15 38 122 17 39 123 71 39 124 70 39 125 19 40 126 72 40 127 71 40 128 20 41 129 73 41 130 72 41 131 23 34 132 73 34 133 21 34 134 23 42 135 75 42 136 74 42 137 27 43 138 75 43 139 25 43 140 29 34 141 76 34 142 27 34 143 29 44 144 78 44 145 77 44 146 33 34 147 78 34 148 31 34 149 35 34 150 79 34 151 33 34 152 35 45 153 81 45 154 80 45 155 39 34 156 81 34 157 37 34 158 39 39 159 83 39 160 82 39 161 43 46 162 83 46 163 41 46 164 43 47 165 85 47 166 84 47 167 47 48 168 85 48 169 45 48 170 49 34 171 86 34 172 47 34 173 49 34 174 88 34 175 87 34 176 53 49 177 88 49 178 51 49 179 55 34 180 89 34 181 53 34 182 55 50 183 91 50 184 90 50 185 57 51 186 92 51 187 91 51 188 61 34 189 92 34 190 59 34 191 61 52 192 63 52 193 93 52 194 28 53 195 106 53 196 26 53 197 159 54 198 104 54 199 105 54 200 157 55 201 119 55 202 160 55 203 161 56 204 105 56 205 106 56 206 162 57 207 94 57 208 163 57 209 160 58 210 120 58 211 164 58 212 165 59 213 106 59 214 107 59 215 163 60 216 96 60 217 166 60 218 164 61 219 121 61 220 167 61 221 168 62 222 107 62 223 108 62 224 166 63 225 97 63 226 169 63 227 167 64 228 122 64 229 170 64 230 171 65 231 108 65 232 109 65 233 169 66 234 98 66 235 172 66 236 170 67 237 123 67 238 173 67 239 174 68 240 109 68 241 110 68 242 172 69 243 99 69 244 175 69 245 173 70 246 95 70 247 162 70 248 176 71 249 110 71 250 111 71 251 175 72 252 100 72 253 177 72 254 178 73 255 111 73 256 112 73 257 177 74 258 101 74 259 179 74 260 180 75 261 112 75 262 113 75 263 179 76 264 102 76 265 181 76 266 182 77 267 113 77 268 114 77 269 181 78 270 103 78 271 183 78 272 184 79 273 114 79 274 115 79 275 184 80 276 116 80 277 186 80 278 186 81 279 117 81 280 156 81 281 26 82 282 105 82 283 24 82 284 24 83 285 104 83 286 22 83 287 183 84 288 18 84 289 133 84 290 133 85 291 185 85 292 183 85 293 18 86 294 102 86 295 16 86 296 14 87 297 102 87 298 101 87 299 12 88 300 101 88 301 100 88 302 10 89 303 100 89 304 99 89 305 8 90 306 99 90 307 98 90 308 6 91 309 98 91 310 97 91 311 4 92 312 97 92 313 96 92 314 2 93 315 96 93 316 94 93 317 0 94 318 94 94 319 95 94 320 60 95 321 95 95 322 123 95 323 58 96 324 123 96 325 122 96 326 56 97 327 122 97 328 121 97 329 54 98 330 121 98 331 120 98 332 52 99 333 120 99 334 119 99 335 50 100 336 119 100 337 118 100 338 48 101 339 118 101 340 117 101 341 46 102 342 117 102 343 116 102 344 46 103 345 115 103 346 44 103 347 44 104 348 114 104 349 42 104 350 42 105 351 113 105 352 40 105 353 40 106 354 112 106 355 38 106 356 38 107 357 111 107 358 36 107 359 36 108 360 110 108 361 34 108 362 34 109 363 109 109 364 32 109 365 32 110 366 108 110 367 30 110 368 30 111 369 107 111 370 28 111 371 155 112 372 0 112 373 60 112 374 154 113 375 60 113 376 58 113 377 153 114 378 58 114 379 56 114 380 152 115 381 56 115 382 54 115 383 151 116 384 54 116 385 52 116 386 150 117 387 52 117 388 50 117 389 149 118 390 50 118 391 48 118 392 148 119 393 48 119 394 46 119 395 147 120 396 46 120 397 44 120 398 146 121 399 44 121 400 42 121 401 145 122 402 42 122 403 40 122 404 144 123 405 40 123 406 38 123 407 143 124 408 38 124 409 36 124 410 142 125 411 36 125 412 34 125 413 141 17 414 34 17 415 32 17 416 140 126 417 32 126 418 30 126 419 139 15 420 30 15 421 28 15 422 138 127 423 28 127 424 26 127 425 137 128 426 26 128 427 24 128 428 136 129 429 24 129 430 22 129 431 185 130 432 135 130 433 187 130 434 136 131 435 187 131 436 135 131 437 22 132 438 158 132 439 136 132 440 132 133 441 18 133 442 16 133 443 131 134 444 16 134 445 14 134 446 130 135 447 14 135 448 12 135 449 129 136 450 12 136 451 10 136 452 128 137 453 10 137 454 8 137 455 127 138 456 8 138 457 6 138 458 126 2 459 6 2 460 4 2 461 125 139 462 4 139 463 2 139 464 124 140 465 2 140 466 0 140 467 23 141 468 187 141 469 158 141 470 49 142 471 186 142 472 156 142 473 21 143 474 185 143 475 187 143 476 47 144 477 184 144 478 186 144 479 19 145 480 185 145 481 20 145 482 45 146 483 182 146 484 184 146 485 17 147 486 183 147 487 19 147 488 43 148 489 180 148 490 182 148 491 15 149 492 181 149 493 17 149 494 41 150 495 178 150 496 180 150 497 13 151 498 179 151 499 15 151 500 39 152 501 176 152 502 178 152 503 11 153 504 177 153 505 13 153 506 37 154 507 174 154 508 176 154 509 61 155 510 162 155 511 1 155 512 9 156 513 175 156 514 11 156 515 35 157 516 171 157 517 174 157 518 59 158 519 173 158 520 61 158 521 7 159 522 172 159 523 9 159 524 33 160 525 168 160 526 171 160 527 57 161 528 170 161 529 59 161 530 5 162 531 169 162 532 7 162 533 31 163 534 165 163 535 168 163 536 55 164 537 167 164 538 57 164 539 3 165 540 166 165 541 5 165 542 29 166 543 161 166 544 165 166 545 53 167 546 164 167 547 55 167 548 1 168 549 163 168 550 3 168 551 27 169 552 159 169 553 161 169 554 51 170 555 160 170 556 53 170 557 25 171 558 158 171 559 159 171 560 49 172 561 157 172 562 51 172 563 63 173 564 62 173 565 125 173 566 62 174 567 64 174 568 126 174 569 64 175 570 65 175 571 127 175 572 65 176 573 66 176 574 128 176 575 66 177 576 67 177 577 129 177 578 67 178 579 68 178 580 130 178 581 68 179 582 69 179 583 131 179 584 69 180 585 70 180 586 132 180 587 70 181 588 71 181 589 133 181 590 71 182 591 72 182 592 134 182 593 72 10 594 73 10 595 135 10 596 135 183 597 73 183 598 74 183 599 74 184 600 75 184 601 137 184 602 75 185 603 76 185 604 138 185 605 76 186 606 77 186 607 139 186 608 77 187 609 78 187 610 140 187 611 78 16 612 79 16 613 141 16 614 79 188 615 80 188 616 142 188 617 80 18 618 81 18 619 143 18 620 81 189 621 82 189 622 144 189 623 82 190 624 83 190 625 145 190 626 83 21 627 84 21 628 146 21 629 84 191 630 85 191 631 147 191 632 85 192 633 86 192 634 148 192 635 86 193 636 87 193 637 149 193 638 87 194 639 88 194 640 150 194 641 88 195 642 89 195 643 151 195 644 89 196 645 90 196 646 152 196 647 90 197 648 91 197 649 153 197 650 91 29 651 92 29 652 154 29 653 156 198 654 117 198 655 118 198 656 92 199 657 93 199 658 155 199 659 93 200 660 63 200 661 124 200 662 1 34 663 3 34 664 62 34 665 5 34 666 64 34 667 62 34 668 7 201 669 65 201 670 64 201 671 9 202 672 66 202 673 65 202 674 9 203 675 11 203 676 67 203 677 13 41 678 68 41 679 67 41 680 15 34 681 69 34 682 68 34 683 17 204 684 70 204 685 69 204 686 17 205 687 19 205 688 71 205 689 19 206 690 20 206 691 72 206 692 20 34 693 21 34 694 73 34 695 23 207 696 74 207 697 73 207 698 23 34 699 25 34 700 75 34 701 27 208 702 76 208 703 75 208 704 29 34 705 77 34 706 76 34 707 29 34 708 31 34 709 78 34 710 33 209 711 79 209 712 78 209 713 35 34 714 80 34 715 79 34 716 35 34 717 37 34 718 81 34 719 39 210 720 82 210 721 81 210 722 39 211 723 41 211 724 83 211 725 43 204 726 84 204 727 83 204 728 43 212 729 45 212 730 85 212 731 47 34 732 86 34 733 85 34 734 49 42 735 87 42 736 86 42 737 49 34 738 51 34 739 88 34 740 53 34 741 89 34 742 88 34 743 55 213 744 90 213 745 89 213 746 55 34 747 57 34 748 91 34 749 57 34 750 59 34 751 92 34 752 61 52 753 93 52 754 92 52 755 61 34 756 1 34 757 63 34 758 28 214 759 107 214 760 106 214 761 159 215 762 158 215 763 104 215 764 157 216 765 118 216 766 119 216 767 161 217 768 159 217 769 105 217 770 162 218 771 95 218 772 94 218 773 160 219 774 119 219 775 120 219 776 165 220 777 161 220 778 106 220 779 163 221 780 94 221 781 96 221 782 164 222 783 120 222 784 121 222 785 168 223 786 165 223 787 107 223 788 166 224 789 96 224 790 97 224 791 167 225 792 121 225 793 122 225 794 171 226 795 168 226 796 108 226 797 169 227 798 97 227 799 98 227 800 170 228 801 122 228 802 123 228 803 174 229 804 171 229 805 109 229 806 172 230 807 98 230 808 99 230 809 173 231 810 123 231 811 95 231 812 176 232 813 174 232 814 110 232 815 175 233 816 99 233 817 100 233 818 178 234 819 176 234 820 111 234 821 177 235 822 100 235 823 101 235 824 180 236 825 178 236 826 112 236 827 179 237 828 101 237 829 102 237 830 182 238 831 180 238 832 113 238 833 181 239 834 102 239 835 103 239 836 184 240 837 182 240 838 114 240 839 184 241 840 115 241 841 116 241 842 186 242 843 116 242 844 117 242 845 26 243 846 106 243 847 105 243 848 24 244 849 105 244 850 104 244 851 183 245 852 103 245 853 18 245 854 133 246 855 134 246 856 185 246 857 18 247 858 103 247 859 102 247 860 14 248 861 16 248 862 102 248 863 12 249 864 14 249 865 101 249 866 10 250 867 12 250 868 100 250 869 8 251 870 10 251 871 99 251 872 6 252 873 8 252 874 98 252 875 4 253 876 6 253 877 97 253 878 2 254 879 4 254 880 96 254 881 0 255 882 2 255 883 94 255 884 60 256 885 0 256 886 95 256 887 58 257 888 60 257 889 123 257 890 56 258 891 58 258 892 122 258 893 54 259 894 56 259 895 121 259 896 52 260 897 54 260 898 120 260 899 50 261 900 52 261 901 119 261 902 48 262 903 50 262 904 118 262 905 46 263 906 48 263 907 117 263 908 46 264 909 116 264 910 115 264 911 44 265 912 115 265 913 114 265 914 42 266 915 114 266 916 113 266 917 40 267 918 113 267 919 112 267 920 38 268 921 112 268 922 111 268 923 36 269 924 111 269 925 110 269 926 34 270 927 110 270 928 109 270 929 32 271 930 109 271 931 108 271 932 30 272 933 108 272 934 107 272 935 155 273 936 124 273 937 0 273 938 154 274 939 155 274 940 60 274 941 153 275 942 154 275 943 58 275 944 152 276 945 153 276 946 56 276 947 151 277 948 152 277 949 54 277 950 150 278 951 151 278 952 52 278 953 149 279 954 150 279 955 50 279 956 148 280 957 149 280 958 48 280 959 147 281 960 148 281 961 46 281 962 146 282 963 147 282 964 44 282 965 145 283 966 146 283 967 42 283 968 144 123 969 145 123 970 40 123 971 143 284 972 144 284 973 38 284 974 142 285 975 143 285 976 36 285 977 141 17 978 142 17 979 34 17 980 140 126 981 141 126 982 32 126 983 139 286 984 140 286 985 30 286 986 138 287 987 139 287 988 28 287 989 137 128 990 138 128 991 26 128 992 136 129 993 137 129 994 24 129 995 185 288 996 134 288 997 135 288 998 136 289 999 158 289 1000 187 289 1001 22 290 1002 104 290 1003 158 290 1004 132 291 1005 133 291 1006 18 291 1007 131 292 1008 132 292 1009 16 292 1010 130 293 1011 131 293 1012 14 293 1013 129 136 1014 130 136 1015 12 136 1016 128 294 1017 129 294 1018 10 294 1019 127 295 1020 128 295 1021 8 295 1022 126 296 1023 127 296 1024 6 296 1025 125 297 1026 126 297 1027 4 297 1028 124 298 1029 125 298 1030 2 298 1031 23 299 1032 21 299 1033 187 299 1034 49 300 1035 47 300 1036 186 300 1037 21 301 1038 20 301 1039 185 301 1040 47 302 1041 45 302 1042 184 302 1043 19 303 1044 183 303 1045 185 303 1046 45 304 1047 43 304 1048 182 304 1049 17 305 1050 181 305 1051 183 305 1052 43 306 1053 41 306 1054 180 306 1055 15 307 1056 179 307 1057 181 307 1058 41 308 1059 39 308 1060 178 308 1061 13 309 1062 177 309 1063 179 309 1064 39 310 1065 37 310 1066 176 310 1067 11 311 1068 175 311 1069 177 311 1070 37 312 1071 35 312 1072 174 312 1073 61 313 1074 173 313 1075 162 313 1076 9 314 1077 172 314 1078 175 314 1079 35 315 1080 33 315 1081 171 315 1082 59 316 1083 170 316 1084 173 316 1085 7 317 1086 169 317 1087 172 317 1088 33 318 1089 31 318 1090 168 318 1091 57 319 1092 167 319 1093 170 319 1094 5 320 1095 166 320 1096 169 320 1097 31 321 1098 29 321 1099 165 321 1100 55 322 1101 164 322 1102 167 322 1103 3 323 1104 163 323 1105 166 323 1106 29 324 1107 27 324 1108 161 324 1109 53 325 1110 160 325 1111 164 325 1112 1 326 1113 162 326 1114 163 326 1115 27 327 1116 25 327 1117 159 327 1118 51 328 1119 157 328 1120 160 328 1121 25 329 1122 23 329 1123 158 329 1124 49 330 1125 156 330 1126 157 330 1127</p>
        </triangles>
      </mesh>
    </geometry>
    <geometry id="Cube_006-mesh" name="Cube.006">
      <mesh>
        <source id="Cube_006-mesh-positions">
          <float_array id="Cube_006-mesh-positions-array" count="84">0.1891339 -2.833611 3.542198 0.189134 -2.833611 11.06548 -0.5573433 -1.00018 3.542198 -0.5573433 -1.00018 11.06548 -2.896757 -5.088869 3.542197 -2.896757 -5.088869 11.06548 -3.904864 -3.361523 3.542197 -3.904864 -3.361523 11.06548 -7.443167 -6.176125 3.542198 -7.443168 -6.176124 11.06548 -7.708055 -4.389585 3.542198 -7.708055 -4.389585 11.06548 -21.08555 0.1545689 11.06548 -22.23012 -1.065939 11.06548 -22.23012 -1.06594 3.542197 -21.08555 0.1545677 3.542197 -16.05075 -4.916776 11.06548 -15.55993 -3.385904 3.542198 -15.55993 -3.385904 11.06548 -16.05075 -4.916777 3.542198 -18.57256 -1.899578 11.06548 -19.52814 -3.208692 3.542197 -19.52814 -3.20869 11.06548 -18.57256 -1.899578 3.542197 -12.0811 -5.901894 11.06548 -11.85971 -4.17978 3.542198 -11.85971 -4.17978 11.06548 -12.0811 -5.901895 3.542198</float_array>
          <technique_common>
            <accessor source="#Cube_006-mesh-positions-array" count="28" stride="3">
              <param name="X" type="float"/>
              <param name="Y" type="float"/>
              <param name="Z" type="float"/>
            </accessor>
          </technique_common>
        </source>
        <source id="Cube_006-mesh-normals">
          <float_array id="Cube_006-mesh-normals-array" count="138">2.41432e-7 0 -1 0.9261764 0.3770907 0 -0.7294358 0.6840493 0 0 0 1 -0.5764204 0.8171533 0 0.590048 -0.8073682 0 -4.0485e-7 0 -1 -0.2609498 0.9653524 1.28703e-7 0.2325876 -0.9725755 0 -0.6213598 -0.7835254 1.47036e-7 0.6328806 0.7742496 2.04516e-7 -1.81559e-7 0 -1 9.95084e-7 0 1 1.57522e-7 0 -1 0.2097749 0.9777497 0 -0.2408565 -0.9705607 2.47944e-7 -3.08408e-7 0 1 3.57083e-7 0 -1 0.4424461 0.8967952 2.71879e-7 -0.4408818 -0.8975652 1.96316e-7 -0.05902469 -0.9982566 2.18273e-7 0.05047094 0.9987255 1.21977e-7 0 0 -1 1.74172e-7 0 1 2.50837e-7 1.26435e-7 -1 0.9261764 0.3770907 0 -0.7294332 0.6840521 -4.82967e-7 -5.398e-7 0 1 -0.5764204 0.8171533 0 0.5900479 -0.8073683 -1.32661e-7 -2.13128e-7 0 -1 -0.2609497 0.9653525 0 0.2325873 -0.9725756 0 -0.6213591 -0.7835261 0 0.6328817 0.7742486 4.4914e-7 -7.26239e-7 0 1 0 0 -1 0.2097749 0.9777497 0 -0.2408563 -0.9705609 0 7.14165e-7 0 1 0 -1.47354e-7 -1 0.4424469 0.8967947 0 -0.4408826 -0.8975649 1.30878e-7 -0.05902469 -0.9982566 0 0.05047082 0.9987255 0 0 0 -1</float_array>
          <technique_common>
            <accessor source="#Cube_006-mesh-normals-array" count="46" stride="3">
              <param name="X" type="float"/>
              <param name="Y" type="float"/>
              <param name="Z" type="float"/>
            </accessor>
          </technique_common>
        </source>
        <source id="Cube_006-mesh-map-0">
          <float_array id="Cube_006-mesh-map-0-array" count="312">0.125 0.75 0.125 0.5 0.125 0.5 0.625 0.25 0.375 1 0.375 0.25 0.8749998 2.898936 0.1249999 3.314394 0.8750002 3.314398 0.875 0.5 0.875 0.75 0.875 0.75 0.375 0.25 0.625 0.25 0.625 0.25 0.375 1 0.625 1 0.375 1 0.875 0.75 0.875 0.5 0.875 0.75 0.125 0.5 0.125 0.75 0.125 0.5 0.625 0.25 0.375 0.25 0.625 0.25 0.625 1 0.375 1 0.375 1 0.625 1 0.375 1 0.375 1 0.6250001 0.25 0.3750001 0.25 0.6250002 0.25 0.1249999 3.092597 0.1249998 2.898934 0.1249999 2.732693 0.8750004 3.092601 0.8749998 2.898936 0.8750002 3.314398 0.8750002 1.533227 0.8750005 2.870804 0.8750002 1.810402 0.125 1.533226 0.125 2.870801 0.125 2.566453 0.375 0.25 0.6250001 0.25 0.625 0.25 0.625 1 0.375 1 0.375 1 0.8750005 2.870804 0.875 2.732696 0.8750004 3.092601 0.125 2.870801 0.1249999 2.732693 0.125 2.566453 0.6250001 0.25 0.3750001 0.25 0.6250001 0.25 0.375 1 0.625 1 0.375 1 0.625 1 0.375 1 0.375 1 0.375 0.25 0.625 0.25 0.625 0.25 0.125 0.5 0.125 1.8104 0.125 1.533226 0.875 0.5 0.8750002 1.810402 0.875 0.75 0.125 0.75 0.125 0.75 0.125 0.5 0.625 0.25 0.875 0.75 0.375 1 0.8749998 2.898936 0.3750001 0.25 0.1249999 3.314394 0.875 0.5 0.875 0.5 0.875 0.75 0.375 0.25 0.375 0.25 0.625 0.25 0.375 1 0.625 1 0.625 1 0.875 0.75 0.875 0.5 0.875 0.5 0.125 0.5 0.125 0.75 0.125 0.75 0.625 0.25 0.375 0.25 0.375 0.25 0.625 1 0.625 1 0.375 1 0.625 1 0.625 1 0.375 1 0.6250001 0.25 0.3750001 0.25 0.3750001 0.25 0.1249999 3.092597 0.1249999 3.314394 0.1249998 2.898934 0.8750004 3.092601 0.875 2.732696 0.8749998 2.898936 0.8750002 1.533227 0.8750004 2.566455 0.8750005 2.870804 0.125 1.533226 0.125 1.8104 0.125 2.870801 0.375 0.25 0.3750001 0.25 0.6250001 0.25 0.625 1 0.625 1 0.375 1 0.8750005 2.870804 0.8750004 2.566455 0.875 2.732696 0.125 2.870801 0.1249999 3.092597 0.1249999 2.732693 0.6250001 0.25 0.3750001 0.25 0.3750001 0.25 0.375 1 0.625 1 0.625 1 0.625 1 0.625 1 0.375 1 0.375 0.25 0.375 0.25 0.625 0.25 0.125 0.5 0.125 0.75 0.125 1.8104 0.875 0.5 0.8750002 1.533227 0.8750002 1.810402</float_array>
          <technique_common>
            <accessor source="#Cube_006-mesh-map-0-array" count="156" stride="2">
              <param name="S" type="float"/>
              <param name="T" type="float"/>
            </accessor>
          </technique_common>
        </source>
        <vertices id="Cube_006-mesh-vertices">
          <input semantic="POSITION" source="#Cube_006-mesh-positions"/>
        </vertices>
        <triangles material="Material_005-material" count="52">
          <input semantic="VERTEX" source="#Cube_006-mesh-vertices" offset="0"/>
          <input semantic="NORMAL" source="#Cube_006-mesh-normals" offset="1"/>
          <input semantic="TEXCOORD" source="#Cube_006-mesh-map-0" offset="2" set="0"/>
          <p>0 0 0 6 0 1 2 0 2 3 1 3 0 1 4 2 1 5 12 2 6 14 2 7 13 2 8 7 3 9 9 3 10 5 3 11 2 4 12 7 4 13 3 4 14 0 5 15 5 5 16 4 5 17 1 3 18 7 3 19 5 3 20 6 6 21 8 6 22 10 6 23 7 7 24 10 7 25 11 7 26 5 8 27 8 8 28 4 8 29 22 9 30 14 9 31 21 9 32 20 10 33 15 10 34 12 10 35 21 11 36 15 11 37 23 11 38 22 12 39 12 12 40 13 12 41 26 3 42 16 3 43 24 3 44 25 13 45 19 13 46 17 13 47 25 14 48 18 14 49 26 14 50 24 15 51 19 15 52 27 15 53 16 16 54 20 16 55 22 16 56 19 17 57 23 17 58 17 17 59 18 18 60 23 18 61 20 18 62 19 19 63 22 19 64 21 19 65 9 20 66 27 20 67 8 20 68 10 21 69 26 21 70 11 21 71 10 22 72 27 22 73 25 22 74 11 23 75 24 23 76 9 23 77 0 24 78 4 24 79 6 24 80 3 25 81 1 25 82 0 25 83 12 26 84 15 26 85 14 26 86 7 27 87 11 27 88 9 27 89 2 28 90 6 28 91 7 28 92 0 29 93 1 29 94 5 29 95 1 3 96 3 3 97 7 3 98 6 30 99 4 30 100 8 30 101 7 31 102 6 31 103 10 31 104 5 32 105 9 32 106 8 32 107 22 33 108 13 33 109 14 33 110 20 34 111 23 34 112 15 34 113 21 22 114 14 22 115 15 22 116 22 35 117 20 35 118 12 35 119 26 3 120 18 3 121 16 3 122 25 36 123 27 36 124 19 36 125 25 37 126 17 37 127 18 37 128 24 38 129 16 38 130 19 38 131 16 39 132 18 39 133 20 39 134 19 40 135 21 40 136 23 40 137 18 41 138 17 41 139 23 41 140 19 42 141 16 42 142 22 42 143 9 43 144 24 43 145 27 43 146 10 44 147 25 44 148 26 44 149 10 45 150 8 45 151 27 45 152 11 3 153 26 3 154 24 3 155</p>
        </triangles>
      </mesh>
    </geometry>
    <geometry id="Cube_005-mesh" name="Cube.005">
      <mesh>
        <source id="Cube_005-mesh-positions">
          <float_array id="Cube_005-mesh-positions-array" count="84">0.7350014 -2.345414 3.542198 0.7350015 -2.345415 14.13909 -0.01147574 -0.511984 3.542198 -0.01147574 -0.511984 14.13909 -3.028183 -4.897878 3.542197 -3.028183 -4.897878 14.13909 -4.036289 -3.170533 3.542197 -4.036289 -3.170533 14.13909 -7.388957 -6.363965 3.542198 -7.388958 -6.363964 14.13909 -7.708055 -4.389585 3.542198 -7.708055 -4.389585 14.13909 -20.20939 2.039536 14.13909 -21.79572 0.7339308 14.13909 -21.79572 0.7339304 3.542197 -20.20939 2.039535 3.542197 -16.88017 -4.393077 14.13909 -15.738 -2.695426 3.542198 -15.738 -2.695426 14.13909 -16.88017 -4.393078 3.542198 -18.23481 -0.572722 14.13909 -19.53996 -1.919132 3.542197 -19.53996 -1.919131 14.13909 -18.23481 -0.5727224 3.542197 -12.44102 -6.25588 14.13909 -11.8345 -4.1937 3.542198 -11.8345 -4.1937 14.13909 -12.44102 -6.255881 3.542198</float_array>
          <technique_common>
            <accessor source="#Cube_005-mesh-positions-array" count="28" stride="3">
              <param name="X" type="float"/>
              <param name="Y" type="float"/>
              <param name="Z" type="float"/>
            </accessor>
          </technique_common>
        </source>
        <source id="Cube_005-mesh-normals">
          <float_array id="Cube_005-mesh-normals-array" count="129">0 0 -1 0.9261764 0.3770907 0 -0.6354802 0.7721173 0 4.2336e-7 0 1 -0.5511559 0.8344023 0 0.5613319 -0.8275908 0 4.20423e-7 0 1 -3.74555e-7 0 -1 -0.3150948 0.9490602 0 0.3186711 -0.9478654 0 -0.7618468 -0.6477572 0 0.797739 0.603003 2.21687e-7 -1.41875e-7 0 -1 0 0 1 0 0 -1 0.3583387 0.9335917 0 -0.3869428 -0.9221038 0 3.11039e-7 -2.02977e-7 -1 0.6477218 0.7618769 3.05571e-7 -0.6810624 -0.7322254 0 -0.021389 -0.9997712 2.13715e-7 0.0474174 0.9988752 0 0 0 -1 0 0 -1 0.9261764 0.3770906 0 -0.6354798 0.7721176 -3.28529e-7 -4.99407e-7 0 1 -0.5511558 0.8344024 0 0.5613318 -0.827591 0 8.14779e-7 0 1 0 0 -1 -0.3150947 0.9490603 0 0.3186708 -0.9478655 0 -0.761846 -0.6477583 0 0.7977389 0.6030032 3.98506e-7 -4.25821e-7 0 1 0.3583391 0.9335916 0 -0.3869429 -0.9221037 0 2.59819e-7 -1.48378e-7 -1 0.6477217 0.7618771 0 -0.021389 -0.9997712 0 0.04741728 0.9988752 0 0 0 1</float_array>
          <technique_common>
            <accessor source="#Cube_005-mesh-normals-array" count="43" stride="3">
              <param name="X" type="float"/>
              <param name="Y" type="float"/>
              <param name="Z" type="float"/>
            </accessor>
          </technique_common>
        </source>
        <source id="Cube_005-mesh-map-0">
          <float_array id="Cube_005-mesh-map-0-array" count="312">0.125 0.75 0.125 0.5 0.125 0.5 0.625 0.25 0.375 1 0.375 0.25 0.8749998 2.898936 0.1249999 3.314394 0.8750002 3.314398 0.875 0.5 0.875 0.75 0.875 0.75 0.375 0.25 0.625 0.25 0.625 0.25 0.375 1 0.625 1 0.375 1 0.875 0.75 0.875 0.5 0.875 0.75 0.125 0.5 0.125 0.75 0.125 0.5 0.625 0.25 0.375 0.25 0.625 0.25 0.625 1 0.375 1 0.375 1 0.625 1 0.375 1 0.375 1 0.6250001 0.25 0.3750001 0.25 0.6250002 0.25 0.1249999 2.732693 0.1249999 3.314394 0.1249998 2.898934 0.875 2.732696 0.8750002 3.314398 0.8750004 3.092601 0.8750002 1.810402 0.8750004 2.566455 0.8750005 2.870804 0.125 1.8104 0.125 2.566453 0.125 1.533226 0.375 0.25 0.6250001 0.25 0.625 0.25 0.625 1 0.375 1 0.375 1 0.8750004 2.566455 0.8750004 3.092601 0.8750005 2.870804 0.125 2.566453 0.1249999 3.092597 0.1249999 2.732693 0.6250001 0.25 0.3750001 0.25 0.6250001 0.25 0.375 1 0.625 1 0.375 1 0.625 1 0.375 1 0.375 1 0.375 0.25 0.625 0.25 0.625 0.25 0.125 0.75 0.125 1.533226 0.125 0.5 0.875 0.75 0.8750002 1.533227 0.8750002 1.810402 0.125 0.75 0.125 0.75 0.125 0.5 0.625 0.25 0.875 0.75 0.375 1 0.8749998 2.898936 0.3750001 0.25 0.1249999 3.314394 0.875 0.5 0.875 0.5 0.875 0.75 0.375 0.25 0.375 0.25 0.625 0.25 0.375 1 0.625 1 0.625 1 0.875 0.75 0.875 0.5 0.875 0.5 0.125 0.5 0.125 0.75 0.125 0.75 0.625 0.25 0.375 0.25 0.375 0.25 0.625 1 0.625 1 0.375 1 0.625 1 0.625 1 0.375 1 0.6250001 0.25 0.3750001 0.25 0.3750001 0.25 0.1249999 2.732693 0.1249999 3.092597 0.1249999 3.314394 0.875 2.732696 0.8749998 2.898936 0.8750002 3.314398 0.8750002 1.810402 0.8750002 1.533227 0.8750004 2.566455 0.125 1.8104 0.125 2.870801 0.125 2.566453 0.375 0.25 0.3750001 0.25 0.6250001 0.25 0.625 1 0.625 1 0.375 1 0.8750004 2.566455 0.875 2.732696 0.8750004 3.092601 0.125 2.566453 0.125 2.870801 0.1249999 3.092597 0.6250001 0.25 0.3750001 0.25 0.3750001 0.25 0.375 1 0.625 1 0.625 1 0.625 1 0.625 1 0.375 1 0.375 0.25 0.375 0.25 0.625 0.25 0.125 0.75 0.125 1.8104 0.125 1.533226 0.875 0.75 0.875 0.5 0.8750002 1.533227</float_array>
          <technique_common>
            <accessor source="#Cube_005-mesh-map-0-array" count="156" stride="2">
              <param name="S" type="float"/>
              <param name="T" type="float"/>
            </accessor>
          </technique_common>
        </source>
        <vertices id="Cube_005-mesh-vertices">
          <input semantic="POSITION" source="#Cube_005-mesh-positions"/>
        </vertices>
        <triangles material="Material_014-material" count="52">
          <input semantic="VERTEX" source="#Cube_005-mesh-vertices" offset="0"/>
          <input semantic="NORMAL" source="#Cube_005-mesh-normals" offset="1"/>
          <input semantic="TEXCOORD" source="#Cube_005-mesh-map-0" offset="2" set="0"/>
          <p>0 0 0 6 0 1 2 0 2 3 1 3 0 1 4 2 1 5 12 2 6 14 2 7 13 2 8 7 3 9 9 3 10 5 3 11 2 4 12 7 4 13 3 4 14 0 5 15 5 5 16 4 5 17 1 6 18 7 6 19 5 6 20 6 7 21 8 7 22 10 7 23 7 8 24 10 8 25 11 8 26 5 9 27 8 9 28 4 9 29 22 10 30 14 10 31 21 10 32 20 11 33 15 11 34 12 11 35 23 12 36 14 12 37 15 12 38 20 13 39 13 13 40 22 13 41 24 13 42 18 13 43 16 13 44 27 14 45 17 14 46 25 14 47 25 15 48 18 15 49 26 15 50 24 16 51 19 16 52 27 16 53 18 13 54 22 13 55 16 13 56 17 17 57 21 17 58 23 17 59 18 18 60 23 18 61 20 18 62 19 19 63 22 19 64 21 19 65 9 20 66 27 20 67 8 20 68 10 21 69 26 21 70 11 21 71 8 22 72 25 22 73 10 22 74 9 13 75 26 13 76 24 13 77 0 23 78 4 23 79 6 23 80 3 24 81 1 24 82 0 24 83 12 25 84 15 25 85 14 25 86 7 26 87 11 26 88 9 26 89 2 27 90 6 27 91 7 27 92 0 28 93 1 28 94 5 28 95 1 29 96 3 29 97 7 29 98 6 30 99 4 30 100 8 30 101 7 31 102 6 31 103 10 31 104 5 32 105 9 32 106 8 32 107 22 33 108 13 33 109 14 33 110 20 34 111 23 34 112 15 34 113 23 14 114 21 14 115 14 14 116 20 13 117 12 13 118 13 13 119 24 35 120 26 35 121 18 35 122 27 14 123 19 14 124 17 14 125 25 36 126 17 36 127 18 36 128 24 37 129 16 37 130 19 37 131 18 13 132 20 13 133 22 13 134 17 38 135 19 38 136 21 38 137 18 39 138 17 39 139 23 39 140 19 19 141 16 19 142 22 19 143 9 40 144 24 40 145 27 40 146 10 41 147 25 41 148 26 41 149 8 14 150 27 14 151 25 14 152 9 42 153 11 42 154 26 42 155</p>
        </triangles>
      </mesh>
    </geometry>
    <geometry id="Cube_013-mesh" name="Cube.013">
      <mesh>
        <source id="Cube_013-mesh-positions">
          <float_array id="Cube_013-mesh-positions-array" count="132">0.7350014 -2.345414 3.542198 0.7350015 -2.345415 14.13909 -0.4592375 -0.7411109 3.542198 -0.4592375 -0.7411109 14.13909 3.334818 0.8404925 3.542198 3.334818 0.8404925 14.13909 1.84063 2.169929 3.542198 1.84063 2.169929 14.13909 -3.028183 -4.897878 3.542197 -3.028183 -4.897878 14.13909 -4.036289 -3.170533 3.542197 -4.036289 -3.170533 14.13909 -7.388957 -6.363965 3.542198 -7.388958 -6.363964 14.13909 -7.708055 -4.389585 3.542198 -7.708055 -4.389585 14.13909 -20.20939 2.039536 14.13909 -22.2522 0.6485429 14.13909 -22.2522 0.6485424 3.542197 -20.20939 2.039535 3.542197 -22.18799 8.231204 14.13909 -24.67584 7.957354 3.542197 -24.67584 7.957354 14.13909 -22.18799 8.231204 3.542197 -16.88017 -4.393077 14.13909 -15.83993 -2.441926 3.542198 -15.83993 -2.441926 14.13909 -16.88017 -4.393078 3.542198 -23.76963 4.018844 14.13909 -21.47719 4.868798 3.542198 -21.4772 4.868802 14.13909 -23.76963 4.018844 3.542198 -20.24321 13.84597 14.13909 -23.41147 11.99441 3.542197 -23.41147 11.99441 14.13909 -20.24321 13.84597 3.542197 -18.58591 -0.01694202 14.13909 -19.99644 -2.00452 3.542197 -19.99644 -2.004518 14.13909 -18.5859 -0.0169425 3.542197 -12.44102 -6.25588 14.13909 -11.8345 -4.1937 3.542198 -11.8345 -4.1937 14.13909 -12.44102 -6.255881 3.542198</float_array>
          <technique_common>
            <accessor source="#Cube_013-mesh-positions-array" count="44" stride="3">
              <param name="X" type="float"/>
              <param name="Y" type="float"/>
              <param name="Z" type="float"/>
            </accessor>
          </technique_common>
        </source>
        <source id="Cube_013-mesh-normals">
          <float_array id="Cube_013-mesh-normals-array" count="213">0 1.31819e-7 -1 -0.7846627 0.619923 0 0.6647184 0.747094 0 0.7747713 -0.6322417 0 0 0 -1 5.15001e-7 0 1 4.2336e-7 0 1 -0.5618397 0.8272461 0 0.5613319 -0.8275908 0 4.20423e-7 0 1 -2.49703e-7 0 -1 -0.3150948 0.9490602 0 0.3186711 -0.9478654 0 -0.5045629 0.863375 0 -0.7618469 -0.6477572 0 0.7848922 0.6196324 2.16955e-7 0 0 1 -0.9745357 -0.2242324 0 0.9783783 0.2068238 4.71359e-7 0 -2.77179e-7 -1 7.78589e-7 0 1 0.400703 0.916208 0 -0.3869429 -0.9221038 0 0 2.89052e-7 -1 0.9125676 0.408926 3.31659e-7 -0.9118418 -0.410542 0 -0.9542922 0.2988753 0 0.9449234 -0.3272919 0 1.34432e-7 0 -1 8.90766e-7 0 1 2.14831e-7 -1.51514e-7 -1 0.6619388 0.7495579 0 -0.6083375 -0.7936785 1.37525e-7 -0.021389 -0.9997712 2.13715e-7 0.0474174 0.9988752 0 0 0 -1 2.10212e-7 0 -1 -0.7846627 0.6199229 0 0.6647185 0.747094 0 0.7747714 -0.6322416 0 -1.2875e-7 0 -1 -4.99407e-7 0 1 -0.5618398 0.8272462 0 0.5613318 -0.827591 0 -2.1168e-7 0 -1 -0.3150948 0.9490603 0 0.3186708 -0.9478655 0 -0.5045632 0.8633749 0 -0.761846 -0.6477583 0 0.784891 0.6196339 3.95007e-7 5.9058e-7 0 1 -0.9745357 -0.2242324 0 0.9783776 0.2068267 0 0 -2.23108e-7 -1 -2.78533e-7 0 1 -3.9582e-7 0 1 0.4007031 0.916208 0 -0.3869429 -0.9221037 0 7.56537e-7 0 1 -2.12031e-7 2.16569e-7 -1 0.9125685 0.4089241 3.19306e-7 -0.9118409 -0.4105437 0 0.9449233 -0.3272919 0 2.68864e-7 0 1 4.29663e-7 0 1 2.22692e-7 0 -1 0.6619389 0.7495579 3.26644e-7 -0.6083379 -0.7936783 0 -0.021389 -0.9997712 0 0.04741728 0.9988752 0 0 0 1</float_array>
          <technique_common>
            <accessor source="#Cube_013-mesh-normals-array" count="71" stride="3">
              <param name="X" type="float"/>
              <param name="Y" type="float"/>
              <param name="Z" type="float"/>
            </accessor>
          </technique_common>
        </source>
        <source id="Cube_013-mesh-map-0">
          <float_array id="Cube_013-mesh-map-0-array" count="504">0.125 0.75 0.125 0.5 0.125 0.5 0.625 0.25 0.375 0.5 0.375 0.25 0.625 0.5 0.375 0.75 0.375 0.5 0.625 0.75 0.375 1 0.375 0.75 0.125 0.5 0.375 0.75 0.125 0.75 0.875 0.5 0.625 0.75 0.625 0.5 0.875 0.5 0.875 0.75 0.875 0.75 0.375 0.25 0.625 0.25 0.625 0.25 0.375 1 0.625 1 0.375 1 0.875 0.75 0.875 0.5 0.875 0.75 0.125 0.5 0.125 0.75 0.125 0.5 0.625 0.25 0.375 0.25 0.625 0.25 0.625 1 0.375 1 0.375 1 0.8750001 1.433815 0.125 1.716578 0.8750004 1.71658 0.625 1 0.375 1 0.375 1 0.6250001 0.25 0.3750001 0.25 0.6250002 0.25 0.1249999 2.732693 0.1249999 3.314394 0.1249998 2.898934 0.875 2.732696 0.8750002 3.314398 0.8750004 3.092601 0.3757692 1 0.625 1 0.375 1 0.3751734 0.25 0.6250001 0.25 0.6248269 0.25 0.125 2.830165 0.125 2.683156 0.125 2.367627 0.8750002 2.830168 0.8750006 2.683159 0.8750006 3.196194 0.8750002 1.533227 0.8750005 2.870804 0.8750002 1.810402 0.125 1.533226 0.125 2.870801 0.125 2.566453 0.375 0.25 0.6250001 0.25 0.625 0.25 0.625 1 0.375 1 0.375 1 0.8749998 2.898936 0.8750006 3.196194 0.8750002 3.314398 0.1249998 2.898934 0.125 3.196191 0.125 2.830165 0.6250002 0.25 0.3751734 0.25 0.6248269 0.25 0.625 1 0.3757692 1 0.375 1 0.625 1 0.375 1 0.375 1 0.3750001 0.25 0.625 0.25 0.6250001 0.25 0.125 2.367627 0.125 1.716578 0.125 1.433814 0.8750002 2.36763 0.8750004 1.71658 0.8750006 2.683159 0.8750004 2.566455 0.8750004 3.092601 0.8750005 2.870804 0.125 2.566453 0.1249999 3.092597 0.1249999 2.732693 0.3750001 0.25 0.6250001 0.25 0.6250001 0.25 0.375 1 0.625 1 0.375 1 0.625 1 0.375 1 0.375 1 0.375 0.25 0.625 0.25 0.625 0.25 0.125 0.75 0.125 1.533226 0.125 0.5 0.875 0.75 0.8750002 1.533227 0.8750002 1.810402 0.125 0.75 0.125 0.75 0.125 0.5 0.625 0.25 0.625 0.5 0.375 0.5 0.625 0.5 0.625 0.75 0.375 0.75 0.625 0.75 0.625 1 0.375 1 0.125 0.5 0.375 0.5 0.375 0.75 0.875 0.5 0.875 0.75 0.625 0.75 0.875 0.5 0.875 0.5 0.875 0.75 0.375 0.25 0.375 0.25 0.625 0.25 0.375 1 0.625 1 0.625 1 0.875 0.75 0.875 0.5 0.875 0.5 0.125 0.5 0.125 0.75 0.125 0.75 0.625 0.25 0.375 0.25 0.375 0.25 0.625 1 0.625 1 0.375 1 0.8750001 1.433815 0.375 0.25 0.125 1.716578 0.625 1 0.625 1 0.375 1 0.6250001 0.25 0.3750001 0.25 0.3750001 0.25 0.1249999 2.732693 0.1249999 3.092597 0.1249999 3.314394 0.875 2.732696 0.8749998 2.898936 0.8750002 3.314398 0.3757692 1 0.6242309 1 0.625 1 0.3751734 0.25 0.3750001 0.25 0.6250001 0.25 0.125 2.830165 0.125 3.196191 0.125 2.683156 0.8750002 2.830168 0.8750002 2.36763 0.8750006 2.683159 0.8750002 1.533227 0.8750004 2.566455 0.8750005 2.870804 0.125 1.533226 0.125 1.8104 0.125 2.870801 0.375 0.25 0.3750001 0.25 0.6250001 0.25 0.625 1 0.625 1 0.375 1 0.8749998 2.898936 0.8750002 2.830168 0.8750006 3.196194 0.1249998 2.898934 0.1249999 3.314394 0.125 3.196191 0.6250002 0.25 0.3750001 0.25 0.3751734 0.25 0.625 1 0.6242309 1 0.3757692 1 0.625 1 0.625 1 0.375 1 0.3750001 0.25 0.375 0.25 0.625 0.25 0.125 2.367627 0.125 2.683156 0.125 1.716578 0.8750002 2.36763 0.8750001 1.433815 0.8750004 1.71658 0.8750004 2.566455 0.875 2.732696 0.8750004 3.092601 0.125 2.566453 0.125 2.870801 0.1249999 3.092597 0.3750001 0.25 0.3750001 0.25 0.6250001 0.25 0.375 1 0.625 1 0.625 1 0.625 1 0.625 1 0.375 1 0.375 0.25 0.375 0.25 0.625 0.25 0.125 0.75 0.125 1.8104 0.125 1.533226 0.875 0.75 0.875 0.5 0.8750002 1.533227</float_array>
          <technique_common>
            <accessor source="#Cube_013-mesh-map-0-array" count="252" stride="2">
              <param name="S" type="float"/>
              <param name="T" type="float"/>
            </accessor>
          </technique_common>
        </source>
        <vertices id="Cube_013-mesh-vertices">
          <input semantic="POSITION" source="#Cube_013-mesh-positions"/>
        </vertices>
        <triangles material="Material_014-material" count="84">
          <input semantic="VERTEX" source="#Cube_013-mesh-vertices" offset="0"/>
          <input semantic="NORMAL" source="#Cube_013-mesh-normals" offset="1"/>
          <input semantic="TEXCOORD" source="#Cube_013-mesh-map-0" offset="2" set="0"/>
          <p>0 0 0 10 0 1 2 0 2 3 1 3 6 1 4 2 1 5 7 2 6 4 2 7 6 2 8 5 3 9 0 3 10 4 3 11 2 4 12 4 4 13 0 4 14 3 5 15 5 5 16 7 5 17 11 6 18 13 6 19 9 6 20 2 7 21 11 7 22 3 7 23 0 8 24 9 8 25 8 8 26 1 9 27 11 9 28 9 9 29 10 10 30 12 10 31 14 10 32 11 11 33 14 11 34 15 11 35 9 12 36 12 12 37 8 12 38 32 13 39 33 13 40 34 13 41 38 14 42 18 14 43 37 14 44 36 15 45 19 15 46 16 15 47 39 4 48 18 4 49 19 4 50 36 16 51 17 16 52 38 16 53 31 17 54 22 17 55 21 17 56 29 18 57 20 18 58 30 18 59 29 19 60 21 19 61 23 19 62 30 20 63 22 20 64 28 20 65 42 16 66 24 16 67 40 16 68 41 4 69 27 4 70 25 4 71 41 21 72 26 21 73 42 21 74 40 22 75 27 22 76 43 22 77 16 16 78 28 16 79 17 16 80 19 23 81 31 23 82 29 23 83 16 24 84 29 24 85 30 24 86 17 25 87 31 25 88 18 25 89 22 26 90 33 26 91 21 26 92 23 27 93 32 27 94 20 27 95 23 28 96 33 28 97 35 28 98 20 16 99 34 16 100 22 16 101 26 29 102 38 29 103 24 29 104 25 30 105 37 30 106 39 30 107 25 31 108 36 31 109 26 31 110 27 32 111 38 32 112 37 32 113 13 33 114 43 33 115 12 33 116 14 34 117 42 34 118 15 34 119 12 35 120 41 35 121 14 35 122 13 16 123 42 16 124 40 16 125 0 36 126 8 36 127 10 36 128 3 37 129 7 37 130 6 37 131 7 38 132 5 38 133 4 38 134 5 39 135 1 39 136 0 39 137 2 40 138 6 40 139 4 40 140 3 16 141 1 16 142 5 16 143 11 41 144 15 41 145 13 41 146 2 42 147 10 42 148 11 42 149 0 43 150 1 43 151 9 43 152 1 16 153 3 16 154 11 16 155 10 44 156 8 44 157 12 44 158 11 45 159 10 45 160 14 45 161 9 46 162 13 46 163 12 46 164 32 47 165 35 47 166 33 47 167 38 48 168 17 48 169 18 48 170 36 49 171 39 49 172 19 49 173 39 4 174 37 4 175 18 4 176 36 50 177 16 50 178 17 50 179 31 51 180 28 51 181 22 51 182 29 52 183 23 52 184 20 52 185 29 53 186 31 53 187 21 53 188 30 54 189 20 54 190 22 54 191 42 55 192 26 55 193 24 55 194 41 4 195 43 4 196 27 4 197 41 56 198 25 56 199 26 56 200 40 57 201 24 57 202 27 57 203 16 58 204 30 58 205 28 58 206 19 59 207 18 59 208 31 59 209 16 60 210 19 60 211 29 60 212 17 61 213 28 61 214 31 61 215 22 26 216 34 26 217 33 26 218 23 62 219 35 62 220 32 62 221 23 4 222 21 4 223 33 4 224 20 63 225 32 63 226 34 63 227 26 64 228 36 64 229 38 64 230 25 65 231 27 65 232 37 65 233 25 66 234 39 66 235 36 66 236 27 67 237 24 67 238 38 67 239 13 68 240 40 68 241 43 68 242 14 69 243 41 69 244 42 69 245 12 4 246 43 4 247 41 4 248 13 70 249 15 70 250 42 70 251</p>
        </triangles>
      </mesh>
    </geometry>
    <geometry id="Cylinder_015-mesh" name="Cylinder.015">
      <mesh>
        <source id="Cylinder_015-mesh-positions">
          <float_array id="Cylinder_015-mesh-positions-array" count="474">-4.5038e-6 4.323172 -0.4211962 -4.47283e-6 2.944398 5.606988 0.8434046 4.240104 -0.4211962 0.5744195 2.887823 5.606988 1.654402 3.99409 -0.4211962 1.126768 2.720269 5.606988 2.401821 3.594586 -0.4211962 1.635816 2.448178 5.606988 3.05694 3.056944 -0.4211962 2.081999 2.082004 5.606988 3.594582 2.401826 -0.4211962 2.448173 1.63582 5.606988 3.994086 1.654406 -0.4211962 2.720265 1.126772 5.606988 4.240099 0.8434091 -0.4211962 2.887818 0.5744234 5.606988 4.323168 -3.03638e-7 -0.4211962 2.944394 -2.62348e-7 5.606988 4.240099 -0.8434092 -0.4211962 2.887818 -0.5744236 5.606988 3.994086 -1.654406 -0.4211962 2.720265 -1.126773 5.606988 3.594582 -2.401826 -0.4211962 2.448173 -1.63582 5.606988 3.05694 -3.056944 -0.4211962 2.082 -2.082004 5.606988 2.401821 -3.594587 -0.4211962 1.635815 -2.448178 5.606988 1.654402 -3.99409 -0.4211962 1.126768 -2.720269 5.606988 0.8434045 -4.240104 -0.4211962 0.5744189 -2.887823 5.606988 -4.88174e-6 -4.323173 -0.4211962 -4.80432e-6 -2.944399 5.606988 -0.8434132 -4.240104 -0.4211962 -0.5744276 -2.887823 5.606988 -1.654411 -3.99409 -0.4211962 -1.126777 -2.720269 5.606988 -2.401831 -3.594586 -0.4211962 -1.635825 -2.448178 5.606988 -3.056949 -3.056945 -0.4211962 -2.082008 -2.082005 5.606988 -3.59459 -2.401827 -0.4211962 -2.448182 -1.635821 5.606988 -3.994095 -1.654407 -0.4211962 -2.720274 -1.126773 5.606988 -4.240108 -0.8434094 -0.4211962 -2.887827 -0.5744242 5.606988 -4.323176 0 -0.4211962 -2.944402 0 5.606988 -4.240108 0.8434094 -0.4211962 -2.887827 0.5744239 5.606988 -3.994094 1.654407 -0.4211962 -2.720273 1.126773 5.606988 -3.594591 2.401825 -0.4211962 -3.056949 3.056944 -0.4211962 -2.082009 2.082004 5.606988 -2.401831 3.594586 -0.4211962 -1.635825 2.448178 5.606988 -1.654411 3.99409 -0.4211962 -1.126777 2.720269 5.606988 -0.8434132 4.240104 -0.4211962 -0.5744281 2.887822 5.606988 0.8434046 4.240104 5.606988 -4.5038e-6 4.323172 5.606988 1.654402 3.99409 5.606988 2.401821 3.594586 5.606988 3.05694 3.056944 5.606988 3.594582 2.401826 5.606988 3.994086 1.654406 5.606988 4.240099 0.8434091 5.606988 4.323168 -3.03638e-7 5.606988 4.240099 -0.8434092 5.606988 3.994086 -1.654406 5.606988 3.594582 -2.401826 5.606988 3.05694 -3.056944 5.606988 2.401821 -3.594587 5.606988 1.654402 -3.99409 5.606988 0.8434045 -4.240104 5.606988 -4.88174e-6 -4.323173 5.606988 -0.8434132 -4.240104 5.606988 -1.654411 -3.99409 5.606988 -2.401831 -3.594586 5.606988 -3.056949 -3.056945 5.606988 -3.59459 -2.401827 5.606988 -3.994095 -1.654407 5.606988 -4.240108 -0.8434094 5.606988 -4.323176 0 5.606988 -4.240108 0.8434094 5.606988 -3.994094 1.654407 5.606988 -3.056949 3.056944 5.606988 -2.401831 3.594586 5.606988 -1.654411 3.99409 5.606988 -0.8434132 4.240104 5.606988 0.5744194 2.887823 2.768651 -4.53357e-6 2.944398 2.768651 1.126768 2.720269 2.768651 1.635815 2.448178 2.768651 2.081999 2.082004 2.768651 2.448173 1.63582 2.768651 2.720265 1.126772 2.768651 2.887818 0.5744234 2.768651 2.944394 -2.62348e-7 2.768651 2.887818 -0.5744236 2.768651 2.720265 -1.126773 2.768651 2.448173 -1.63582 2.768651 2.082 -2.082004 2.768651 1.635815 -2.448178 2.768651 1.126768 -2.720269 2.768651 0.5744189 -2.887823 2.768651 -4.86506e-6 -2.944399 2.768651 -0.5744277 -2.887823 2.768651 -1.126777 -2.720269 2.768651 -1.635825 -2.448178 2.768651 -2.082008 -2.082005 2.768651 -2.448182 -1.635821 2.768651 -2.720274 -1.126773 2.768651 -2.887827 -0.5744242 2.768651 -2.944402 0 2.768651 -2.887827 0.5744239 2.768651 -2.720273 1.126773 2.768651 -2.448183 1.63582 2.768651 -2.082009 2.082004 2.768651 -1.635825 2.448178 2.768651 -1.126777 2.720269 2.768651 -0.5744282 2.887822 2.768651 -4.5038e-6 4.323172 2.768651 0.8434046 4.240104 2.768651 1.654402 3.99409 2.768651 2.401821 3.594586 2.768651 3.05694 3.056944 2.768651 3.594582 2.401826 2.768651 3.994086 1.654406 2.768651 4.240099 0.8434091 2.768651 4.323168 -3.03638e-7 2.768651 4.240099 -0.8434092 2.768651 3.994086 -1.654406 2.768651 3.594582 -2.401826 2.768651 3.05694 -3.056944 2.768651 2.401821 -3.594587 2.768651 1.654402 -3.99409 2.768651 0.8434045 -4.240104 2.768651 -4.88174e-6 -4.323173 2.768651 -0.8434132 -4.240104 2.768651 -1.654411 -3.99409 2.768651 -2.401831 -3.594586 2.768651 -3.056949 -3.056945 2.768651 -3.59459 -2.401827 2.768651 -3.994095 -1.654407 2.768651 -4.240108 -0.8434094 2.768651 -4.323176 0 2.768651 -4.240108 0.8434094 2.768651 -3.994094 1.654407 2.768651 -3.594591 2.401825 2.768651 -3.056949 3.056944 2.768651 -2.401831 3.594586 2.768651 -1.654411 3.99409 2.768651 -0.8434132 4.240104 2.768651</float_array>
          <technique_common>
            <accessor source="#Cylinder_015-mesh-positions-array" count="158" stride="3">
              <param name="X" type="float"/>
              <param name="Y" type="float"/>
              <param name="Z" type="float"/>
            </accessor>
          </technique_common>
        </source>
        <source id="Cylinder_015-mesh-normals">
          <float_array id="Cylinder_015-mesh-normals-array" count="699">0.09801638 0.9951849 0 0.2902849 0.9569404 0 0.4713965 0.8819214 0 0.6343936 0.7730102 0 0.7730104 0.6343934 0 0.8819213 0.4713966 0 0.9569404 0.2902849 0 0.9951847 0.09801727 0 0.9951846 -0.0980181 0 0.9569404 -0.2902849 0 0.8819213 -0.4713968 0 0.7730101 -0.6343938 0 0.6343934 -0.7730104 0 0.4713969 -0.8819213 0 0.2902846 -0.9569405 0 0.09801745 -0.9951848 0 -0.09801751 -0.9951848 0 -0.2902846 -0.9569405 0 -0.4713968 -0.8819214 0 -0.6343931 -0.7730107 0 -0.7730107 -0.634393 0 -0.8819211 -0.4713973 0 -0.9569404 -0.2902847 0 -0.9951848 -0.0980165 0 -0.9951847 0.09801727 0 -0.9569404 0.2902848 0 -0.7071066 -0.7071071 0 0.3826833 0.9238796 0 -0.6343938 0.7730102 0 -0.4713963 0.8819215 0 0.9569404 -0.2902848 0 -0.2902848 0.9569404 0 -0.09801638 0.9951849 0 0 0 -1 0 0 1 1.20413e-6 0 1 1.20413e-6 0 1 -3.01033e-7 0 1 8.20104e-7 0 1 1.23016e-6 0 1 1.5377e-7 0 1 -1.20413e-6 0 1 4.10052e-7 0 1 4.10052e-7 0 1 8.20104e-7 0 1 -1.46155e-7 0 1 -4.10052e-7 0 1 -1.20413e-6 0 1 0 0 1 -0.6343935 0.7730103 0 -0.4713963 0.8819216 0 -0.09801626 -0.9951849 0 -0.2902849 0.9569404 0 -0.2902852 -0.9569403 0 0.6343937 -0.7730102 0 -0.09801793 0.9951847 0 -0.4713965 -0.8819215 0 0.4713963 -0.8819215 0 0.0980181 0.9951847 0 -0.6343937 -0.7730102 0 0.2902846 -0.9569404 0 0.2902848 0.9569404 0 -0.7730104 -0.6343934 0 0.09801673 -0.9951848 0 0.4713964 0.8819215 0 -0.8819212 -0.471397 0 0.6343938 0.7730101 0 -0.9569404 -0.2902848 0 0.7730102 0.6343936 0 -0.9951847 -0.09801852 0 0.881921 0.4713974 0 -0.9951848 0.09801745 0 0.9569404 0.2902849 0 -0.9569404 0.2902846 0 0.9951848 0.09801614 0 -0.8819218 0.4713957 0 0.9951848 -0.0980162 0 -0.77301 0.6343938 0 -0.09801644 0.9951848 0 -0.2902848 0.9569403 0 -0.4713962 0.8819216 0 -0.6343939 0.77301 0 -0.7730109 0.6343927 0 -0.8819212 0.4713968 0 -0.9569404 0.290285 0 -0.9951847 0.09801799 0 -0.9951848 -0.09801584 0 -0.9569405 -0.2902843 0 -0.8819208 -0.4713978 0 -0.7730106 -0.6343932 0 -0.6343934 -0.7730104 0 -0.4713969 -0.8819212 0 -0.2902846 -0.9569404 0 -0.09801757 -0.9951847 0 0.09801745 -0.9951848 0 0.2902846 -0.9569404 0 0.4713968 -0.8819214 0 0.6343938 -0.7730102 0 0.7730101 -0.6343938 0 0.8819216 -0.4713962 0 0.9569404 -0.2902845 0 0.9951848 -0.09801733 0 0.9951847 0.09801799 0 0.9569403 0.2902851 0 0.8819213 0.4713967 0 0.7730104 0.6343935 0 0.6343936 0.7730103 0 0.4713965 0.8819215 0 0.290285 0.9569404 0 0.09801638 0.9951849 0 0.09801638 0.9951848 0 0.2902849 0.9569403 0 0.6343934 0.7730104 0 0.7730109 0.6343928 0 0.8819214 0.4713965 0 0.9569404 0.2902848 0 0.9951847 0.09801805 0 0.9951848 -0.09801733 0 0.9569406 -0.290284 0 0.8819217 -0.471396 0 0.7730106 -0.6343932 0 0.6343932 -0.7730106 0 0.4713965 -0.8819214 0 0.2902846 -0.9569404 0 0.09801751 -0.9951848 0 -0.09801763 -0.9951848 0 -0.2902846 -0.9569404 0 -0.4713969 -0.8819212 0 -0.6343932 -0.7730106 0 -0.7730107 -0.634393 0 -0.8819211 -0.4713971 0 -0.9569404 -0.2902846 0 -0.9951847 -0.09801721 0 -0.9951848 0.09801644 0 -0.9569404 0.2902846 0 -0.7071064 -0.7071073 0 0.3826839 0.9238795 0 -0.6343935 0.7730103 0 0.9569401 -0.2902854 0 -0.2902849 0.9569403 0 -0.09801644 0.9951848 0 0 0 -1 -1.43632e-7 0 -1 4.25381e-7 0 -1 4.25379e-7 0 -1 4.25377e-7 0 -1 -2.12688e-7 0 -1 -2.92893e-7 0 -1 -4.25379e-7 0 -1 -4.25377e-7 0 -1 0 0 -1 0 0 -1 0 0 -1 -7.68848e-7 0 1 1.20413e-6 0 1 4.10052e-7 0 1 -4.10052e-7 0 1 -3.01034e-7 0 1 8.20104e-7 0 1 -1.20414e-6 0 1 -2.05026e-7 0 1 -1.53769e-7 0 1 -6.15077e-7 0 1 4.10052e-7 0 1 3.01034e-7 0 1 1.46155e-7 0 1 1.20413e-6 0 1 -9.17027e-7 0 1 -3.66816e-6 0 1 3.66813e-6 0 1 -1.26285e-6 0 1 1.23859e-6 0 1 -1.83406e-6 0 1 -3.66812e-6 0 1 -1.26285e-6 0 1 1.23858e-6 0 1 -1.83407e-6 0 1 9.44074e-7 0 1 -3.58829e-7 0 1 1.55569e-7 0 1 -0.6343937 0.7730101 0 -0.4713961 0.8819216 0 -0.0980162 -0.9951849 1.45528e-7 -0.2902846 0.9569404 -1.45528e-7 -0.2902851 -0.9569402 -1.45528e-7 0.6343938 -0.7730101 0 -0.09801787 0.9951847 1.45528e-7 -0.4713965 -0.8819215 1.45528e-7 0.4713962 -0.8819216 -1.45528e-7 0.09801805 0.9951847 0 -0.6343935 -0.7730104 -1.45528e-7 0.2902845 -0.9569404 0 0.2902846 0.9569404 1.45528e-7 -0.7730106 -0.6343931 0 0.09801667 -0.9951848 0 0.471396 0.8819216 -1.45528e-7 -0.8819214 -0.4713968 0 0.6343936 0.7730102 1.45529e-7 -0.9569405 -0.2902843 0 0.7730107 0.634393 0 -0.9951847 -0.09801739 0 -0.9951846 0.09801858 0 0.9569404 0.2902844 0 0.9951849 0.0980162 0 -0.8819212 0.4713969 0 0.9951848 -0.0980162 0 -0.7730105 0.6343932 0 -0.4713965 0.8819215 0 -0.6343936 0.7730102 0 -0.7730106 0.6343932 0 -0.8819213 0.4713969 0 -0.9569403 0.2902849 0 -0.9951848 0.09801584 0 -0.9951847 -0.09801799 0 -0.9569403 -0.2902849 0 -0.8819211 -0.4713972 0 -0.7730109 -0.6343927 0 -0.6343931 -0.7730107 0 -0.4713966 -0.8819214 0 -0.09801757 -0.9951848 0 0.09801745 -0.9951848 0 0.2902847 -0.9569404 0 0.4713966 -0.8819214 0 0.6343934 -0.7730105 0 0.7730104 -0.6343933 0 0.8819214 -0.4713968 0 0.9951847 -0.09801805 0 0.9951847 0.09801727 0 0.9569404 0.2902845 0 0.6343937 0.7730102 0 0.4713966 0.8819214 0 0.290285 0.9569404 0 0.09801638 0.9951849 0</float_array>
          <technique_common>
            <accessor source="#Cylinder_015-mesh-normals-array" count="233" stride="3">
              <param name="X" type="float"/>
              <param name="Y" type="float"/>
              <param name="Z" type="float"/>
            </accessor>
          </technique_common>
        </source>
        <source id="Cylinder_015-mesh-map-0">
          <float_array id="Cylinder_015-mesh-map-0-array" count="1872">1 1 0.96875 0.9188115 1 0.9188115 0.96875 1 0.9375 0.9188115 0.96875 0.9188115 0.9375 1 0.90625 0.9188115 0.9375 0.9188115 0.90625 1 0.875 0.9188115 0.90625 0.9188115 0.875 1 0.84375 0.9188115 0.875 0.9188115 0.84375 1 0.8125 0.9188114 0.84375 0.9188115 0.8125 1 0.78125 0.9188115 0.8125 0.9188114 0.78125 1 0.75 0.9188115 0.78125 0.9188115 0.75 1 0.71875 0.9188115 0.75 0.9188115 0.71875 1 0.6875 0.9188114 0.71875 0.9188115 0.6875 1 0.65625 0.9188115 0.6875 0.9188114 0.65625 1 0.625 0.9188115 0.65625 0.9188115 0.625 1 0.59375 0.9188115 0.625 0.9188115 0.59375 1 0.5625 0.9188115 0.59375 0.9188115 0.5625 1 0.53125 0.9188115 0.5625 0.9188115 0.53125 1 0.5 0.9188115 0.53125 0.9188115 0.5 1 0.46875 0.9188114 0.5 0.9188115 0.46875 1 0.4375 0.9188115 0.46875 0.9188114 0.4375 1 0.40625 0.9188113 0.4375 0.9188115 0.40625 1 0.375 0.9188115 0.40625 0.9188113 0.375 1 0.34375 0.9188115 0.375 0.9188115 0.34375 1 0.3125 0.9188115 0.34375 0.9188115 0.3125 1 0.28125 0.9188115 0.3125 0.9188115 0.28125 1 0.25 0.9188115 0.28125 0.9188115 0.25 1 0.21875 0.9188115 0.25 0.9188115 0.21875 1 0.1875 0.9188115 0.21875 0.9188115 0.125 0.9188115 0.134418 0.3655821 0.125 1 0.1875 1 0.09898483 0.3125526 0.1875 0.9188115 0.125 1 0.09375 0.9188115 0.125 0.9188115 0.09375 1 0.0625 0.9188115 0.09375 0.9188115 0.08968311 0.281889 0.09898483 0.3125526 0.09898483 0.3125526 0.0625 1 0.03125 0.9188115 0.0625 0.9188115 0.03125 1 0 0.9188114 0.03125 0.9188115 0.9853885 0.2968217 0.7968217 0.01461148 0.5146116 0.2031783 0.281889 0.4103169 0.25 0.49 0.25 0.4134577 0.281889 0.4103169 0.341844 0.4717311 0.2968217 0.4853885 0.3408122 0.3859101 0.341844 0.4717311 0.3125526 0.4010152 0.3408122 0.3859101 0.4197056 0.4197056 0.3833369 0.4495527 0.38591 0.3408122 0.4197056 0.4197056 0.365582 0.3655821 0.4010152 0.3125525 0.4495527 0.3833369 0.38591 0.3408122 0.4010152 0.3125525 0.4853885 0.2968217 0.4717311 0.341844 0.4134576 0.2500001 0.4853885 0.2968217 0.4103169 0.281889 0.4134576 0.2500001 0.4853885 0.2031783 0.49 0.25 0.4010152 0.1874474 0.4853885 0.2031783 0.4103169 0.218111 0.38591 0.1591877 0.4717311 0.1581559 0.4010152 0.1874474 0.38591 0.1591877 0.4197056 0.08029437 0.4495527 0.1166631 0.3408123 0.1140899 0.4197056 0.08029437 0.3655821 0.134418 0.3408123 0.1140899 0.341844 0.02826887 0.3833369 0.05044728 0.281889 0.08968311 0.341844 0.02826887 0.3125526 0.09898483 0.25 0.0865423 0.2968217 0.01461148 0.281889 0.08968311 0.25 0.0865423 0.2031783 0.01461148 0.25 0.00999999 0.1874474 0.09898483 0.2031783 0.01461148 0.218111 0.08968311 0.1591877 0.1140899 0.1581559 0.02826887 0.1874474 0.09898483 0.1591877 0.1140899 0.08029437 0.08029437 0.1166631 0.05044728 0.134418 0.1344179 0.05044728 0.116663 0.08029437 0.08029437 0.09898477 0.1874475 0.05044728 0.116663 0.11409 0.1591877 0.09898477 0.1874475 0.01461154 0.2031783 0.02826887 0.1581559 0.08968311 0.218111 0.00999999 0.25 0.01461154 0.2031783 0.08968311 0.281889 0.00999999 0.25 0.08654236 0.25 0.08968311 0.281889 0.02826893 0.341844 0.01461154 0.2968217 0.1591877 0.3859101 0.08029431 0.4197056 0.134418 0.3655821 0.1591877 0.3859101 0.1581559 0.4717311 0.1166631 0.4495527 0.218111 0.4103168 0.1581559 0.4717311 0.1874474 0.4010152 0.218111 0.4103168 0.25 0.49 0.2031783 0.4853885 0.3125526 0.4010152 0.09898483 0.3125526 0.1874474 0.09898483 0.3655821 0.134418 0.3408123 0.1140899 0.3408123 0.1140899 0.1875 0.9188115 0.1140899 0.3408122 0.15625 0.9188115 0.3408123 0.1140899 0.3125526 0.09898483 0.3125526 0.09898483 0.25 0.4134577 0.281889 0.4103169 0.281889 0.4103169 0.134418 0.3655821 0.15625 0.9188115 0.1140899 0.3408122 0.3125526 0.09898483 0.281889 0.08968311 0.281889 0.08968311 0.281889 0.4103169 0.3125526 0.4010152 0.3125526 0.4010152 0.134418 0.3655821 0.1591877 0.3859101 0.1591877 0.3859101 0.281889 0.08968311 0.25 0.0865423 0.25 0.0865423 0.3125526 0.4010152 0.3408122 0.3859101 0.3408122 0.3859101 0.1591877 0.3859101 0.1874474 0.4010152 0.1874474 0.4010152 0.25 0.0865423 0.218111 0.08968311 0.218111 0.08968311 0.3408122 0.3859101 0.365582 0.3655821 0.365582 0.3655821 0.1874474 0.4010152 0.218111 0.4103168 0.218111 0.4103168 0.218111 0.08968311 0.1874474 0.09898483 0.1874474 0.09898483 0.365582 0.3655821 0.38591 0.3408122 0.38591 0.3408122 0.218111 0.4103168 0.25 0.4134577 0.25 0.4134577 0.1874474 0.09898483 0.1591877 0.1140899 0.1591877 0.1140899 0.38591 0.3408122 0.4010152 0.3125525 0.4010152 0.3125525 0.1591877 0.1140899 0.134418 0.1344179 0.134418 0.1344179 0.4010152 0.3125525 0.4103169 0.281889 0.4103169 0.281889 0.134418 0.1344179 0.11409 0.1591877 0.11409 0.1591877 0.4103169 0.281889 0.4134576 0.2500001 0.4134576 0.2500001 0.11409 0.1591877 0.09898477 0.1874475 0.09898477 0.1874475 0.4134576 0.2500001 0.4103169 0.218111 0.4103169 0.218111 0.09898477 0.1874475 0.08968311 0.218111 0.08968311 0.218111 0.4103169 0.218111 0.4010152 0.1874474 0.4010152 0.1874474 0.08968311 0.218111 0.08654236 0.25 0.08654236 0.25 0.4010152 0.1874474 0.38591 0.1591877 0.38591 0.1591877 0.08654236 0.25 0.08968311 0.281889 0.08968311 0.281889 0.38591 0.1591877 0.3655821 0.134418 0.3655821 0.134418 0.03125 0.9188115 0 0.5 0.03125 0.5 0.0625 0.9188115 0.03125 0.5 0.0625 0.5 0.09375 0.9188115 0.0625 0.5 0.09375 0.5 0.125 0.9188115 0.09375 0.5 0.125 0.5 0.15625 0.9188115 0.125 0.5 0.15625 0.5 0.1875 0.9188115 0.15625 0.5 0.1875 0.5 0.21875 0.9188115 0.1875 0.5 0.21875 0.5 0.25 0.9188115 0.21875 0.5 0.25 0.5 0.28125 0.9188115 0.25 0.5 0.28125 0.5 0.3125 0.9188115 0.28125 0.5 0.3125 0.5 0.34375 0.9188115 0.3125 0.5 0.34375 0.5 0.375 0.9188115 0.34375 0.5 0.375 0.5 0.40625 0.9188113 0.375 0.5 0.40625 0.5 0.4375 0.9188115 0.40625 0.5 0.4375 0.5 0.46875 0.9188114 0.4375 0.5 0.46875 0.5 0.5 0.9188115 0.46875 0.5 0.5 0.5 0.53125 0.9188115 0.5 0.5 0.53125 0.5 0.5625 0.9188115 0.53125 0.5 0.5625 0.5 0.59375 0.9188115 0.5625 0.5 0.59375 0.5 0.625 0.9188115 0.59375 0.5 0.625 0.5 0.65625 0.9188115 0.625 0.5 0.65625 0.5 0.6875 0.9188114 0.65625 0.5 0.6875 0.5 0.71875 0.9188115 0.6875 0.5 0.71875 0.5 0.75 0.9188115 0.71875 0.5 0.75 0.5 0.78125 0.9188115 0.75 0.5 0.78125 0.5 0.8125 0.9188114 0.78125 0.5 0.8125 0.5 0.84375 0.9188115 0.8125 0.5 0.84375 0.5 0.875 0.9188115 0.84375 0.5 0.875 0.5 0.90625 0.9188115 0.875 0.5 0.90625 0.5 0.9375 0.9188115 0.90625 0.5 0.9375 0.5 0.96875 0.9188115 0.9375 0.5 0.96875 0.5 1 0.9188115 0.96875 0.5 1 0.5 1 1 0.96875 1 0.96875 0.9188115 0.96875 1 0.9375 1 0.9375 0.9188115 0.9375 1 0.90625 1 0.90625 0.9188115 0.90625 1 0.875 1 0.875 0.9188115 0.875 1 0.84375 1 0.84375 0.9188115 0.84375 1 0.8125 1 0.8125 0.9188114 0.8125 1 0.78125 1 0.78125 0.9188115 0.78125 1 0.75 1 0.75 0.9188115 0.75 1 0.71875 1 0.71875 0.9188115 0.71875 1 0.6875 1 0.6875 0.9188114 0.6875 1 0.65625 1 0.65625 0.9188115 0.65625 1 0.625 1 0.625 0.9188115 0.625 1 0.59375 1 0.59375 0.9188115 0.59375 1 0.5625 1 0.5625 0.9188115 0.5625 1 0.53125 1 0.53125 0.9188115 0.53125 1 0.5 1 0.5 0.9188115 0.5 1 0.46875 1 0.46875 0.9188114 0.46875 1 0.4375 1 0.4375 0.9188115 0.4375 1 0.40625 1 0.40625 0.9188113 0.40625 1 0.375 1 0.375 0.9188115 0.375 1 0.34375 1 0.34375 0.9188115 0.34375 1 0.3125 1 0.3125 0.9188115 0.3125 1 0.28125 1 0.28125 0.9188115 0.28125 1 0.25 1 0.25 0.9188115 0.25 1 0.21875 1 0.21875 0.9188115 0.21875 1 0.1875 1 0.1875 0.9188115 0.125 0.9188115 0.134418 0.3655821 0.134418 0.3655821 0.1875 1 0.09898483 0.3125526 0.09898483 0.3125526 0.125 1 0.09375 1 0.09375 0.9188115 0.09375 1 0.0625 1 0.0625 0.9188115 0.08968311 0.281889 0.08968311 0.281889 0.09898483 0.3125526 0.0625 1 0.03125 1 0.03125 0.9188115 0.03125 1 0 1 0 0.9188114 0.7031784 0.4853885 0.75 0.49 0.8833369 0.4495527 0.75 0.49 0.7968217 0.4853885 0.8833369 0.4495527 0.7968217 0.4853885 0.841844 0.4717311 0.8833369 0.4495527 0.8833369 0.4495527 0.9197056 0.4197056 0.9495527 0.3833369 0.9495527 0.3833369 0.9717311 0.341844 0.9853885 0.2968217 0.9853885 0.2968217 0.99 0.25 0.9853885 0.2031783 0.9853885 0.2031783 0.9717311 0.1581559 0.9495527 0.1166631 0.9495527 0.1166631 0.9197056 0.08029437 0.7968217 0.01461148 0.9197056 0.08029437 0.8833369 0.05044728 0.7968217 0.01461148 0.8833369 0.05044728 0.841844 0.02826887 0.7968217 0.01461148 0.7968217 0.01461148 0.75 0.00999999 0.7031784 0.01461148 0.7031784 0.01461148 0.658156 0.02826887 0.6166631 0.05044728 0.6166631 0.05044728 0.5802944 0.08029437 0.5504474 0.116663 0.5504474 0.116663 0.5282689 0.1581559 0.5146116 0.2031783 0.5146116 0.2031783 0.51 0.25 0.5504473 0.3833368 0.51 0.25 0.5146116 0.2968217 0.5504473 0.3833368 0.5146116 0.2968217 0.5282689 0.341844 0.5504473 0.3833368 0.5504473 0.3833368 0.5802944 0.4197056 0.6166631 0.4495527 0.6166631 0.4495527 0.658156 0.4717311 0.5504473 0.3833368 0.658156 0.4717311 0.7031784 0.4853885 0.5504473 0.3833368 0.8833369 0.4495527 0.9495527 0.3833369 0.7031784 0.4853885 0.9495527 0.3833369 0.9853885 0.2968217 0.7031784 0.4853885 0.9853885 0.2968217 0.9853885 0.2031783 0.7968217 0.01461148 0.9853885 0.2031783 0.9495527 0.1166631 0.7968217 0.01461148 0.7968217 0.01461148 0.7031784 0.01461148 0.6166631 0.05044728 0.6166631 0.05044728 0.5504474 0.116663 0.7968217 0.01461148 0.5504474 0.116663 0.5146116 0.2031783 0.7968217 0.01461148 0.5146116 0.2031783 0.5504473 0.3833368 0.7031784 0.4853885 0.7031784 0.4853885 0.9853885 0.2968217 0.5146116 0.2031783 0.281889 0.4103169 0.2968217 0.4853885 0.25 0.49 0.281889 0.4103169 0.3125526 0.4010152 0.341844 0.4717311 0.3408122 0.3859101 0.3833369 0.4495527 0.341844 0.4717311 0.3408122 0.3859101 0.365582 0.3655821 0.4197056 0.4197056 0.38591 0.3408122 0.4495527 0.3833369 0.4197056 0.4197056 0.4010152 0.3125525 0.4717311 0.341844 0.4495527 0.3833369 0.4010152 0.3125525 0.4103169 0.281889 0.4853885 0.2968217 0.4134576 0.2500001 0.49 0.25 0.4853885 0.2968217 0.4134576 0.2500001 0.4103169 0.218111 0.4853885 0.2031783 0.4010152 0.1874474 0.4717311 0.1581559 0.4853885 0.2031783 0.38591 0.1591877 0.4495527 0.1166631 0.4717311 0.1581559 0.38591 0.1591877 0.3655821 0.134418 0.4197056 0.08029437 0.3408123 0.1140899 0.3833369 0.05044728 0.4197056 0.08029437 0.3408123 0.1140899 0.3125526 0.09898483 0.341844 0.02826887 0.281889 0.08968311 0.2968217 0.01461148 0.341844 0.02826887 0.25 0.0865423 0.25 0.00999999 0.2968217 0.01461148 0.25 0.0865423 0.218111 0.08968311 0.2031783 0.01461148 0.1874474 0.09898483 0.1581559 0.02826887 0.2031783 0.01461148 0.1591877 0.1140899 0.1166631 0.05044728 0.1581559 0.02826887 0.1591877 0.1140899 0.134418 0.1344179 0.08029437 0.08029437 0.134418 0.1344179 0.11409 0.1591877 0.05044728 0.116663 0.09898477 0.1874475 0.02826887 0.1581559 0.05044728 0.116663 0.09898477 0.1874475 0.08968311 0.218111 0.01461154 0.2031783 0.08968311 0.218111 0.08654236 0.25 0.00999999 0.25 0.08968311 0.281889 0.01461154 0.2968217 0.00999999 0.25 0.08968311 0.281889 0.09898483 0.3125526 0.02826893 0.341844 0.1591877 0.3859101 0.1166631 0.4495527 0.08029431 0.4197056 0.1591877 0.3859101 0.1874474 0.4010152 0.1581559 0.4717311 0.218111 0.4103168 0.2031783 0.4853885 0.1581559 0.4717311 0.218111 0.4103168 0.25 0.4134577 0.25 0.49 0.3125526 0.4010152 0.281889 0.4103169 0.25 0.4134577 0.25 0.4134577 0.218111 0.4103168 0.1874474 0.4010152 0.1874474 0.4010152 0.1591877 0.3859101 0.134418 0.3655821 0.134418 0.3655821 0.1140899 0.3408122 0.09898483 0.3125526 0.09898483 0.3125526 0.08968311 0.281889 0.08654236 0.25 0.08654236 0.25 0.08968311 0.218111 0.09898477 0.1874475 0.09898477 0.1874475 0.11409 0.1591877 0.1874474 0.09898483 0.11409 0.1591877 0.134418 0.1344179 0.1874474 0.09898483 0.134418 0.1344179 0.1591877 0.1140899 0.1874474 0.09898483 0.1874474 0.09898483 0.218111 0.08968311 0.3125526 0.09898483 0.218111 0.08968311 0.25 0.0865423 0.3125526 0.09898483 0.25 0.0865423 0.281889 0.08968311 0.3125526 0.09898483 0.3125526 0.09898483 0.3408123 0.1140899 0.3655821 0.134418 0.3655821 0.134418 0.38591 0.1591877 0.4010152 0.1874474 0.4010152 0.1874474 0.4103169 0.218111 0.4134576 0.2500001 0.4134576 0.2500001 0.4103169 0.281889 0.4010152 0.1874474 0.4103169 0.281889 0.4010152 0.3125525 0.4010152 0.1874474 0.4010152 0.3125525 0.38591 0.3408122 0.3125526 0.4010152 0.38591 0.3408122 0.365582 0.3655821 0.3125526 0.4010152 0.365582 0.3655821 0.3408122 0.3859101 0.3125526 0.4010152 0.3125526 0.4010152 0.25 0.4134577 0.09898483 0.3125526 0.25 0.4134577 0.1874474 0.4010152 0.09898483 0.3125526 0.1874474 0.4010152 0.134418 0.3655821 0.09898483 0.3125526 0.09898483 0.3125526 0.08654236 0.25 0.1874474 0.09898483 0.08654236 0.25 0.09898477 0.1874475 0.1874474 0.09898483 0.3125526 0.09898483 0.3655821 0.134418 0.4010152 0.1874474 0.1874474 0.09898483 0.3125526 0.09898483 0.4010152 0.1874474 0.4010152 0.1874474 0.4010152 0.3125525 0.1874474 0.09898483 0.4010152 0.3125525 0.3125526 0.4010152 0.1874474 0.09898483 0.3655821 0.134418 0.3655821 0.134418 0.3408123 0.1140899 0.1875 0.9188115 0.09898483 0.3125526 0.1140899 0.3408122 0.3408123 0.1140899 0.3408123 0.1140899 0.3125526 0.09898483 0.25 0.4134577 0.25 0.4134577 0.281889 0.4103169 0.134418 0.3655821 0.125 0.9188115 0.15625 0.9188115 0.3125526 0.09898483 0.3125526 0.09898483 0.281889 0.08968311 0.281889 0.4103169 0.281889 0.4103169 0.3125526 0.4010152 0.134418 0.3655821 0.134418 0.3655821 0.1591877 0.3859101 0.281889 0.08968311 0.281889 0.08968311 0.25 0.0865423 0.3125526 0.4010152 0.3125526 0.4010152 0.3408122 0.3859101 0.1591877 0.3859101 0.1591877 0.3859101 0.1874474 0.4010152 0.25 0.0865423 0.25 0.0865423 0.218111 0.08968311 0.3408122 0.3859101 0.3408122 0.3859101 0.365582 0.3655821 0.1874474 0.4010152 0.1874474 0.4010152 0.218111 0.4103168 0.218111 0.08968311 0.218111 0.08968311 0.1874474 0.09898483 0.365582 0.3655821 0.365582 0.3655821 0.38591 0.3408122 0.218111 0.4103168 0.218111 0.4103168 0.25 0.4134577 0.1874474 0.09898483 0.1874474 0.09898483 0.1591877 0.1140899 0.38591 0.3408122 0.38591 0.3408122 0.4010152 0.3125525 0.1591877 0.1140899 0.1591877 0.1140899 0.134418 0.1344179 0.4010152 0.3125525 0.4010152 0.3125525 0.4103169 0.281889 0.134418 0.1344179 0.134418 0.1344179 0.11409 0.1591877 0.4103169 0.281889 0.4103169 0.281889 0.4134576 0.2500001 0.11409 0.1591877 0.11409 0.1591877 0.09898477 0.1874475 0.4134576 0.2500001 0.4134576 0.2500001 0.4103169 0.218111 0.09898477 0.1874475 0.09898477 0.1874475 0.08968311 0.218111 0.4103169 0.218111 0.4103169 0.218111 0.4010152 0.1874474 0.08968311 0.218111 0.08968311 0.218111 0.08654236 0.25 0.4010152 0.1874474 0.4010152 0.1874474 0.38591 0.1591877 0.08654236 0.25 0.08654236 0.25 0.08968311 0.281889 0.38591 0.1591877 0.38591 0.1591877 0.3655821 0.134418 0.03125 0.9188115 0 0.9188114 0 0.5 0.0625 0.9188115 0.03125 0.9188115 0.03125 0.5 0.09375 0.9188115 0.0625 0.9188115 0.0625 0.5 0.125 0.9188115 0.09375 0.9188115 0.09375 0.5 0.15625 0.9188115 0.125 0.9188115 0.125 0.5 0.1875 0.9188115 0.15625 0.9188115 0.15625 0.5 0.21875 0.9188115 0.1875 0.9188115 0.1875 0.5 0.25 0.9188115 0.21875 0.9188115 0.21875 0.5 0.28125 0.9188115 0.25 0.9188115 0.25 0.5 0.3125 0.9188115 0.28125 0.9188115 0.28125 0.5 0.34375 0.9188115 0.3125 0.9188115 0.3125 0.5 0.375 0.9188115 0.34375 0.9188115 0.34375 0.5 0.40625 0.9188113 0.375 0.9188115 0.375 0.5 0.4375 0.9188115 0.40625 0.9188113 0.40625 0.5 0.46875 0.9188114 0.4375 0.9188115 0.4375 0.5 0.5 0.9188115 0.46875 0.9188114 0.46875 0.5 0.53125 0.9188115 0.5 0.9188115 0.5 0.5 0.5625 0.9188115 0.53125 0.9188115 0.53125 0.5 0.59375 0.9188115 0.5625 0.9188115 0.5625 0.5 0.625 0.9188115 0.59375 0.9188115 0.59375 0.5 0.65625 0.9188115 0.625 0.9188115 0.625 0.5 0.6875 0.9188114 0.65625 0.9188115 0.65625 0.5 0.71875 0.9188115 0.6875 0.9188114 0.6875 0.5 0.75 0.9188115 0.71875 0.9188115 0.71875 0.5 0.78125 0.9188115 0.75 0.9188115 0.75 0.5 0.8125 0.9188114 0.78125 0.9188115 0.78125 0.5 0.84375 0.9188115 0.8125 0.9188114 0.8125 0.5 0.875 0.9188115 0.84375 0.9188115 0.84375 0.5 0.90625 0.9188115 0.875 0.9188115 0.875 0.5 0.9375 0.9188115 0.90625 0.9188115 0.90625 0.5 0.96875 0.9188115 0.9375 0.9188115 0.9375 0.5 1 0.9188115 0.96875 0.9188115 0.96875 0.5</float_array>
          <technique_common>
            <accessor source="#Cylinder_015-mesh-map-0-array" count="936" stride="2">
              <param name="S" type="float"/>
              <param name="T" type="float"/>
            </accessor>
          </technique_common>
        </source>
        <vertices id="Cylinder_015-mesh-vertices">
          <input semantic="POSITION" source="#Cylinder_015-mesh-positions"/>
        </vertices>
        <triangles material="Material_016-material" count="278">
          <input semantic="VERTEX" source="#Cylinder_015-mesh-vertices" offset="0"/>
          <input semantic="NORMAL" source="#Cylinder_015-mesh-normals" offset="1"/>
          <input semantic="TEXCOORD" source="#Cylinder_015-mesh-map-0" offset="2" set="0"/>
          <p>64 0 0 127 0 1 126 0 2 63 1 3 128 1 4 127 1 5 65 2 6 129 2 7 128 2 8 66 3 9 130 3 10 129 3 11 67 4 12 131 4 13 130 4 14 68 5 15 132 5 16 131 5 17 69 6 18 133 6 19 132 6 20 70 7 21 134 7 22 133 7 23 71 8 24 135 8 25 134 8 26 72 9 27 136 9 28 135 9 29 73 10 30 137 10 31 136 10 32 74 11 33 138 11 34 137 11 35 75 12 36 139 12 37 138 12 38 76 13 39 140 13 40 139 13 41 77 14 42 141 14 43 140 14 44 78 15 45 142 15 46 141 15 47 79 16 48 143 16 49 142 16 50 80 17 51 144 17 52 143 17 53 81 18 54 145 18 55 144 18 56 82 19 57 146 19 58 145 19 59 83 20 60 147 20 61 146 20 62 84 21 63 148 21 64 147 21 65 85 22 66 149 22 67 148 22 68 86 23 69 150 23 70 149 23 71 87 24 72 151 24 73 150 24 74 88 25 75 152 25 76 151 25 77 154 26 78 56 26 79 90 26 80 89 27 81 120 27 82 152 27 83 90 28 84 155 28 85 154 28 86 91 29 87 156 29 88 155 29 89 51 30 90 120 30 91 53 30 92 92 31 93 157 31 94 156 31 95 93 32 96 126 32 97 157 32 98 14 33 99 30 33 100 46 33 101 3 34 102 64 34 103 1 34 104 3 34 105 65 34 106 63 34 107 7 34 108 65 34 109 5 34 110 7 34 111 67 34 112 66 34 113 11 35 114 67 35 115 9 35 116 13 36 117 68 36 118 11 36 119 13 34 120 70 34 121 69 34 122 17 37 123 70 37 124 15 37 125 17 38 126 72 38 127 71 38 128 21 34 129 72 34 130 19 34 131 23 34 132 73 34 133 21 34 134 23 34 135 75 34 136 74 34 137 27 34 138 75 34 139 25 34 140 27 39 141 77 39 142 76 39 143 31 34 144 77 34 145 29 34 146 33 34 147 78 34 148 31 34 149 33 40 150 80 40 151 79 40 152 37 34 153 80 34 154 35 34 155 39 41 156 81 41 157 37 41 158 39 42 159 83 42 160 82 42 161 41 43 162 84 43 163 83 43 164 45 34 165 84 34 166 43 34 167 45 34 168 86 34 169 85 34 170 47 44 171 87 44 172 86 44 173 51 45 174 87 45 175 49 45 176 51 34 177 89 34 178 88 34 179 58 34 180 90 34 181 56 34 182 58 46 183 92 46 184 91 46 185 62 47 186 92 47 187 60 47 188 62 48 189 64 48 190 93 48 191 25 49 195 107 49 196 27 49 197 27 50 201 108 50 202 29 50 203 1 51 204 94 51 205 3 51 206 29 52 210 109 52 211 31 52 212 3 53 213 96 53 214 5 53 215 56 54 216 123 54 217 58 54 218 31 55 219 110 55 220 33 55 221 5 56 222 97 56 223 7 56 224 58 57 225 124 57 226 60 57 227 33 58 228 111 58 229 35 58 230 7 59 231 98 59 232 9 59 233 60 60 234 125 60 235 62 60 236 35 61 237 112 61 238 37 61 239 9 62 240 99 62 241 11 62 242 62 63 243 95 63 244 1 63 245 37 64 246 113 64 247 39 64 248 11 65 249 100 65 250 13 65 251 39 66 252 114 66 253 41 66 254 13 67 255 101 67 256 15 67 257 41 68 258 115 68 259 43 68 260 15 69 261 102 69 262 17 69 263 43 70 264 116 70 265 45 70 266 17 71 267 103 71 268 19 71 269 45 72 270 117 72 271 47 72 272 19 73 273 104 73 274 21 73 275 47 74 276 118 74 277 49 74 278 21 75 279 105 75 280 23 75 281 49 76 282 119 76 283 51 76 284 23 77 285 106 77 286 25 77 287 157 78 288 0 78 289 61 78 290 156 79 291 61 79 292 59 79 293 155 80 294 59 80 295 57 80 296 154 81 297 57 81 298 55 81 299 153 82 300 55 82 301 54 82 302 152 83 303 54 83 304 52 83 305 151 84 306 52 84 307 50 84 308 150 85 309 50 85 310 48 85 311 149 86 312 48 86 313 46 86 314 148 87 315 46 87 316 44 87 317 147 88 318 44 88 319 42 88 320 146 89 321 42 89 322 40 89 323 145 90 324 40 90 325 38 90 326 144 91 327 38 91 328 36 91 329 143 92 330 36 92 331 34 92 332 142 93 333 34 93 334 32 93 335 141 94 336 32 94 337 30 94 338 140 95 339 30 95 340 28 95 341 139 96 342 28 96 343 26 96 344 138 97 345 26 97 346 24 97 347 137 98 348 24 98 349 22 98 350 136 99 351 22 99 352 20 99 353 135 100 354 20 100 355 18 100 356 134 101 357 18 101 358 16 101 359 133 102 360 16 102 361 14 102 362 132 103 363 14 103 364 12 103 365 131 104 366 12 104 367 10 104 368 130 105 369 10 105 370 8 105 371 129 106 372 8 106 373 6 106 374 128 107 375 6 107 376 4 107 377 127 108 378 4 108 379 2 108 380 126 109 381 2 109 382 0 109 383 64 110 384 63 110 385 127 110 386 63 111 387 65 111 388 128 111 389 65 2 390 66 2 391 129 2 392 66 112 393 67 112 394 130 112 395 67 113 396 68 113 397 131 113 398 68 114 399 69 114 400 132 114 401 69 115 402 70 115 403 133 115 404 70 116 405 71 116 406 134 116 407 71 117 408 72 117 409 135 117 410 72 118 411 73 118 412 136 118 413 73 119 414 74 119 415 137 119 416 74 120 417 75 120 418 138 120 419 75 121 420 76 121 421 139 121 422 76 122 423 77 122 424 140 122 425 77 123 426 78 123 427 141 123 428 78 124 429 79 124 430 142 124 431 79 125 432 80 125 433 143 125 434 80 126 435 81 126 436 144 126 437 81 127 438 82 127 439 145 127 440 82 128 441 83 128 442 146 128 443 83 129 444 84 129 445 147 129 446 84 130 447 85 130 448 148 130 449 85 131 450 86 131 451 149 131 452 86 132 453 87 132 454 150 132 455 87 133 456 88 133 457 151 133 458 88 134 459 89 134 460 152 134 461 154 135 462 122 135 463 56 135 464 89 136 465 53 136 466 120 136 467 90 137 468 91 137 469 155 137 470 91 29 471 92 29 472 156 29 473 51 138 474 119 138 475 120 138 476 92 139 477 93 139 478 157 139 479 93 140 480 64 140 481 126 140 482 61 141 483 0 141 484 6 141 485 0 142 486 2 142 487 6 142 488 2 33 489 4 33 490 6 33 491 6 143 492 8 143 493 10 143 494 10 144 495 12 144 496 14 144 497 14 145 498 16 145 499 18 145 500 18 33 501 20 33 502 22 33 503 22 33 504 24 33 505 30 33 506 24 33 507 26 33 508 30 33 509 26 146 510 28 146 511 30 146 512 30 33 513 32 33 514 34 33 515 34 33 516 36 33 517 38 33 518 38 33 519 40 33 520 42 33 521 42 33 522 44 33 523 46 33 524 46 147 525 48 147 526 54 147 527 48 33 528 50 33 529 54 33 530 50 148 531 52 148 532 54 148 533 54 149 534 55 149 535 57 149 536 57 33 537 59 33 538 54 33 539 59 33 540 61 33 541 54 33 542 6 33 543 10 33 544 61 33 545 10 150 546 14 150 547 61 150 548 14 33 549 18 33 550 30 33 551 18 33 552 22 33 553 30 33 554 30 33 555 34 33 556 38 33 557 38 33 558 42 33 559 30 33 560 42 33 561 46 33 562 30 33 563 46 151 564 54 151 565 61 151 566 61 152 567 14 152 568 46 152 569 3 153 570 63 153 571 64 153 572 3 154 573 5 154 574 65 154 575 7 155 576 66 155 577 65 155 578 7 34 579 9 34 580 67 34 581 11 156 582 68 156 583 67 156 584 13 34 585 69 34 586 68 34 587 13 157 588 15 157 589 70 157 590 17 34 591 71 34 592 70 34 593 17 157 594 19 157 595 72 157 596 21 34 597 73 34 598 72 34 599 23 158 600 74 158 601 73 158 602 23 34 603 25 34 604 75 34 605 27 46 606 76 46 607 75 46 608 27 159 609 29 159 610 77 159 611 31 160 612 78 160 613 77 160 614 33 161 615 79 161 616 78 161 617 33 34 618 35 34 619 80 34 620 37 162 621 81 162 622 80 162 623 39 163 624 82 163 625 81 163 626 39 34 627 41 34 628 83 34 629 41 34 630 43 34 631 84 34 632 45 34 633 85 34 634 84 34 635 45 164 636 47 164 637 86 164 638 47 165 639 49 165 640 87 165 641 51 34 642 88 34 643 87 34 644 51 34 645 53 34 646 89 34 647 58 163 648 91 163 649 90 163 650 58 34 651 60 34 652 92 34 653 62 34 654 93 34 655 92 34 656 62 166 657 1 166 658 64 166 659 25 180 747 106 180 748 107 180 749 27 181 753 107 181 754 108 181 755 1 182 756 95 182 757 94 182 758 29 183 762 108 183 763 109 183 764 3 184 765 94 184 766 96 184 767 56 185 768 122 185 769 123 185 770 31 186 771 109 186 772 110 186 773 5 187 774 96 187 775 97 187 776 58 188 777 123 188 778 124 188 779 33 189 780 110 189 781 111 189 782 7 190 783 97 190 784 98 190 785 60 191 786 124 191 787 125 191 788 35 192 789 111 192 790 112 192 791 9 193 792 98 193 793 99 193 794 62 194 795 125 194 796 95 194 797 37 195 798 112 195 799 113 195 800 11 196 801 99 196 802 100 196 803 39 197 804 113 197 805 114 197 806 13 198 807 100 198 808 101 198 809 41 199 810 114 199 811 115 199 812 15 200 813 101 200 814 102 200 815 43 70 816 115 70 817 116 70 818 17 201 819 102 201 820 103 201 821 45 202 822 116 202 823 117 202 824 19 25 825 103 25 826 104 25 827 47 203 828 117 203 829 118 203 830 21 204 831 104 204 832 105 204 833 49 205 834 118 205 835 119 205 836 23 206 837 105 206 838 106 206 839 157 78 840 126 78 841 0 78 842 156 139 843 157 139 844 61 139 845 155 207 846 156 207 847 59 207 848 154 208 849 155 208 850 57 208 851 153 209 852 154 209 853 55 209 854 152 210 855 153 210 856 54 210 857 151 211 858 152 211 859 52 211 860 150 212 861 151 212 862 50 212 863 149 213 864 150 213 865 48 213 866 148 214 867 149 214 868 46 214 869 147 215 870 148 215 871 44 215 872 146 216 873 147 216 874 42 216 875 145 217 876 146 217 877 40 217 878 144 218 879 145 218 880 38 218 881 143 126 882 144 126 883 36 126 884 142 219 885 143 219 886 34 219 887 141 220 888 142 220 889 32 220 890 140 221 891 141 221 892 30 221 893 139 222 894 140 222 895 28 222 896 138 223 897 139 223 898 26 223 899 137 224 900 138 224 901 24 224 902 136 225 903 137 225 904 22 225 905 135 100 906 136 100 907 20 100 908 134 226 909 135 226 910 18 226 911 133 227 912 134 227 913 16 227 914 132 228 915 133 228 916 14 228 917 131 104 918 132 104 919 12 104 920 130 199 921 131 199 922 10 199 923 129 229 924 130 229 925 8 229 926 128 230 927 129 230 928 6 230 929 127 231 930 128 231 931 4 231 932 126 232 933 127 232 934 2 232 935</p>
        </triangles>
        <triangles material="Material_017-material" count="34">
          <input semantic="VERTEX" source="#Cylinder_015-mesh-vertices" offset="0"/>
          <input semantic="NORMAL" source="#Cylinder_015-mesh-normals" offset="1"/>
          <input semantic="TEXCOORD" source="#Cylinder_015-mesh-map-0" offset="2" set="0"/>
          <p>96 34 192 120 34 193 112 34 194 152 34 198 121 34 199 153 34 200 122 34 207 153 34 208 121 34 209 96 167 660 94 167 661 95 167 662 95 34 663 125 34 664 124 34 665 124 34 666 123 34 667 122 34 668 122 168 669 121 168 670 120 168 671 120 169 672 119 169 673 118 169 674 118 34 675 117 34 676 116 34 677 116 170 678 115 170 679 112 170 680 115 171 681 114 171 682 112 171 683 114 172 684 113 172 685 112 172 686 112 34 687 111 34 688 108 34 689 111 34 690 110 34 691 108 34 692 110 34 693 109 34 694 108 34 695 108 173 696 107 173 697 106 173 698 106 34 699 105 34 700 104 34 701 104 34 702 103 34 703 102 34 704 102 34 705 101 34 706 104 34 707 101 34 708 100 34 709 104 34 710 100 174 711 99 174 712 96 174 713 99 175 714 98 175 715 96 175 716 98 176 717 97 176 718 96 176 719 96 34 720 95 34 721 120 34 722 95 34 723 124 34 724 120 34 725 124 177 726 122 177 727 120 177 728 120 178 729 118 178 730 112 178 731 118 34 732 116 34 733 112 34 734 108 34 735 106 34 736 104 34 737 112 34 738 108 34 739 104 34 740 104 34 741 100 34 742 112 34 743 100 179 744 96 179 745 112 179 746 152 34 750 120 34 751 121 34 752 122 34 759 154 34 760 153 34 761</p>
        </triangles>
      </mesh>
    </geometry>
    <geometry id="Cylinder_014-mesh" name="Cylinder.014">
      <mesh>
        <source id="Cylinder_014-mesh-positions">
          <float_array id="Cylinder_014-mesh-positions-array" count="312">-3.66059e-6 2.919203 0.1971712 -3.66059e-6 2.919203 2.233309 0.5695046 2.863111 0.1971712 0.5695046 2.863111 2.233309 1.117127 2.696992 0.1971712 1.117127 2.696992 2.233309 1.621819 2.427229 0.1971712 1.621819 2.427229 2.233309 2.064185 2.064188 0.1971712 2.064185 2.064188 2.233309 2.427225 1.621822 0.1971712 2.427225 1.621822 2.233309 2.696988 1.117131 0.1971712 2.696988 1.117131 2.233309 2.863108 0.5695084 0.1971712 2.863108 0.5695084 2.233309 2.919199 -1.27602e-7 0.1971712 2.919199 -1.27602e-7 2.233309 2.863108 -0.5695083 0.1971712 2.863108 -0.5695083 2.233309 2.696988 -1.11713 0.1971712 2.696988 -1.11713 2.233309 2.427225 -1.621822 0.1971712 2.427225 -1.621822 2.233309 2.064185 -2.064188 0.1971712 2.064185 -2.064188 2.233309 1.621819 -2.427229 0.1971712 1.621819 -2.427229 2.233309 1.117127 -2.696992 0.1971712 1.117127 -2.696992 2.233309 0.5695046 -2.863111 0.1971712 0.5695046 -2.863111 2.233309 -3.91579e-6 -2.919203 0.1971712 -3.91579e-6 -2.919203 2.233309 -0.5695117 -2.863111 0.1971712 -0.5695117 -2.863111 2.233309 -1.117134 -2.696992 0.1971712 -1.117134 -2.696992 2.233309 -1.621826 -2.427228 0.1971712 -1.621826 -2.427228 2.233309 -2.064192 -2.064188 0.1971712 -2.064192 -2.064188 2.233309 -2.427232 -1.621823 0.1971712 -2.427232 -1.621823 2.233309 -2.696995 -1.117131 0.1971712 -2.696995 -1.117131 2.233309 -2.863115 -0.5695084 0.1971712 -2.863115 -0.5695084 2.233309 -2.919207 0 0.1971712 -2.919207 0 2.233309 -2.863115 0.5695086 0.1971712 -2.863115 0.5695086 2.233309 -2.696995 1.117131 0.1971712 -2.696995 1.117131 2.233309 -2.427232 1.621822 0.1971712 -2.427232 1.621822 2.233309 -2.064192 2.064188 0.1971712 -2.064192 2.064188 2.233309 -1.621826 2.427229 0.1971712 -1.621826 2.427229 2.233309 -1.117134 2.696992 0.1971712 -1.117134 2.696992 2.233309 -0.5695117 2.863111 0.1971712 -0.5695117 2.863111 2.233309 0.24659 -4.317137 0.1971712 -1.02605 -4.952837 0.1971712 -2.322169 -4.514537 0.1971712 -1.117134 -2.696992 1.21524 -2.724793 -3.144711 0.1971712 -0.5695117 -2.863111 1.21524 -3.66059e-6 2.919203 1.21524 0.5695046 2.863111 1.21524 1.117127 2.696992 1.21524 1.621819 2.427229 1.21524 2.064185 2.064188 1.21524 2.427225 1.621822 1.21524 2.696988 1.117131 1.21524 2.863108 0.5695084 1.21524 2.919199 -1.27602e-7 1.21524 2.863108 -0.5695083 1.21524 2.696988 -1.11713 1.21524 2.427225 -1.621822 1.21524 2.064185 -2.064188 1.21524 1.621819 -2.427229 1.21524 1.117127 -2.696992 1.21524 0.5695046 -2.863111 1.21524 -3.91579e-6 -2.919203 1.21524 -1.621826 -2.427228 1.21524 -2.064192 -2.064188 1.21524 -2.427232 -1.621823 1.21524 -2.696995 -1.117131 1.21524 -2.863115 -0.5695084 1.21524 -2.919207 0 1.21524 -2.863115 0.5695086 1.21524 -2.696995 1.117131 1.21524 -2.427232 1.621822 1.21524 -2.064192 2.064188 1.21524 -1.621826 2.427229 1.21524 -1.117134 2.696992 1.21524 -0.5695117 2.863111 1.21524 0.24659 -4.317137 1.21524 -1.02605 -4.952837 1.21524 -2.322169 -4.514537 1.21524 -2.724793 -3.144711 1.21524</float_array>
          <technique_common>
            <accessor source="#Cylinder_014-mesh-positions-array" count="104" stride="3">
              <param name="X" type="float"/>
              <param name="Y" type="float"/>
              <param name="Z" type="float"/>
            </accessor>
          </technique_common>
        </source>
        <source id="Cylinder_014-mesh-normals">
          <float_array id="Cylinder_014-mesh-normals-array" count="450">0.09801733 0.9951848 0 0.2902845 0.9569405 0 0.4713967 0.8819214 0 0.6343934 0.7730104 0 0.7730106 0.6343933 0 0.8819209 0.4713975 0 0.9569405 0.2902844 0 0.9951847 0.09801775 0 0.9951848 -0.09801697 0 0.9569403 -0.2902852 0 0.8819212 -0.471397 0 0.7730106 -0.634393 0 0.6343934 -0.7730104 0 0.4713967 -0.8819214 0 0.2902848 -0.9569404 0 0.09801691 -0.9951848 0 0 0 -1 -0.5452844 0.8382512 0 -0.6343931 -0.7730106 0 -0.7730108 -0.634393 0 -0.8819209 -0.4713975 0 -0.9569405 -0.2902842 0 -0.9951848 -0.09801691 0 -0.9951847 0.09801775 0 -0.9569403 0.2902851 0 -0.8819212 0.4713969 0 -0.7730103 0.6343935 0 -0.6343935 0.7730103 0 -0.4713963 0.8819215 0 0 0 1 -0.2902848 0.9569404 0 -0.09801697 0.9951848 0 0 0 -1 0 0 -1 0 0 -1 -0.09801697 -0.9951848 0 0.9847957 0.1737169 0 -0.9594159 -0.2819951 0 -0.320343 -0.9473018 0 0.4468649 -0.8946015 0 -0.4713964 0.8819215 0 -0.7730104 0.6343935 0 -0.8819212 0.4713969 0 -0.9569403 0.290285 0 -0.9951847 0.09801769 0 -0.9951848 -0.09801691 0 -0.9569405 -0.2902842 0 -0.7730108 -0.6343929 0 -0.2902848 -0.9569403 0 0.4713968 -0.8819214 0 0.6343935 -0.7730104 0 0.7730108 -0.634393 0 0.8819212 -0.4713969 0 0.9569403 -0.2902852 0 0.9951848 -0.09801697 0 0.9951847 0.09801769 0 0.9569404 0.2902844 0 0.7730107 0.6343932 0 0.6343935 0.7730104 0 0.4713968 0.8819214 0 -0.4713969 -0.8819212 0 0 0 1 -3.04765e-7 0 1 0 0 1 0.09801733 0.9951847 0 0.2902845 0.9569405 0 0.4713966 0.8819213 0 0.6343935 0.7730104 0 0.7730106 0.634393 0 0.8819215 0.4713962 0 0.9569403 0.2902852 0 0.9951848 0.09801691 0 0.9951847 -0.09801775 0 0.9569407 -0.2902837 0 0.7730105 -0.6343933 0 0.6343933 -0.7730104 0 0.471397 -0.8819212 0 0.2902849 -0.9569403 0 0.09801685 -0.9951848 0 0 0 -1 -0.5452842 0.8382514 0 -0.6343932 -0.7730105 0 -0.7730106 -0.6343933 0 -0.8819212 -0.4713969 0 -0.9569403 -0.2902849 0 -0.9951847 -0.09801775 0 -0.9951848 0.09801691 0 -0.9569403 0.2902849 0 -0.8819216 0.4713963 0 -0.7730112 0.6343923 0 -0.6343936 0.7730103 0 -0.4713966 0.8819213 0 0 0 1 -9.32926e-7 0 1 1.86585e-6 0 1 -1.28474e-6 0 1 -7.46348e-6 0 1 1.86587e-6 0 1 -4.66465e-7 0 1 9.32933e-7 0 1 -3.73174e-6 0 1 -1.28474e-6 0 1 -2.52011e-6 0 1 -1.86587e-6 0 1 1.35088e-7 0 1 0 0 1 -0.2902848 0.9569404 0 -0.09801691 0.9951847 0 0 0 -1 0 0 -1 -4.66469e-7 0 -1 2.33234e-7 0 -1 0 0 -1 0 0 -1 0 0 -1 2.33234e-7 0 -1 2.33235e-7 0 -1 0 0 -1 0 0 -1 0 0 -1 0 0 -1 0 0 -1 0 0 -1 -0.09801703 -0.9951848 0 0.9847956 0.1737169 0 -0.3203428 -0.9473018 0 0.446865 -0.8946015 0 -0.09801697 0.9951848 0 -0.4713966 0.8819214 0 -0.7730112 0.6343924 0 -0.8819216 0.4713963 0 -0.9569402 0.290285 0 -0.9951848 0.09801691 0 -0.9951847 -0.09801769 0 -0.7730104 -0.6343934 0 -0.6343932 -0.7730106 0 -0.2902848 -0.9569404 0 0.09801685 -0.9951848 0 0.4713969 -0.8819212 0 0.6343933 -0.7730106 0 0.7730104 -0.6343935 0 0.8819212 -0.4713969 0 0.9951847 -0.09801775 0 0.9951848 0.09801691 0 0.4713966 0.8819214 0 0.2902845 0.9569405 0 -0.4713968 -0.8819213 0 0 0 1 -2.01261e-7 0 1 3.61433e-7 -1.99324e-7 1</float_array>
          <technique_common>
            <accessor source="#Cylinder_014-mesh-normals-array" count="150" stride="3">
              <param name="X" type="float"/>
              <param name="Y" type="float"/>
              <param name="Z" type="float"/>
            </accessor>
          </technique_common>
        </source>
        <source id="Cylinder_014-mesh-map-0">
          <float_array id="Cylinder_014-mesh-map-0-array" count="1224">1 1 0.96875 0.75 1 0.75 0.96875 1 0.9375 0.75 0.96875 0.75 0.9375 1 0.90625 0.75 0.9375 0.75 0.90625 1 0.875 0.75 0.90625 0.75 0.875 1 0.84375 0.75 0.875 0.75 0.84375 1 0.8125 0.75 0.84375 0.75 0.8125 1 0.78125 0.75 0.8125 0.75 0.78125 1 0.75 0.75 0.78125 0.75 0.75 1 0.71875 0.75 0.75 0.75 0.71875 1 0.6875 0.75 0.71875 0.75 0.6875 1 0.65625 0.75 0.6875 0.75 0.65625 1 0.625 0.75 0.65625 0.75 0.625 1 0.59375 0.75 0.625 0.75 0.59375 1 0.5625 0.75 0.59375 0.75 0.5625 1 0.53125 0.75 0.5625 0.75 0.53125 1 0.5 0.75 0.53125 0.75 0.658156 0.02826887 0.6166631 0.05044728 0.6166631 0.05044728 0.40625 0.5 0.40625 0.75 0.40625 0.75 0.40625 1 0.375 0.75 0.40625 0.75 0.375 1 0.34375 0.75 0.375 0.75 0.34375 1 0.3125 0.75 0.34375 0.75 0.3125 1 0.28125 0.75 0.3125 0.75 0.28125 1 0.25 0.75 0.28125 0.75 0.25 1 0.21875 0.75 0.25 0.75 0.21875 1 0.1875 0.75 0.21875 0.75 0.1875 1 0.15625 0.75 0.1875 0.75 0.15625 1 0.125 0.75 0.15625 0.75 0.125 1 0.09375 0.75 0.125 0.75 0.09375 1 0.0625 0.75 0.09375 0.75 0.02826893 0.341844 0.1581559 0.02826887 0.4717311 0.1581559 0.0625 1 0.03125 0.75 0.0625 0.75 0.03125 1 0 0.75 0.03125 0.75 0.9853885 0.2968217 0.7968217 0.01461148 0.5146116 0.2031783 0.7031784 0.01461148 0.75 0.00999999 0.7031784 0.01461148 0.658156 0.02826887 0.7031784 0.01461148 0.658156 0.02826887 0.2031783 0.01461148 0.5 0.75 0.5 1 0.5 0.75 0.5 0.5 0.5 0.5 0.4375 0.75 0.40625 0.5 0.4375 0.5 0.46875 0.75 0.4375 0.5 0.46875 0.5 0.5 0.75 0.46875 0.5 0.5 0.5 0.03125 0.75 0 0.5 0.03125 0.5 0.0625 0.75 0.03125 0.5 0.0625 0.5 0.09375 0.75 0.0625 0.5 0.09375 0.5 0.125 0.75 0.09375 0.5 0.125 0.5 0.15625 0.75 0.125 0.5 0.15625 0.5 0.1875 0.75 0.15625 0.5 0.1875 0.5 0.21875 0.75 0.1875 0.5 0.21875 0.5 0.25 0.75 0.21875 0.5 0.25 0.5 0.28125 0.75 0.25 0.5 0.28125 0.5 0.3125 0.75 0.28125 0.5 0.3125 0.5 0.34375 0.75 0.3125 0.5 0.34375 0.5 0.375 0.75 0.34375 0.5 0.375 0.5 0.40625 0.75 0.375 0.5 0.40625 0.5 0.1581559 0.02826887 0.2031783 0.01461148 0.2031783 0.01461148 0.53125 0.75 0.5 0.5 0.53125 0.5 0.5625 0.75 0.53125 0.5 0.5625 0.5 0.59375 0.75 0.5625 0.5 0.59375 0.5 0.625 0.75 0.59375 0.5 0.625 0.5 0.65625 0.75 0.625 0.5 0.65625 0.5 0.6875 0.75 0.65625 0.5 0.6875 0.5 0.71875 0.75 0.6875 0.5 0.71875 0.5 0.75 0.75 0.71875 0.5 0.75 0.5 0.78125 0.75 0.75 0.5 0.78125 0.5 0.8125 0.75 0.78125 0.5 0.8125 0.5 0.84375 0.75 0.8125 0.5 0.84375 0.5 0.875 0.75 0.84375 0.5 0.875 0.5 0.90625 0.75 0.875 0.5 0.90625 0.5 0.9375 0.75 0.90625 0.5 0.9375 0.5 0.96875 0.75 0.9375 0.5 0.96875 0.5 1 0.75 0.96875 0.5 1 0.5 0.1581559 0.02826887 0.40625 0.75 0.1581559 0.02826887 0.1581559 0.02826887 0.46875 0.75 0.2031783 0.01461148 0.2031783 0.01461148 0.5 0.75 0.5 0.75 0.1581559 0.02826887 0.40625 0.75 0.4375 0.75 1 1 0.96875 1 0.96875 0.75 0.96875 1 0.9375 1 0.9375 0.75 0.9375 1 0.90625 1 0.90625 0.75 0.90625 1 0.875 1 0.875 0.75 0.875 1 0.84375 1 0.84375 0.75 0.84375 1 0.8125 1 0.8125 0.75 0.8125 1 0.78125 1 0.78125 0.75 0.78125 1 0.75 1 0.75 0.75 0.75 1 0.71875 1 0.71875 0.75 0.71875 1 0.6875 1 0.6875 0.75 0.6875 1 0.65625 1 0.65625 0.75 0.65625 1 0.625 1 0.625 0.75 0.625 1 0.59375 1 0.59375 0.75 0.59375 1 0.5625 1 0.5625 0.75 0.5625 1 0.53125 1 0.53125 0.75 0.53125 1 0.5 1 0.5 0.75 0.658156 0.02826887 0.658156 0.02826887 0.6166631 0.05044728 0.40625 0.5 0.40625 0.5 0.40625 0.75 0.40625 1 0.375 1 0.375 0.75 0.375 1 0.34375 1 0.34375 0.75 0.34375 1 0.3125 1 0.3125 0.75 0.3125 1 0.28125 1 0.28125 0.75 0.28125 1 0.25 1 0.25 0.75 0.25 1 0.21875 1 0.21875 0.75 0.21875 1 0.1875 1 0.1875 0.75 0.1875 1 0.15625 1 0.15625 0.75 0.15625 1 0.125 1 0.125 0.75 0.125 1 0.09375 1 0.09375 0.75 0.09375 1 0.0625 1 0.0625 0.75 0.341844 0.4717311 0.2968217 0.4853885 0.1581559 0.4717311 0.2968217 0.4853885 0.25 0.49 0.1581559 0.4717311 0.25 0.49 0.2031783 0.4853885 0.1581559 0.4717311 0.1581559 0.4717311 0.1166631 0.4495527 0.08029431 0.4197056 0.08029431 0.4197056 0.05044722 0.3833368 0.1581559 0.4717311 0.05044722 0.3833368 0.02826893 0.341844 0.1581559 0.4717311 0.02826893 0.341844 0.01461154 0.2968217 0.00999999 0.25 0.00999999 0.25 0.01461154 0.2031783 0.02826887 0.1581559 0.02826887 0.1581559 0.05044728 0.116663 0.1581559 0.02826887 0.05044728 0.116663 0.08029437 0.08029437 0.1581559 0.02826887 0.08029437 0.08029437 0.1166631 0.05044728 0.1581559 0.02826887 0.1581559 0.02826887 0.2031783 0.01461148 0.25 0.00999999 0.25 0.00999999 0.2968217 0.01461148 0.341844 0.02826887 0.341844 0.02826887 0.3833369 0.05044728 0.4197056 0.08029437 0.4197056 0.08029437 0.4495527 0.1166631 0.4717311 0.1581559 0.4717311 0.1581559 0.4853885 0.2031783 0.4717311 0.341844 0.4853885 0.2031783 0.49 0.25 0.4717311 0.341844 0.49 0.25 0.4853885 0.2968217 0.4717311 0.341844 0.4717311 0.341844 0.4495527 0.3833369 0.4197056 0.4197056 0.4197056 0.4197056 0.3833369 0.4495527 0.341844 0.4717311 0.02826893 0.341844 0.00999999 0.25 0.1581559 0.02826887 0.00999999 0.25 0.02826887 0.1581559 0.1581559 0.02826887 0.1581559 0.02826887 0.25 0.00999999 0.341844 0.02826887 0.341844 0.02826887 0.4197056 0.08029437 0.1581559 0.02826887 0.4197056 0.08029437 0.4717311 0.1581559 0.1581559 0.02826887 0.4717311 0.341844 0.4197056 0.4197056 0.341844 0.4717311 0.341844 0.4717311 0.1581559 0.4717311 0.02826893 0.341844 0.4717311 0.1581559 0.4717311 0.341844 0.341844 0.4717311 0.341844 0.4717311 0.02826893 0.341844 0.4717311 0.1581559 0.0625 1 0.03125 1 0.03125 0.75 0.03125 1 0 1 0 0.75 0.7031784 0.4853885 0.75 0.49 0.7968217 0.4853885 0.7968217 0.4853885 0.841844 0.4717311 0.8833369 0.4495527 0.8833369 0.4495527 0.9197056 0.4197056 0.9495527 0.3833369 0.9495527 0.3833369 0.9717311 0.341844 0.9853885 0.2968217 0.9853885 0.2968217 0.99 0.25 0.9853885 0.2031783 0.9853885 0.2031783 0.9717311 0.1581559 0.9495527 0.1166631 0.9495527 0.1166631 0.9197056 0.08029437 0.8833369 0.05044728 0.8833369 0.05044728 0.841844 0.02826887 0.7968217 0.01461148 0.7968217 0.01461148 0.75 0.00999999 0.6166631 0.05044728 0.75 0.00999999 0.7031784 0.01461148 0.6166631 0.05044728 0.7031784 0.01461148 0.658156 0.02826887 0.6166631 0.05044728 0.6166631 0.05044728 0.5802944 0.08029437 0.5504474 0.116663 0.5504474 0.116663 0.5282689 0.1581559 0.5146116 0.2031783 0.5146116 0.2031783 0.51 0.25 0.5146116 0.2968217 0.5146116 0.2968217 0.5282689 0.341844 0.5504473 0.3833368 0.5504473 0.3833368 0.5802944 0.4197056 0.6166631 0.4495527 0.6166631 0.4495527 0.658156 0.4717311 0.5504473 0.3833368 0.658156 0.4717311 0.7031784 0.4853885 0.5504473 0.3833368 0.7031784 0.4853885 0.7968217 0.4853885 0.9853885 0.2968217 0.7968217 0.4853885 0.8833369 0.4495527 0.9853885 0.2968217 0.8833369 0.4495527 0.9495527 0.3833369 0.9853885 0.2968217 0.9853885 0.2968217 0.9853885 0.2031783 0.9495527 0.1166631 0.9495527 0.1166631 0.8833369 0.05044728 0.9853885 0.2968217 0.8833369 0.05044728 0.7968217 0.01461148 0.9853885 0.2968217 0.6166631 0.05044728 0.5504474 0.116663 0.5146116 0.2031783 0.5146116 0.2031783 0.5146116 0.2968217 0.5504473 0.3833368 0.7968217 0.01461148 0.6166631 0.05044728 0.5146116 0.2031783 0.5146116 0.2031783 0.5504473 0.3833368 0.7031784 0.4853885 0.7031784 0.4853885 0.9853885 0.2968217 0.5146116 0.2031783 0.7031784 0.01461148 0.75 0.00999999 0.75 0.00999999 0.658156 0.02826887 0.7031784 0.01461148 0.7031784 0.01461148 0.2031783 0.01461148 0.2031783 0.01461148 0.5 0.75 0.5 0.75 0.5 0.75 0.5 0.5 0.4375 0.75 0.40625 0.75 0.40625 0.5 0.46875 0.75 0.4375 0.75 0.4375 0.5 0.5 0.75 0.46875 0.75 0.46875 0.5 0.03125 0.75 0 0.75 0 0.5 0.0625 0.75 0.03125 0.75 0.03125 0.5 0.09375 0.75 0.0625 0.75 0.0625 0.5 0.125 0.75 0.09375 0.75 0.09375 0.5 0.15625 0.75 0.125 0.75 0.125 0.5 0.1875 0.75 0.15625 0.75 0.15625 0.5 0.21875 0.75 0.1875 0.75 0.1875 0.5 0.25 0.75 0.21875 0.75 0.21875 0.5 0.28125 0.75 0.25 0.75 0.25 0.5 0.3125 0.75 0.28125 0.75 0.28125 0.5 0.34375 0.75 0.3125 0.75 0.3125 0.5 0.375 0.75 0.34375 0.75 0.34375 0.5 0.40625 0.75 0.375 0.75 0.375 0.5 0.1581559 0.02826887 0.1581559 0.02826887 0.2031783 0.01461148 0.53125 0.75 0.5 0.75 0.5 0.5 0.5625 0.75 0.53125 0.75 0.53125 0.5 0.59375 0.75 0.5625 0.75 0.5625 0.5 0.625 0.75 0.59375 0.75 0.59375 0.5 0.65625 0.75 0.625 0.75 0.625 0.5 0.6875 0.75 0.65625 0.75 0.65625 0.5 0.71875 0.75 0.6875 0.75 0.6875 0.5 0.75 0.75 0.71875 0.75 0.71875 0.5 0.78125 0.75 0.75 0.75 0.75 0.5 0.8125 0.75 0.78125 0.75 0.78125 0.5 0.84375 0.75 0.8125 0.75 0.8125 0.5 0.875 0.75 0.84375 0.75 0.84375 0.5 0.90625 0.75 0.875 0.75 0.875 0.5 0.9375 0.75 0.90625 0.75 0.90625 0.5 0.96875 0.75 0.9375 0.75 0.9375 0.5 1 0.75 0.96875 0.75 0.96875 0.5 0.1581559 0.02826887 0.40625 1 0.40625 0.75 0.1581559 0.02826887 0.4375 0.75 0.46875 0.75 0.2031783 0.01461148 0.46875 0.75 0.5 0.75 0.1581559 0.02826887 0.40625 0.75 0.40625 0.75</float_array>
          <technique_common>
            <accessor source="#Cylinder_014-mesh-map-0-array" count="612" stride="2">
              <param name="S" type="float"/>
              <param name="T" type="float"/>
            </accessor>
          </technique_common>
        </source>
        <vertices id="Cylinder_014-mesh-vertices">
          <input semantic="POSITION" source="#Cylinder_014-mesh-positions"/>
        </vertices>
        <triangles material="Material_016-material" count="174">
          <input semantic="VERTEX" source="#Cylinder_014-mesh-vertices" offset="0"/>
          <input semantic="NORMAL" source="#Cylinder_014-mesh-normals" offset="1"/>
          <input semantic="TEXCOORD" source="#Cylinder_014-mesh-map-0" offset="2" set="0"/>
          <p>1 0 0 71 0 1 70 0 2 3 1 3 72 1 4 71 1 5 5 2 6 73 2 7 72 2 8 7 3 9 74 3 10 73 3 11 9 4 12 75 4 13 74 4 14 11 5 15 76 5 16 75 5 17 13 6 18 77 6 19 76 6 20 15 7 21 78 7 22 77 7 23 17 8 24 79 8 25 78 8 26 19 9 27 80 9 28 79 9 29 21 10 30 81 10 31 80 10 32 23 11 33 82 11 34 81 11 35 25 12 36 83 12 37 82 12 38 27 13 39 84 13 40 83 13 41 29 14 42 85 14 43 84 14 44 31 15 45 86 15 46 85 15 47 36 16 48 68 16 49 38 16 50 38 17 51 103 17 52 87 17 53 39 18 54 88 18 55 87 18 56 41 19 57 89 19 58 88 19 59 43 20 60 90 20 61 89 20 62 45 21 63 91 21 64 90 21 65 47 22 66 92 22 67 91 22 68 49 23 69 93 23 70 92 23 71 51 24 72 94 24 73 93 24 74 53 25 75 95 25 76 94 25 77 55 26 78 96 26 79 95 26 80 57 27 81 97 27 82 96 27 83 59 28 84 98 28 85 97 28 86 61 30 90 99 30 91 98 30 92 63 31 93 70 31 94 99 31 95 14 32 96 30 32 97 46 32 98 34 33 99 64 33 100 65 33 101 36 34 102 65 34 103 66 34 104 35 35 105 86 35 106 33 35 107 86 36 108 64 36 109 32 36 110 102 37 111 68 37 112 66 37 113 101 38 114 66 38 115 65 38 116 100 39 117 65 39 118 64 39 119 99 31 120 0 31 121 62 31 122 98 30 123 62 30 124 60 30 125 97 40 126 60 40 127 58 40 128 96 27 129 58 27 130 56 27 131 95 41 132 56 41 133 54 41 134 94 42 135 54 42 136 52 42 137 93 43 138 52 43 139 50 43 140 92 44 141 50 44 142 48 44 143 91 45 144 48 45 145 46 45 146 90 46 147 46 46 148 44 46 149 89 20 150 44 20 151 42 20 152 88 47 153 42 47 154 40 47 155 87 18 156 40 18 157 38 18 158 37 48 159 69 48 160 35 48 161 85 15 162 32 15 163 30 15 164 84 14 165 30 14 166 28 14 167 83 49 168 28 49 169 26 49 170 82 50 171 26 50 172 24 50 173 81 51 174 24 51 175 22 51 176 80 52 177 22 52 178 20 52 179 79 53 180 20 53 181 18 53 182 78 54 183 18 54 184 16 54 185 77 55 186 16 55 187 14 55 188 76 56 189 14 56 190 12 56 191 75 5 192 12 5 193 10 5 194 74 57 195 10 57 196 8 57 197 73 58 198 8 58 199 6 58 200 72 59 201 6 59 202 4 59 203 71 1 204 4 1 205 2 1 206 70 0 207 2 0 208 0 0 209 37 60 210 87 60 211 67 60 212 67 61 213 101 61 214 69 61 215 69 62 216 100 62 217 86 62 218 67 63 219 103 63 220 102 63 221 1 64 222 3 64 223 71 64 224 3 65 225 5 65 226 72 65 227 5 66 228 7 66 229 73 66 230 7 67 231 9 67 232 74 67 233 9 68 234 11 68 235 75 68 236 11 69 237 13 69 238 76 69 239 13 70 240 15 70 241 77 70 242 15 71 243 17 71 244 78 71 245 17 72 246 19 72 247 79 72 248 19 73 249 21 73 250 80 73 251 21 52 252 23 52 253 81 52 254 23 74 255 25 74 256 82 74 257 25 75 258 27 75 259 83 75 260 27 76 261 29 76 262 84 76 263 29 77 264 31 77 265 85 77 266 31 78 267 33 78 268 86 78 269 36 79 270 66 79 271 68 79 272 38 80 273 68 80 274 103 80 275 39 81 276 41 81 277 88 81 278 41 82 279 43 82 280 89 82 281 43 83 282 45 83 283 90 83 284 45 84 285 47 84 286 91 84 287 47 85 288 49 85 289 92 85 290 49 86 291 51 86 292 93 86 293 51 87 294 53 87 295 94 87 296 53 88 297 55 88 298 95 88 299 55 89 300 57 89 301 96 89 302 57 90 303 59 90 304 97 90 305 59 91 306 61 91 307 98 91 308 61 106 396 63 106 397 99 106 398 63 107 399 1 107 400 70 107 401 62 108 402 0 108 403 2 108 404 2 109 405 4 109 406 6 109 407 6 79 408 8 79 409 10 79 410 10 110 411 12 110 412 14 110 413 14 79 414 16 79 415 18 79 416 18 111 417 20 111 418 22 111 419 22 79 420 24 79 421 26 79 422 26 112 423 28 112 424 30 112 425 30 113 426 32 113 427 38 113 428 32 114 429 34 114 430 38 114 431 34 79 432 36 79 433 38 79 434 38 115 435 40 115 436 42 115 437 42 79 438 44 79 439 46 79 440 46 79 441 48 79 442 50 79 443 50 116 444 52 116 445 54 116 446 54 79 447 56 79 448 58 79 449 58 79 450 60 79 451 54 79 452 60 117 453 62 117 454 54 117 455 62 118 456 2 118 457 14 118 458 2 79 459 6 79 460 14 79 461 6 119 462 10 119 463 14 119 464 14 79 465 18 79 466 22 79 467 22 79 468 26 79 469 14 79 470 26 79 471 30 79 472 14 79 473 38 120 474 42 120 475 46 120 476 46 121 477 50 121 478 54 121 479 30 79 480 38 79 481 46 79 482 46 122 483 54 122 484 62 122 485 62 79 486 14 79 487 46 79 488 34 79 489 32 79 490 64 79 491 36 79 492 34 79 493 65 79 494 35 123 495 69 123 496 86 123 497 86 124 498 100 124 499 64 124 500 102 37 501 103 37 502 68 37 503 101 125 504 102 125 505 66 125 506 100 126 507 101 126 508 65 126 509 99 127 510 70 127 511 0 127 512 98 106 513 99 106 514 62 106 515 97 128 516 98 128 517 60 128 518 96 27 519 97 27 520 58 27 521 95 129 522 96 129 523 56 129 524 94 130 525 95 130 526 54 130 527 93 131 528 94 131 529 52 131 530 92 132 531 93 132 532 50 132 533 91 133 534 92 133 535 48 133 536 90 84 537 91 84 538 46 84 539 89 83 540 90 83 541 44 83 542 88 134 543 89 134 544 42 134 545 87 135 546 88 135 547 40 135 548 37 136 549 67 136 550 69 136 551 85 137 552 86 137 553 32 137 554 84 77 555 85 77 556 30 77 557 83 138 558 84 138 559 28 138 560 82 139 561 83 139 562 26 139 563 81 140 564 82 140 565 24 140 566 80 141 567 81 141 568 22 141 569 79 73 570 80 73 571 20 73 572 78 142 573 79 142 574 18 142 575 77 143 576 78 143 577 16 143 578 76 70 579 77 70 580 14 70 581 75 69 582 76 69 583 12 69 584 74 57 585 75 57 586 10 57 587 73 58 588 74 58 589 8 58 590 72 144 591 73 144 592 6 144 593 71 145 594 72 145 595 4 145 596 70 64 597 71 64 598 2 64 599 37 146 600 39 146 601 87 146 602 67 147 603 102 147 604 101 147 605 69 148 606 101 148 607 100 148 608 67 149 609 87 149 610 103 149 611</p>
        </triangles>
        <triangles material="Material_017-material" count="30">
          <input semantic="VERTEX" source="#Cylinder_014-mesh-vertices" offset="0"/>
          <input semantic="NORMAL" source="#Cylinder_014-mesh-normals" offset="1"/>
          <input semantic="TEXCOORD" source="#Cylinder_014-mesh-map-0" offset="2" set="0"/>
          <p>53 29 87 37 29 88 21 29 89 5 92 309 3 92 310 61 92 311 3 92 312 1 92 313 61 92 314 1 93 315 63 93 316 61 93 317 61 94 318 59 94 319 57 94 320 57 92 321 55 92 322 61 92 323 55 95 324 53 95 325 61 95 326 53 96 327 51 96 328 49 96 329 49 92 330 47 92 331 45 92 332 45 95 333 43 95 334 37 95 335 43 92 336 41 92 337 37 92 338 41 97 339 39 97 340 37 97 341 37 98 342 35 98 343 33 98 344 33 99 345 31 99 346 29 99 347 29 92 348 27 92 349 25 92 350 25 100 351 23 100 352 21 100 353 21 101 354 19 101 355 13 101 356 19 102 357 17 102 358 13 102 359 17 92 360 15 92 361 13 92 362 13 103 363 11 103 364 9 103 365 9 92 366 7 92 367 5 92 368 53 92 369 49 92 370 37 92 371 49 92 372 45 92 373 37 92 374 37 92 375 33 92 376 29 92 377 29 92 378 25 92 379 37 92 380 25 92 381 21 92 382 37 92 383 13 92 384 9 92 385 5 92 386 5 92 387 61 92 388 53 92 389 21 104 390 13 104 391 5 104 392 5 105 393 53 105 394 21 105 395</p>
        </triangles>
      </mesh>
    </geometry>
    <geometry id="Cylinder_013-mesh" name="Cylinder.013">
      <mesh>
        <source id="Cylinder_013-mesh-positions">
          <float_array id="Cylinder_013-mesh-positions-array" count="75">6.78182e-7 1.711125 -1.711125 6.78182e-7 1.711125 3.412702 1.627378 0.5287668 -1.711125 1.627378 0.5287668 3.412702 1.005775 -1.38433 -1.711125 1.005775 -1.38433 3.412702 -1.005774 -1.384329 -1.711125 -1.005774 -1.384329 3.412702 -1.627376 0.5287671 -1.711125 -1.627376 0.5287671 3.412702 5.58708e-7 1.40968 3.412702 1.340686 0.435615 3.412702 0.8285896 -1.140455 3.412702 -0.8285887 -1.140455 3.412702 -1.340685 0.4356153 3.412702 5.58708e-7 1.40968 2.957289 1.340686 0.435615 2.957289 0.8285896 -1.140455 2.957289 -0.8285887 -1.140455 2.957289 -1.340685 0.4356153 2.957289 5.58708e-7 1.40968 0.8884866 1.340686 0.435615 0.8884866 0.8285896 -1.140455 0.8884866 -0.8285887 -1.140455 0.8884866 -1.340685 0.4356153 0.8884866</float_array>
          <technique_common>
            <accessor source="#Cylinder_013-mesh-positions-array" count="25" stride="3">
              <param name="X" type="float"/>
              <param name="Y" type="float"/>
              <param name="Z" type="float"/>
            </accessor>
          </technique_common>
        </source>
        <source id="Cylinder_013-mesh-normals">
          <float_array id="Cylinder_013-mesh-normals-array" count="132">0.5877853 0.8090171 0 0.9510565 -0.3090169 0 0 -1 0 0 -3.02104e-7 1 -0.9510565 -0.3090169 0 -0.5877852 0.8090171 0 0 0 -1 2.43004e-7 -3.02104e-7 1 -4.86008e-7 7.90918e-7 1 -1.21502e-7 7.90917e-7 1 -1.91968e-7 -9.77627e-7 1 0.9510567 0.3090169 0 -0.9510566 0.309017 0 0.5877855 -0.809017 0 1.4387e-7 1 0 -0.5877855 -0.809017 0 0.5877852 -0.8090171 0 1.4387e-7 1 0 -0.5877853 -0.8090171 0 0.9510566 0.3090168 0 -0.9510565 0.309017 0 0 0 1 0.5877853 0.8090169 0 0.9510565 -0.3090171 0 0 -1 0 -2.43004e-7 -3.02104e-7 1 -0.9510567 -0.3090168 0 -0.5877853 0.8090171 0 1.23909e-7 0 -1 0 0 -1 2.35974e-6 -3.02104e-7 1 -1.17987e-6 7.90918e-7 1 1.17987e-6 7.90917e-7 1 2.43004e-7 -9.77629e-7 1 0.9510565 0.309017 0 -0.9510565 0.3090171 0 0.587785 -0.8090173 0 1.4387e-7 1 0 -0.587785 -0.8090173 0 0.5877853 -0.8090171 0 1.4387e-7 1 0 -0.5877853 -0.8090171 0 -0.9510566 0.3090171 0 0 0 1</float_array>
          <technique_common>
            <accessor source="#Cylinder_013-mesh-normals-array" count="44" stride="3">
              <param name="X" type="float"/>
              <param name="Y" type="float"/>
              <param name="Z" type="float"/>
            </accessor>
          </technique_common>
        </source>
        <source id="Cylinder_013-mesh-map-0">
          <float_array id="Cylinder_013-mesh-map-0-array" count="276">1 1 0.8 0.5 1 0.5 0.8 1 0.6 0.5 0.8 0.5 0.6 1 0.4 0.5 0.6 0.5 0.2 1 0.4 1 0.2 1 0.4 1 0.2 0.5 0.4 0.5 0.2 1 0 0.5 0.2 0.5 0.9782536 0.324164 0.6089316 0.0558359 0.5217465 0.3241641 0.8 1 0.6 1 0.6 1 0.2 1 0 1 0 1 1 1 0.8 1 0.8 1 0.4 1 0.6 1 0.4 1 0.4 1 0.2 1 0.2 1 0.8 1 0.6 1 0.6 1 0.2 1 0 1 0 1 0.6 1 0.4 1 0.4 1 1 1 0.8 1 0.8 1 0.2 1 0 1 0 1 0.6 1 0.4 1 0.4 1 1 1 0.8 1 0.8 1 0.4 1 0.2 1 0.2 1 0.8 1 0.6 1 0.6 1 0.2 1 0.4 1 0.6 1 1 1 0.8 1 0.8 0.5 0.8 1 0.6 1 0.6 0.5 0.6 1 0.4 1 0.4 0.5 0.2 1 0.4 1 0.4 1 0.4 1 0.2 1 0.2 0.5 0.2 1 0 1 0 0.5 0.5217465 0.3241641 0.75 0.49 0.9782536 0.324164 0.9782536 0.324164 0.8910685 0.0558359 0.6089316 0.0558359 0.8 1 0.8 1 0.6 1 0.2 1 0.2 1 0 1 1 1 1 1 0.8 1 0.4 1 0.6 1 0.6 1 0.4 1 0.4 1 0.2 1 0.8 1 0.8 1 0.6 1 0.2 1 0.2 1 0 1 0.6 1 0.6 1 0.4 1 1 1 1 1 0.8 1 0.2 1 0.2 1 0 1 0.6 1 0.6 1 0.4 1 1 1 1 1 0.8 1 0.4 1 0.4 1 0.2 1 0.8 1 0.8 1 0.6 1 0.6 1 0.8 1 0 1 0 1 0.2 1 0.6 1</float_array>
          <technique_common>
            <accessor source="#Cylinder_013-mesh-map-0-array" count="138" stride="2">
              <param name="S" type="float"/>
              <param name="T" type="float"/>
            </accessor>
          </technique_common>
        </source>
        <vertices id="Cylinder_013-mesh-vertices">
          <input semantic="POSITION" source="#Cylinder_013-mesh-positions"/>
        </vertices>
        <triangles material="Material_012-material" count="33">
          <input semantic="VERTEX" source="#Cylinder_013-mesh-vertices" offset="0"/>
          <input semantic="NORMAL" source="#Cylinder_013-mesh-normals" offset="1"/>
          <input semantic="TEXCOORD" source="#Cylinder_013-mesh-map-0" offset="2" set="0"/>
          <p>1 0 0 2 0 1 0 0 2 3 1 3 4 1 4 2 1 5 5 2 6 6 2 7 4 2 8 9 3 9 13 3 10 14 3 11 7 4 12 8 4 13 6 4 14 9 5 15 0 5 16 8 5 17 2 6 18 6 6 19 8 6 20 3 7 21 12 7 22 5 7 23 9 8 24 10 8 25 1 8 26 1 9 27 11 9 28 3 9 29 7 10 30 12 10 31 13 10 32 13 11 33 19 11 34 14 11 35 11 12 36 17 12 37 12 12 38 14 13 39 15 13 40 10 13 41 12 14 42 18 14 43 13 14 44 10 15 45 16 15 46 11 15 47 1 22 66 3 22 67 2 22 68 3 23 69 5 23 70 4 23 71 5 24 72 7 24 73 6 24 74 9 25 75 7 25 76 13 25 77 7 26 78 9 26 79 8 26 80 9 27 81 1 27 82 0 27 83 8 28 84 0 28 85 2 28 86 2 29 87 4 29 88 6 29 89 3 30 90 11 30 91 12 30 92 9 31 93 14 31 94 10 31 95 1 32 96 10 32 97 11 32 98 7 33 99 5 33 100 12 33 101 13 34 102 18 34 103 19 34 104 11 35 105 16 35 106 17 35 107 14 36 108 19 36 109 15 36 110 12 37 111 17 37 112 18 37 113 10 38 114 15 38 115 16 38 116</p>
        </triangles>
        <triangles material="Material_013-material" count="13">
          <input semantic="VERTEX" source="#Cylinder_013-mesh-vertices" offset="0"/>
          <input semantic="NORMAL" source="#Cylinder_013-mesh-normals" offset="1"/>
          <input semantic="TEXCOORD" source="#Cylinder_013-mesh-map-0" offset="2" set="0"/>
          <p>19 16 48 20 16 49 15 16 50 17 17 51 23 17 52 18 17 53 15 18 54 21 18 55 16 18 56 18 19 57 24 19 58 19 19 59 16 20 60 22 20 61 17 20 62 24 21 63 23 21 64 22 21 65 19 39 117 24 39 118 20 39 119 17 40 120 22 40 121 23 40 122 15 41 123 20 41 124 21 41 125 18 19 126 23 19 127 24 19 128 16 42 129 21 42 130 22 42 131 22 43 132 21 43 133 20 43 134 20 43 135 24 43 136 22 43 137</p>
        </triangles>
      </mesh>
    </geometry>
    <geometry id="Cylinder_012-mesh" name="Cylinder.012">
      <mesh>
        <source id="Cylinder_012-mesh-positions">
          <float_array id="Cylinder_012-mesh-positions-array" count="75">6.78182e-7 1.711125 -1.711125 6.78182e-7 1.711125 3.412702 1.627378 0.5287668 -1.711125 1.627378 0.5287668 3.412702 1.005775 -1.38433 -1.711125 1.005775 -1.38433 3.412702 -1.005774 -1.384329 -1.711125 -1.005774 -1.384329 3.412702 -1.627376 0.5287671 -1.711125 -1.627376 0.5287671 3.412702 7.47345e-7 1.281544 3.412702 1.218822 0.3960188 3.412702 0.7532736 -1.036791 3.412702 -0.7532722 -1.036791 3.412702 -1.21882 0.396019 3.412702 7.47345e-7 1.281544 2.602549 1.218822 0.3960188 2.602549 0.7532736 -1.036791 2.602549 -0.7532722 -1.036791 2.602549 -1.21882 0.396019 2.602549 7.47345e-7 1.281544 0.6341567 1.218822 0.3960188 0.6341567 0.7532736 -1.036791 0.6341567 -0.7532722 -1.036791 0.6341567 -1.21882 0.396019 0.6341567</float_array>
          <technique_common>
            <accessor source="#Cylinder_012-mesh-positions-array" count="25" stride="3">
              <param name="X" type="float"/>
              <param name="Y" type="float"/>
              <param name="Z" type="float"/>
            </accessor>
          </technique_common>
        </source>
        <source id="Cylinder_012-mesh-normals">
          <float_array id="Cylinder_012-mesh-normals-array" count="129">0.5877853 0.8090171 0 0.9510565 -0.3090169 0 0 -1 0 0 5.55002e-7 1 -0.9510565 -0.3090169 0 -0.5877852 0.8090171 0 0 0 -1 0 -6.86021e-7 1 -1.02312e-6 -2.11992e-7 1 1.82144e-6 -2.11992e-7 1 -6.82082e-7 5.55002e-7 1 0.5877852 -0.8090171 0 0 1 0 -0.5877854 -0.8090169 0 0.9510567 0.3090168 0 -0.9510565 0.3090169 0 0.9510566 0.309017 0 -0.9510566 0.309017 0 0.5877853 -0.8090171 0 0 1 0 -0.5877853 -0.809017 0 0 0 1 0.5877853 0.8090169 0 0.9510565 -0.3090171 0 0 -1 0 0 5.55003e-7 1 -0.9510567 -0.3090168 0 -0.5877853 0.8090171 0 1.23909e-7 0 -1 0 0 -1 2.67432e-7 -6.86021e-7 1 -1.82144e-6 -2.11992e-7 1 4.26302e-7 -2.11992e-7 1 -9.1072e-7 5.55002e-7 1 0 1 0 -0.5877852 -0.8090171 0 0.9510566 0.3090168 0 -0.9510565 0.309017 0 0.9510566 0.3090168 0 -0.9510565 0.309017 0 0.5877853 -0.809017 0 0 0 1 0 0 1</float_array>
          <technique_common>
            <accessor source="#Cylinder_012-mesh-normals-array" count="43" stride="3">
              <param name="X" type="float"/>
              <param name="Y" type="float"/>
              <param name="Z" type="float"/>
            </accessor>
          </technique_common>
        </source>
        <source id="Cylinder_012-mesh-map-0">
          <float_array id="Cylinder_012-mesh-map-0-array" count="276">1 1 0.8 0.5 1 0.5 0.8 1 0.6 0.5 0.8 0.5 0.6 1 0.4 0.5 0.6 0.5 0.8 1 1 1 0.8 1 0.4 1 0.2 0.5 0.4 0.5 0.2 1 0 0.5 0.2 0.5 0.9782536 0.324164 0.6089316 0.0558359 0.5217465 0.3241641 0.6 1 0.4 1 0.4 1 0.4 1 0.2 1 0.2 1 0.6 1 0.8 1 0.6 1 0.2 1 0 1 0 1 0.2 1 0 1 0 1 0.6 1 0.4 1 0.4 1 1 1 0.8 1 0.8 1 0.4 1 0.2 1 0.2 1 0.8 1 0.6 1 0.6 1 0.4 1 0.2 1 0.2 1 0.8 1 0.6 1 0.6 1 0.2 1 0 1 0 1 0.6 1 0.4 1 0.4 1 1 1 0.8 1 0.8 1 0 1 0.2 1 0.4 1 1 1 0.8 1 0.8 0.5 0.8 1 0.6 1 0.6 0.5 0.6 1 0.4 1 0.4 0.5 0.8 1 1 1 1 1 0.4 1 0.2 1 0.2 0.5 0.2 1 0 1 0 0.5 0.5217465 0.3241641 0.75 0.49 0.9782536 0.324164 0.9782536 0.324164 0.8910685 0.0558359 0.6089316 0.0558359 0.6 1 0.6 1 0.4 1 0.4 1 0.4 1 0.2 1 0.6 1 0.8 1 0.8 1 0.2 1 0.2 1 0 1 0.2 1 0.2 1 0 1 0.6 1 0.6 1 0.4 1 1 1 1 1 0.8 1 0.4 1 0.4 1 0.2 1 0.8 1 0.8 1 0.6 1 0.4 1 0.4 1 0.2 1 0.8 1 0.8 1 0.6 1 0.2 1 0.2 1 0 1 0.6 1 0.6 1 0.4 1 1 1 1 1 0.8 1 0.6 1 0.8 1 0.4 1 0.8 1 0 1 0.4 1</float_array>
          <technique_common>
            <accessor source="#Cylinder_012-mesh-map-0-array" count="138" stride="2">
              <param name="S" type="float"/>
              <param name="T" type="float"/>
            </accessor>
          </technique_common>
        </source>
        <vertices id="Cylinder_012-mesh-vertices">
          <input semantic="POSITION" source="#Cylinder_012-mesh-positions"/>
        </vertices>
        <triangles material="Material_012-material" count="33">
          <input semantic="VERTEX" source="#Cylinder_012-mesh-vertices" offset="0"/>
          <input semantic="NORMAL" source="#Cylinder_012-mesh-normals" offset="1"/>
          <input semantic="TEXCOORD" source="#Cylinder_012-mesh-map-0" offset="2" set="0"/>
          <p>1 0 0 2 0 1 0 0 2 3 1 3 4 1 4 2 1 5 5 2 6 6 2 7 4 2 8 3 3 9 10 3 10 11 3 11 7 4 12 8 4 13 6 4 14 9 5 15 0 5 16 8 5 17 2 6 18 6 6 19 8 6 20 5 7 21 13 7 22 7 7 23 7 8 24 14 8 25 9 8 26 5 9 27 11 9 28 12 9 29 9 10 30 10 10 31 1 10 32 14 11 33 15 11 34 10 11 35 12 12 36 18 12 37 13 12 38 10 13 39 16 13 40 11 13 41 13 14 42 19 14 43 14 14 44 11 15 45 17 15 46 12 15 47 1 22 66 3 22 67 2 22 68 3 23 69 5 23 70 4 23 71 5 24 72 7 24 73 6 24 74 3 25 75 1 25 76 10 25 77 7 26 78 9 26 79 8 26 80 9 27 81 1 27 82 0 27 83 8 28 84 0 28 85 2 28 86 2 29 87 4 29 88 6 29 89 5 30 90 12 30 91 13 30 92 7 31 93 13 31 94 14 31 95 5 32 96 3 32 97 11 32 98 9 33 99 14 33 100 10 33 101 14 11 102 19 11 103 15 11 104 12 34 105 17 34 106 18 34 107 10 35 108 15 35 109 16 35 110 13 36 111 18 36 112 19 36 113 11 37 114 16 37 115 17 37 116</p>
        </triangles>
        <triangles material="Material_013-material" count="13">
          <input semantic="VERTEX" source="#Cylinder_012-mesh-vertices" offset="0"/>
          <input semantic="NORMAL" source="#Cylinder_012-mesh-normals" offset="1"/>
          <input semantic="TEXCOORD" source="#Cylinder_012-mesh-map-0" offset="2" set="0"/>
          <p>18 16 48 24 16 49 19 16 50 16 17 51 22 17 52 17 17 53 19 18 54 20 18 55 15 18 56 17 19 57 23 19 58 18 19 59 15 20 60 21 20 61 16 20 62 20 21 63 24 21 64 23 21 65 18 38 117 23 38 118 24 38 119 16 39 120 21 39 121 22 39 122 19 40 123 24 40 124 20 40 125 17 19 126 22 19 127 23 19 128 15 20 129 20 20 130 21 20 131 22 41 132 21 41 133 23 41 134 21 42 135 20 42 136 23 42 137</p>
        </triangles>
      </mesh>
    </geometry>
    <geometry id="Cube_012-mesh" name="Cube.012">
      <mesh>
        <source id="Cube_012-mesh-positions">
          <float_array id="Cube_012-mesh-positions-array" count="60">-1.476316 -2.415338 -1 -1.476316 -2.415338 1.851208 -2.020677 -1.463233 -1 -2.020677 -1.463233 1.851208 1.96624 0.1567667 -1 1.96624 0.1567667 1.851208 1.530752 1.013609 -1 1.530752 1.013609 1.851208 -0.5783833 0.1086092 -1 -0.5783833 0.1086092 1.851208 -0.04082709 -0.721015 -1 -0.04082709 -0.7210151 1.851208 0.340094 0.7516356 1.851208 0.8266164 -0.06437975 -1 0.340094 0.7516356 -1 0.8266165 -0.06437981 1.851208 -1.36077 -0.6568982 -1 -0.7721804 -1.432086 1.851208 -1.360771 -0.6568982 1.851208 -0.7721804 -1.432086 -1</float_array>
          <technique_common>
            <accessor source="#Cube_012-mesh-positions-array" count="20" stride="3">
              <param name="X" type="float"/>
              <param name="Y" type="float"/>
              <param name="Z" type="float"/>
            </accessor>
          </technique_common>
        </source>
        <source id="Cube_012-mesh-normals">
          <float_array id="Cube_012-mesh-normals-array" count="78">-0.868125 -0.4963456 0 -0.2148844 0.9766395 0 0.8914667 0.4530864 0 0.8130241 -0.5822302 0 0 0 -1 0 0 1 0.6035546 -0.7973218 0 -0.6993544 0.7147752 0 0.1904986 -0.9816876 0 -2.77803e-7 0 1 0 0 -1 -0.5735175 0.8191933 0 -0.7738737 0.6333401 0 0.6970953 -0.7169786 0 -0.2148844 0.9766396 0 0.8914667 0.4530864 0 0.8130239 -0.5822304 0 0 0 -1 -1.9775e-7 0 1 0.6035546 -0.7973217 0 -0.6993542 0.7147753 0 0.1904987 -0.9816875 0 0 0 -1 -0.5735175 0.8191934 0 -0.7738737 0.63334 0 0.6970952 -0.7169787 0</float_array>
          <technique_common>
            <accessor source="#Cube_012-mesh-normals-array" count="26" stride="3">
              <param name="X" type="float"/>
              <param name="Y" type="float"/>
              <param name="Z" type="float"/>
            </accessor>
          </technique_common>
        </source>
        <source id="Cube_012-mesh-map-0">
          <float_array id="Cube_012-mesh-map-0-array" count="216">0.625 0 0.375 0.25 0.375 0 0.625 0.4375 0.375 0.5 0.375 0.4375 0.625 0.5 0.375 0.75 0.375 0.5 0.625 0.9375 0.375 1 0.375 0.9375 0.375 0.5 0.3125 0.75 0.3125 0.5 0.875 0.5 0.8125 0.75 0.8125 0.5 0.75 0.5 0.6875 0.75 0.6875 0.5 0.1875 0.5 0.25 0.75 0.1875 0.75 0.625 0.8125 0.375 0.875 0.375 0.8125 0.625 0.3125 0.375 0.375 0.375 0.3125 0.625 0.75 0.375 0.8125 0.375 0.75 0.625 0.5 0.6875 0.75 0.625 0.75 0.25 0.5 0.3125 0.75 0.25 0.75 0.625 0.375 0.375 0.4375 0.375 0.375 0.625 0.25 0.375 0.3125 0.375 0.25 0.125 0.5 0.1875 0.75 0.125 0.75 0.8125 0.5 0.75 0.75 0.75 0.5 0.625 0.875 0.375 0.9375 0.375 0.875 0.625 0 0.625 0.25 0.375 0.25 0.625 0.4375 0.625 0.5 0.375 0.5 0.625 0.5 0.625 0.75 0.375 0.75 0.625 0.9375 0.625 1 0.375 1 0.375 0.5 0.375 0.75 0.3125 0.75 0.875 0.5 0.875 0.75 0.8125 0.75 0.75 0.5 0.75 0.75 0.6875 0.75 0.1875 0.5 0.25 0.5 0.25 0.75 0.625 0.8125 0.625 0.875 0.375 0.875 0.625 0.3125 0.625 0.375 0.375 0.375 0.625 0.75 0.625 0.8125 0.375 0.8125 0.625 0.5 0.6875 0.5 0.6875 0.75 0.25 0.5 0.3125 0.5 0.3125 0.75 0.625 0.375 0.625 0.4375 0.375 0.4375 0.625 0.25 0.625 0.3125 0.375 0.3125 0.125 0.5 0.1875 0.5 0.1875 0.75 0.8125 0.5 0.8125 0.75 0.75 0.75 0.625 0.875 0.625 0.9375 0.375 0.9375</float_array>
          <technique_common>
            <accessor source="#Cube_012-mesh-map-0-array" count="108" stride="2">
              <param name="S" type="float"/>
              <param name="T" type="float"/>
            </accessor>
          </technique_common>
        </source>
        <vertices id="Cube_012-mesh-vertices">
          <input semantic="POSITION" source="#Cube_012-mesh-positions"/>
        </vertices>
        <triangles material="Material_005-material" count="36">
          <input semantic="VERTEX" source="#Cube_012-mesh-vertices" offset="0"/>
          <input semantic="NORMAL" source="#Cube_012-mesh-normals" offset="1"/>
          <input semantic="TEXCOORD" source="#Cube_012-mesh-map-0" offset="2" set="0"/>
          <p>1 0 0 2 0 1 0 0 2 12 1 3 6 1 4 14 1 5 7 2 6 4 2 7 6 2 8 17 3 9 0 3 10 19 3 11 6 4 12 13 4 13 14 4 14 3 5 15 17 5 16 18 5 17 9 5 18 15 5 19 12 5 20 16 4 21 10 4 22 19 4 23 15 6 24 10 6 25 13 6 26 18 7 27 8 7 28 16 7 29 5 8 30 13 8 31 4 8 32 7 9 33 15 9 34 5 9 35 8 10 36 13 10 37 10 10 38 9 11 39 14 11 40 8 11 41 3 12 42 16 12 43 2 12 44 2 4 45 19 4 46 0 4 47 18 5 48 11 5 49 9 5 50 11 13 51 19 13 52 10 13 53 1 0 54 3 0 55 2 0 56 12 14 57 7 14 58 6 14 59 7 15 60 5 15 61 4 15 62 17 16 63 1 16 64 0 16 65 6 17 66 4 17 67 13 17 68 3 18 69 1 18 70 17 18 71 9 5 72 11 5 73 15 5 74 16 4 75 8 4 76 10 4 77 15 19 78 11 19 79 10 19 80 18 20 81 9 20 82 8 20 83 5 21 84 15 21 85 13 21 86 7 5 87 12 5 88 15 5 89 8 22 90 14 22 91 13 22 92 9 23 93 12 23 94 14 23 95 3 24 96 18 24 97 16 24 98 2 4 99 16 4 100 19 4 101 18 5 102 17 5 103 11 5 104 11 25 105 17 25 106 19 25 107</p>
        </triangles>
      </mesh>
    </geometry>
    <geometry id="Cube_011-mesh" name="Cube.011">
      <mesh>
        <source id="Cube_011-mesh-positions">
          <float_array id="Cube_011-mesh-positions-array" count="144">0.1003475 -1.804411 3.567082 0.1003475 -1.804412 16.8084 -0.9077587 -0.07706677 3.567082 -0.9077587 -0.07706677 16.8084 2.738079 0.0975238 3.567082 2.738079 0.0975238 16.8084 1.729973 1.824869 3.567082 1.729973 1.824869 16.8084 -3.525561 -4.01514 3.567082 -3.525561 -4.01514 16.8084 -4.533667 -2.287795 3.567082 -4.533667 -2.287795 16.8084 -7.665359 -5.504341 3.567082 -7.66536 -5.50434 16.8084 -8.228322 -3.585207 3.567082 -8.228322 -3.585208 16.8084 -28.12753 15.64984 3.567082 -28.12753 15.64984 16.8084 -27.03294 13.82587 3.567082 -27.03294 13.82587 16.8084 -24.70865 -0.00688517 16.8084 -26.75145 -1.397878 16.8084 -26.75145 -1.397879 3.567082 -24.70864 -0.006886482 3.567082 -30.91388 6.574419 16.8084 -33.40172 6.30057 3.567082 -33.40172 6.30057 16.8084 -30.91388 6.574419 3.567082 -17.54815 -5.333899 16.8084 -16.63527 -2.53 3.567082 -16.63527 -2.53 16.8084 -17.54815 -5.3339 3.567082 -31.32037 2.720447 16.8084 -29.17884 3.827554 3.567082 -29.17885 3.827555 16.8084 -31.32037 2.720447 3.567082 -29.35096 10.79936 16.8084 -31.89115 12.10703 3.567082 -31.89115 12.10703 16.8084 -29.35096 10.79936 3.567082 -21.24239 -1.932038 16.8084 -22.65293 -3.919616 3.567082 -22.65293 -3.919615 16.8084 -21.24239 -1.932039 3.567082 -12.39218 -6.083351 16.8084 -12.49772 -3.675403 3.567082 -12.49772 -3.675403 16.8084 -12.39218 -6.083352 3.567082</float_array>
          <technique_common>
            <accessor source="#Cube_011-mesh-positions-array" count="48" stride="3">
              <param name="X" type="float"/>
              <param name="Y" type="float"/>
              <param name="Z" type="float"/>
            </accessor>
          </technique_common>
        </source>
        <source id="Cube_011-mesh-normals">
          <float_array id="Cube_011-mesh-normals-array" count="228">0 0 -1 -0.5848653 0.8111304 0 0.8636726 0.5040532 0 0.5848652 -0.8111305 0 1.47317e-7 0 -1 0 0 1 4.40897e-7 0 1 -0.5205746 0.8538163 0 0.5205746 -0.8538162 0 0 0 -1 -0.3313248 0.9435168 0 0.3384927 -0.940969 0 0.8574503 0.514567 0 -1.26469e-7 0 -1 0.7938983 -0.6080508 -1.24822e-7 -0.6854234 0.7281448 0 -0.5240323 -0.8516984 1.19734e-7 0.4855388 0.8742151 0 -7.03012e-7 0 1 -0.8645185 -0.5026009 0 0.8454659 0.5340295 0 -2.44427e-7 0 -1 -3.01898e-7 0 1 1.54614e-7 0 1 0.266797 0.9637528 0 -0.1438443 -0.9896003 0 -1.09951e-6 0 1 -1.35744e-7 0 -1 0.6510689 0.7590186 3.57589e-7 -0.6695299 -0.7427852 0 -0.9677862 0.2517737 0 0.937884 -0.3469491 0 1.49292e-7 0 -1 -6.28398e-7 0 1 -1.41665e-7 0 -1 0.128711 0.9916822 0 -0.2669937 -0.9636984 0 0.121586 -0.9925809 0 -0.02112132 0.999777 0 -6.089e-7 0 1 -0.5848653 0.8111305 0 0.8636726 0.5040534 0 0.5848654 -0.8111304 0 0.5205745 -0.8538163 0 8.98438e-7 0 1 1.01175e-6 0 1 -0.3313248 0.9435168 0 0.3384925 -0.9409691 0 0.8574481 0.5145705 -1.82597e-7 0.7938979 -0.608051 0 -0.5240325 -0.8516983 0 0.4855377 0.8742157 1.72564e-7 0 0 -1 7.9432e-7 0 1 -0.8645191 -0.5026001 1.39135e-7 0.8454647 0.5340315 4.87696e-7 0 0 -1 6.03263e-7 0 1 0 0 -1 0.2667968 0.9637528 0 -0.1438444 -0.9896003 0 2.17191e-6 0 1 0 0 -1 0.6510695 0.7590183 0 -0.6695305 -0.7427846 0 -0.9677863 0.2517737 0 0.9378845 -0.3469481 0 -2.71858e-7 0 -1 2.98585e-7 0 1 1.41665e-7 0 1 0 0 -1 0.1287111 0.9916821 0 -0.2669937 -0.9636983 1.6316e-7 0.121586 -0.992581 0 -0.02112138 0.999777 0 0 0 -1</float_array>
          <technique_common>
            <accessor source="#Cube_011-mesh-normals-array" count="76" stride="3">
              <param name="X" type="float"/>
              <param name="Y" type="float"/>
              <param name="Z" type="float"/>
            </accessor>
          </technique_common>
        </source>
        <source id="Cube_011-mesh-map-0">
          <float_array id="Cube_011-mesh-map-0-array" count="552">0.125 0.75 0.125 0.5 0.125 0.5 0.625 0.25 0.375 0.5 0.375 0.25 0.625 0.5 0.375 0.75 0.375 0.5 0.625 0.75 0.375 1 0.375 0.75 0.125 0.5 0.375 0.75 0.125 0.75 0.875 0.5 0.625 0.75 0.625 0.5 0.875 0.5 0.875 0.75 0.875 0.75 0.375 0.25 0.625 0.25 0.625 0.25 0.625 1 0.375 1 0.375 1 0.875 0.75 0.875 0.5 0.875 0.75 0.8750001 1.433815 0.875 0.75 0.8750004 1.71658 0.125 0.5 0.125 0.75 0.125 0.5 0.625 0.25 0.375 0.25 0.625 0.25 0.625 1 0.375 1 0.375 1 0.625 0 0.375 0.25 0.375 0 0.125 1.433814 0.125 0.75 0.125 0.5 0.625 0.25 0.375 0.25 0.625 0.25 0.625 1 0.375 1 0.375 1 0.625 1 0.375 1 0.375 1 0.6250001 0.25 0.3750001 0.25 0.6250002 0.25 0.1249999 3.092597 0.1249998 2.898934 0.1249999 2.732693 0.8750004 3.092601 0.8749998 2.898936 0.8750002 3.314398 0.3757692 1 0.625 1 0.375 1 0.6248269 0.25 0.3750001 0.25 0.6250001 0.25 0.125 3.196191 0.125 2.367627 0.125 2.830165 0.8750006 3.196194 0.8750002 2.36763 0.8750006 2.683159 0.8750002 1.533227 0.8750005 2.870804 0.8750002 1.810402 0.125 1.533226 0.125 2.870801 0.125 2.566453 0.375 0.25 0.6250001 0.25 0.625 0.25 0.625 1 0.375 1 0.375 1 0.8750002 3.314398 0.8750002 2.830168 0.8750006 3.196194 0.1249999 3.314394 0.125 2.830165 0.1249998 2.898934 0.6250002 0.25 0.3751734 0.25 0.6248269 0.25 0.375 1 0.6242309 1 0.3757692 1 0.625 1 0.375 1 0.375 1 0.3750001 0.25 0.625 0.25 0.6250001 0.25 0.125 2.367627 0.125 1.716578 0.125 1.433814 0.8750002 2.36763 0.8750004 1.71658 0.8750006 2.683159 0.8750005 2.870804 0.875 2.732696 0.8750004 3.092601 0.125 2.870801 0.1249999 2.732693 0.125 2.566453 0.6250001 0.25 0.3750001 0.25 0.6250001 0.25 0.625 1 0.375 1 0.375 1 0.625 1 0.375 1 0.375 1 0.375 0.25 0.625 0.25 0.625 0.25 0.125 0.5 0.125 1.8104 0.125 1.533226 0.875 0.5 0.8750002 1.810402 0.875 0.75 0.125 0.75 0.125 0.75 0.125 0.5 0.625 0.25 0.625 0.5 0.375 0.5 0.625 0.5 0.625 0.75 0.375 0.75 0.625 0.75 0.625 1 0.375 1 0.125 0.5 0.375 0.5 0.375 0.75 0.875 0.5 0.875 0.75 0.625 0.75 0.875 0.5 0.875 0.5 0.875 0.75 0.375 0.25 0.375 0.25 0.625 0.25 0.625 1 0.625 1 0.375 1 0.875 0.75 0.875 0.5 0.875 0.5 0.8750001 1.433815 0.875 0.5 0.875 0.75 0.125 0.5 0.125 0.75 0.125 0.75 0.625 0.25 0.375 0.25 0.375 0.25 0.625 1 0.625 1 0.375 1 0.625 0 0.625 0.25 0.375 0.25 0.125 1.433814 0.125 1.716578 0.125 0.75 0.625 0.25 0.375 0.25 0.375 0.25 0.625 1 0.625 1 0.375 1 0.625 1 0.625 1 0.375 1 0.6250001 0.25 0.3750001 0.25 0.3750001 0.25 0.1249999 3.092597 0.1249999 3.314394 0.1249998 2.898934 0.8750004 3.092601 0.875 2.732696 0.8749998 2.898936 0.3757692 1 0.6242309 1 0.625 1 0.6248269 0.25 0.3751734 0.25 0.3750001 0.25 0.125 3.196191 0.125 2.683156 0.125 2.367627 0.8750006 3.196194 0.8750002 2.830168 0.8750002 2.36763 0.8750002 1.533227 0.8750004 2.566455 0.8750005 2.870804 0.125 1.533226 0.125 1.8104 0.125 2.870801 0.375 0.25 0.3750001 0.25 0.6250001 0.25 0.625 1 0.625 1 0.375 1 0.8750002 3.314398 0.8749998 2.898936 0.8750002 2.830168 0.1249999 3.314394 0.125 3.196191 0.125 2.830165 0.6250002 0.25 0.3750001 0.25 0.3751734 0.25 0.375 1 0.625 1 0.6242309 1 0.625 1 0.625 1 0.375 1 0.3750001 0.25 0.375 0.25 0.625 0.25 0.125 2.367627 0.125 2.683156 0.125 1.716578 0.8750002 2.36763 0.8750001 1.433815 0.8750004 1.71658 0.8750005 2.870804 0.8750004 2.566455 0.875 2.732696 0.125 2.870801 0.1249999 3.092597 0.1249999 2.732693 0.6250001 0.25 0.3750001 0.25 0.3750001 0.25 0.625 1 0.625 1 0.375 1 0.625 1 0.625 1 0.375 1 0.375 0.25 0.375 0.25 0.625 0.25 0.125 0.5 0.125 0.75 0.125 1.8104 0.875 0.5 0.8750002 1.533227 0.8750002 1.810402</float_array>
          <technique_common>
            <accessor source="#Cube_011-mesh-map-0-array" count="276" stride="2">
              <param name="S" type="float"/>
              <param name="T" type="float"/>
            </accessor>
          </technique_common>
        </source>
        <vertices id="Cube_011-mesh-vertices">
          <input semantic="POSITION" source="#Cube_011-mesh-positions"/>
        </vertices>
        <triangles material="Material_005-material" count="92">
          <input semantic="VERTEX" source="#Cube_011-mesh-vertices" offset="0"/>
          <input semantic="NORMAL" source="#Cube_011-mesh-normals" offset="1"/>
          <input semantic="TEXCOORD" source="#Cube_011-mesh-map-0" offset="2" set="0"/>
          <p>0 0 0 10 0 1 2 0 2 3 1 3 6 1 4 2 1 5 7 2 6 4 2 7 6 2 8 5 3 9 0 3 10 4 3 11 2 4 12 4 4 13 0 4 14 3 5 15 5 5 16 7 5 17 11 6 18 13 6 19 9 6 20 2 7 21 11 7 22 3 7 23 1 8 24 8 8 25 0 8 26 1 5 27 11 5 28 9 5 29 36 5 30 17 5 31 38 5 32 10 9 33 12 9 34 14 9 35 11 10 36 14 10 37 15 10 38 9 11 39 12 11 40 8 11 41 17 12 42 18 12 43 16 12 44 39 13 45 16 13 46 18 13 47 36 14 48 18 14 49 19 14 50 38 15 51 16 15 52 37 15 53 42 16 54 22 16 55 41 16 56 40 17 57 23 17 58 20 17 59 41 9 60 23 9 61 43 9 62 42 18 63 20 18 64 21 18 65 35 19 66 26 19 67 25 19 68 34 20 69 27 20 70 24 20 71 35 21 72 27 21 73 33 21 74 32 22 75 24 22 76 26 22 77 46 23 78 28 23 79 44 23 80 45 9 81 31 9 82 29 9 83 45 24 84 30 24 85 46 24 86 44 25 87 31 25 88 47 25 89 21 26 90 34 26 91 32 26 92 22 27 93 33 27 94 23 27 95 20 28 96 33 28 97 34 28 98 22 29 99 32 29 100 35 29 101 26 30 102 37 30 103 25 30 104 27 31 105 36 31 106 24 31 107 27 32 108 37 32 109 39 32 110 24 5 111 38 5 112 26 5 113 28 33 114 40 33 115 42 33 116 31 34 117 43 34 118 29 34 119 30 35 120 43 35 121 40 35 122 28 36 123 41 36 124 31 36 125 13 37 126 47 37 127 12 37 128 14 38 129 46 38 130 15 38 131 14 9 132 47 9 133 45 9 134 15 39 135 44 39 136 13 39 137 0 9 138 8 9 139 10 9 140 3 40 141 7 40 142 6 40 143 7 41 144 5 41 145 4 41 146 5 42 147 1 42 148 0 42 149 2 9 150 6 9 151 4 9 152 3 5 153 1 5 154 5 5 155 11 5 156 15 5 157 13 5 158 2 7 159 10 7 160 11 7 161 1 43 162 9 43 163 8 43 164 1 44 165 3 44 166 11 44 167 36 45 168 19 45 169 17 45 170 10 9 171 8 9 172 12 9 173 11 46 174 10 46 175 14 46 176 9 47 177 13 47 178 12 47 179 17 48 180 19 48 181 18 48 182 39 9 183 37 9 184 16 9 185 36 49 186 39 49 187 18 49 188 38 15 189 17 15 190 16 15 191 42 50 192 21 50 193 22 50 194 40 51 195 43 51 196 23 51 197 41 52 198 22 52 199 23 52 200 42 53 201 40 53 202 20 53 203 35 54 204 32 54 205 26 54 206 34 55 207 33 55 208 27 55 209 35 56 210 25 56 211 27 56 212 32 5 213 34 5 214 24 5 215 46 57 216 30 57 217 28 57 218 45 58 219 47 58 220 31 58 221 45 59 222 29 59 223 30 59 224 44 60 225 28 60 226 31 60 227 21 61 228 20 61 229 34 61 230 22 62 231 35 62 232 33 62 233 20 63 234 23 63 235 33 63 236 22 64 237 21 64 238 32 64 239 26 65 240 38 65 241 37 65 242 27 66 243 39 66 244 36 66 245 27 67 246 25 67 247 37 67 248 24 68 249 36 68 250 38 68 251 28 69 252 30 69 253 40 69 254 31 70 255 41 70 256 43 70 257 30 71 258 29 71 259 43 71 260 28 72 261 42 72 262 41 72 263 13 73 264 44 73 265 47 73 266 14 74 267 45 74 268 46 74 269 14 75 270 12 75 271 47 75 272 15 5 273 46 5 274 44 5 275</p>
        </triangles>
      </mesh>
    </geometry>
    <geometry id="Cube_010-mesh" name="Cube.010">
      <mesh>
        <source id="Cube_010-mesh-positions">
          <float_array id="Cube_010-mesh-positions-array" count="144">0.5907135 -2.555744 8.75448 0.5907154 -2.555745 14.81334 -0.4173927 -0.8283992 8.75448 -0.4173908 -0.8283997 14.81334 2.041573 0.9752929 8.75448 2.041574 0.9752927 14.81334 1.033466 2.702638 8.75448 1.033468 2.702638 14.81334 -2.58394 -5.275487 8.75448 -2.583939 -5.275488 14.81334 -3.592046 -3.548141 8.75448 -3.592044 -3.548142 14.81334 -6.518002 -6.932595 8.75448 -6.518002 -6.932595 14.81334 -7.080964 -5.013461 8.75448 -7.080963 -5.013463 14.81334 -33.99353 22.9189 8.75448 -33.99353 22.9189 14.81334 -32.50016 22.68564 8.75448 -32.50016 22.68565 14.81334 -27.07634 1.281283 14.81334 -28.10542 0.1084291 14.81334 -28.10542 0.1084291 8.75448 -27.07633 1.281282 8.75448 -31.60488 11.1976 14.81334 -32.90184 10.77497 8.75448 -32.90184 10.77497 14.81334 -31.60488 11.1976 8.75448 -18.92236 -5.901136 14.81334 -18.3346 -4.33387 8.75448 -18.3346 -4.333871 14.81334 -18.92236 -5.901137 8.75448 -31.09116 4.957851 14.81334 -29.92814 5.755589 8.75448 -29.92814 5.75559 14.81334 -31.09116 4.957851 8.75448 -32.34976 16.72485 14.81334 -33.74493 16.63016 8.75448 -33.74493 16.63017 14.81334 -32.34976 16.72485 8.75448 -23.00408 -2.37234 14.81334 -23.81249 -3.7424 8.75448 -23.81249 -3.742399 14.81334 -23.00407 -2.37234 8.75448 -12.69138 -6.992878 14.81334 -12.67898 -5.249678 8.75448 -12.67898 -5.249679 14.81334 -12.69138 -6.992878 8.75448</float_array>
          <technique_common>
            <accessor source="#Cube_010-mesh-positions-array" count="48" stride="3">
              <param name="X" type="float"/>
              <param name="Y" type="float"/>
              <param name="Z" type="float"/>
            </accessor>
          </technique_common>
        </source>
        <source id="Cube_010-mesh-normals">
          <float_array id="Cube_010-mesh-normals-array" count="216">0 0 -1 -0.9249635 0.3800561 3.19546e-7 0.8636726 0.5040533 -2.55778e-7 0.9249635 -0.380056 -3.49356e-7 0 0 1 -0.6505999 0.7594208 3.01221e-7 0.6505998 -0.7594209 -2.67407e-7 4.63764e-7 0 1 -8.68512e-7 0 1 5.07232e-7 0 -1 -0.3872267 0.9219846 4.15951e-7 0.3881884 -0.9215801 0 0.154321 0.9880208 0 0.9996819 0.02522355 0 -0.9992195 -0.03950154 0 -0.6677368 -0.7443975 0 0.6678117 0.7443304 2.80515e-7 2.23446e-7 0 -1 8.48216e-7 0 1 -0.9548147 -0.2972022 0 0.9556666 0.2944514 2.98259e-7 -2.4558e-7 0 -1 1.93242e-7 0 -1 0.1598466 0.9871419 0 -0.1725828 -0.984995 0 1.79678e-6 0 1 -3.82555e-7 0 -1 0.8432755 0.5374817 9.51952e-7 -0.8515419 -0.5242866 0 -0.9897921 -0.1425192 0 0.9910411 0.1335575 0 0 0 -1 0.3872917 0.9219573 3.58388e-7 -0.4038473 -0.9148264 0 0.009764611 -0.9999523 -2.03965e-7 -0.04215884 0.9991109 2.24739e-7 -1.95514e-7 0 -1 2.31882e-7 0 -1 -0.9249636 0.3800559 2.91119e-7 0.8636727 0.5040532 -2.63556e-7 0.9249636 -0.3800559 -3.09238e-7 -0.6505997 0.759421 3.08472e-7 0.6505998 -0.7594209 -3.76526e-7 -9.27528e-7 0 1 -2.25294e-7 0 -1 -0.3872267 0.9219846 2.50691e-7 0.3881882 -0.9215802 -2.94979e-7 0.1543198 0.988021 -1.6662e-6 -5.1089e-7 0 -1 0.9996819 0.02522188 0 -0.9992196 -0.03950077 0 -0.6677374 -0.744397 0 0.6678116 0.7443304 6.32939e-7 4.46893e-7 0 1 -0.9548143 -0.297203 0 0.9556664 0.2944515 1.10565e-6 2.45581e-7 0 1 1.93242e-7 0 1 0.1598464 0.9871419 3.29678e-7 7.65113e-7 0 1 -8.98388e-7 0 -1 0.8432756 0.5374814 4.74649e-7 -0.8515424 -0.5242858 0 -0.9897919 -0.14252 0 0.9910411 0.1335576 3.38667e-7 -9.59641e-7 0 -1 0 0 1 0.3872919 0.9219572 1.24312e-7 -0.4038478 -0.9148263 0 0.009764432 -0.9999524 2.03965e-7 -0.0421589 0.9991109 2.24739e-7 0 0 -1</float_array>
          <technique_common>
            <accessor source="#Cube_010-mesh-normals-array" count="72" stride="3">
              <param name="X" type="float"/>
              <param name="Y" type="float"/>
              <param name="Z" type="float"/>
            </accessor>
          </technique_common>
        </source>
        <source id="Cube_010-mesh-map-0">
          <float_array id="Cube_010-mesh-map-0-array" count="552">0.125 0.75 0.125 0.5 0.125 0.5 0.625 0.25 0.375 0.5 0.375 0.25 0.625 0.5 0.375 0.75 0.375 0.5 0.375 0.75 0.625 1 0.375 1 0.125 0.5 0.375 0.75 0.125 0.75 0.875 0.5 0.625 0.75 0.625 0.5 0.875 0.5 0.875 0.75 0.875 0.75 0.375 0.25 0.625 0.25 0.625 0.25 0.375 1 0.625 1 0.375 1 0.875 0.75 0.875 0.5 0.875 0.75 0.8750004 1.71658 0.875 0.5 0.875 0.75 0.125 0.5 0.125 0.75 0.125 0.5 0.375 0.25 0.625 0.25 0.625 0.25 0.375 1 0.625 1 0.375 1 0.625 0 0.375 0.25 0.375 0 0.125 1.716578 0.125 0.5 0.125 1.433814 0.625 0.25 0.375 0.25 0.625 0.25 0.625 1 0.375 1 0.375 1 0.625 1 0.375 1 0.375 1 0.6250001 0.25 0.3750001 0.25 0.6250002 0.25 0.1249999 2.732693 0.1249999 3.314394 0.1249998 2.898934 0.875 2.732696 0.8750002 3.314398 0.8750004 3.092601 0.6242309 1 0.375 1 0.3757692 1 0.6248269 0.25 0.3750001 0.25 0.6250001 0.25 0.125 2.830165 0.125 2.683156 0.125 2.367627 0.8750002 2.830168 0.8750006 2.683159 0.8750006 3.196194 0.8750002 1.810402 0.8750004 2.566455 0.8750005 2.870804 0.125 1.8104 0.125 2.566453 0.125 1.533226 0.375 0.25 0.6250001 0.25 0.625 0.25 0.625 1 0.375 1 0.375 1 0.8749998 2.898936 0.8750006 3.196194 0.8750002 3.314398 0.1249998 2.898934 0.125 3.196191 0.125 2.830165 0.6250002 0.25 0.3751734 0.25 0.6248269 0.25 0.625 1 0.3757692 1 0.375 1 0.625 1 0.375 1 0.375 1 0.6250001 0.25 0.375 0.25 0.625 0.25 0.125 2.367627 0.125 1.716578 0.125 1.433814 0.8750002 2.36763 0.8750004 1.71658 0.8750006 2.683159 0.8750005 2.870804 0.875 2.732696 0.8750004 3.092601 0.125 2.870801 0.1249999 2.732693 0.125 2.566453 0.6250001 0.25 0.3750001 0.25 0.6250001 0.25 0.625 1 0.375 1 0.375 1 0.625 1 0.375 1 0.375 1 0.375 0.25 0.625 0.25 0.625 0.25 0.125 0.5 0.125 1.8104 0.125 1.533226 0.875 0.5 0.8750002 1.810402 0.875 0.75 0.125 0.75 0.125 0.75 0.125 0.5 0.625 0.25 0.625 0.5 0.375 0.5 0.625 0.5 0.625 0.75 0.375 0.75 0.375 0.75 0.625 0.75 0.625 1 0.125 0.5 0.375 0.5 0.375 0.75 0.875 0.5 0.875 0.75 0.625 0.75 0.875 0.5 0.875 0.5 0.875 0.75 0.375 0.25 0.375 0.25 0.625 0.25 0.375 1 0.625 1 0.625 1 0.875 0.75 0.875 0.5 0.875 0.5 0.8750004 1.71658 0.8750001 1.433815 0.875 0.5 0.125 0.5 0.125 0.75 0.125 0.75 0.375 0.25 0.375 0.25 0.625 0.25 0.375 1 0.625 1 0.625 1 0.625 0 0.625 0.25 0.375 0.25 0.125 1.716578 0.125 0.75 0.125 0.5 0.625 0.25 0.375 0.25 0.375 0.25 0.625 1 0.625 1 0.375 1 0.625 1 0.625 1 0.375 1 0.6250001 0.25 0.3750001 0.25 0.3750001 0.25 0.1249999 2.732693 0.1249999 3.092597 0.1249999 3.314394 0.875 2.732696 0.8749998 2.898936 0.8750002 3.314398 0.6242309 1 0.625 1 0.375 1 0.6248269 0.25 0.3751734 0.25 0.3750001 0.25 0.125 2.830165 0.125 3.196191 0.125 2.683156 0.8750002 2.830168 0.8750002 2.36763 0.8750006 2.683159 0.8750002 1.810402 0.8750002 1.533227 0.8750004 2.566455 0.125 1.8104 0.125 2.870801 0.125 2.566453 0.375 0.25 0.3750001 0.25 0.6250001 0.25 0.625 1 0.625 1 0.375 1 0.8749998 2.898936 0.8750002 2.830168 0.8750006 3.196194 0.1249998 2.898934 0.1249999 3.314394 0.125 3.196191 0.6250002 0.25 0.3750001 0.25 0.3751734 0.25 0.625 1 0.6242309 1 0.3757692 1 0.625 1 0.625 1 0.375 1 0.6250001 0.25 0.3750001 0.25 0.375 0.25 0.125 2.367627 0.125 2.683156 0.125 1.716578 0.8750002 2.36763 0.8750001 1.433815 0.8750004 1.71658 0.8750005 2.870804 0.8750004 2.566455 0.875 2.732696 0.125 2.870801 0.1249999 3.092597 0.1249999 2.732693 0.6250001 0.25 0.3750001 0.25 0.3750001 0.25 0.625 1 0.625 1 0.375 1 0.625 1 0.625 1 0.375 1 0.375 0.25 0.375 0.25 0.625 0.25 0.125 0.5 0.125 0.75 0.125 1.8104 0.875 0.5 0.8750002 1.533227 0.8750002 1.810402</float_array>
          <technique_common>
            <accessor source="#Cube_010-mesh-map-0-array" count="276" stride="2">
              <param name="S" type="float"/>
              <param name="T" type="float"/>
            </accessor>
          </technique_common>
        </source>
        <vertices id="Cube_010-mesh-vertices">
          <input semantic="POSITION" source="#Cube_010-mesh-positions"/>
        </vertices>
        <triangles material="Material_005-material" count="92">
          <input semantic="VERTEX" source="#Cube_010-mesh-vertices" offset="0"/>
          <input semantic="NORMAL" source="#Cube_010-mesh-normals" offset="1"/>
          <input semantic="TEXCOORD" source="#Cube_010-mesh-map-0" offset="2" set="0"/>
          <p>0 0 0 10 0 1 2 0 2 3 1 3 6 1 4 2 1 5 7 2 6 4 2 7 6 2 8 4 3 9 1 3 10 0 3 11 2 0 12 4 0 13 0 0 14 3 4 15 5 4 16 7 4 17 11 4 18 13 4 19 9 4 20 2 5 21 11 5 22 3 5 23 0 6 24 9 6 25 8 6 26 1 7 27 11 7 28 9 7 29 38 8 30 19 8 31 17 8 32 10 9 33 12 9 34 14 9 35 10 10 36 15 10 37 11 10 38 8 11 39 13 11 40 12 11 41 17 12 42 18 12 43 16 12 44 37 0 45 18 0 46 39 0 47 36 13 48 18 13 49 19 13 50 38 14 51 16 14 52 37 14 53 42 15 54 22 15 55 41 15 56 40 16 57 23 16 58 20 16 59 43 17 60 22 17 61 23 17 62 40 18 63 21 18 64 42 18 65 32 19 66 25 19 67 35 19 68 34 20 69 27 20 70 24 20 71 33 21 72 25 21 73 27 21 74 34 4 75 26 4 76 32 4 77 44 4 78 30 4 79 28 4 80 47 22 81 29 22 82 45 22 83 45 23 84 30 23 85 46 23 86 44 24 87 31 24 88 47 24 89 20 25 90 32 25 91 21 25 92 23 26 93 35 26 94 33 26 95 20 27 96 33 27 97 34 27 98 21 28 99 35 28 100 22 28 101 26 29 102 37 29 103 25 29 104 24 30 105 39 30 106 36 30 107 27 31 108 37 31 109 39 31 110 24 4 111 38 4 112 26 4 113 28 4 114 40 4 115 42 4 116 31 0 117 43 0 118 29 0 119 30 32 120 43 32 121 40 32 122 28 33 123 41 33 124 31 33 125 13 34 126 47 34 127 12 34 128 14 35 129 46 35 130 15 35 131 14 36 132 47 36 133 45 36 134 15 4 135 44 4 136 13 4 137 0 37 138 8 37 139 10 37 140 3 38 141 7 38 142 6 38 143 7 39 144 5 39 145 4 39 146 4 40 147 5 40 148 1 40 149 2 0 150 6 0 151 4 0 152 3 4 153 1 4 154 5 4 155 11 4 156 15 4 157 13 4 158 2 41 159 10 41 160 11 41 161 0 42 162 1 42 163 9 42 164 1 43 165 3 43 166 11 43 167 38 4 168 36 4 169 19 4 170 10 44 171 8 44 172 12 44 173 10 45 174 14 45 175 15 45 176 8 46 177 9 46 178 13 46 179 17 47 180 19 47 181 18 47 182 37 48 183 16 48 184 18 48 185 36 49 186 39 49 187 18 49 188 38 50 189 17 50 190 16 50 191 42 51 192 21 51 193 22 51 194 40 52 195 43 52 196 23 52 197 43 0 198 41 0 199 22 0 200 40 53 201 20 53 202 21 53 203 32 54 204 26 54 205 25 54 206 34 55 207 33 55 208 27 55 209 33 0 210 35 0 211 25 0 212 34 56 213 24 56 214 26 56 215 44 57 216 46 57 217 30 57 218 47 0 219 31 0 220 29 0 221 45 58 222 29 58 223 30 58 224 44 24 225 28 24 226 31 24 227 20 59 228 34 59 229 32 59 230 23 60 231 22 60 232 35 60 233 20 61 234 23 61 235 33 61 236 21 62 237 32 62 238 35 62 239 26 63 240 38 63 241 37 63 242 24 64 243 27 64 244 39 64 245 27 65 246 25 65 247 37 65 248 24 66 249 36 66 250 38 66 251 28 4 252 30 4 253 40 4 254 31 0 255 41 0 256 43 0 257 30 67 258 29 67 259 43 67 260 28 68 261 42 68 262 41 68 263 13 69 264 44 69 265 47 69 266 14 70 267 45 70 268 46 70 269 14 71 270 12 71 271 47 71 272 15 4 273 46 4 274 44 4 275</p>
        </triangles>
      </mesh>
    </geometry>
    <geometry id="Cube_009-mesh" name="Cube.009">
      <mesh>
        <source id="Cube_009-mesh-positions">
          <float_array id="Cube_009-mesh-positions-array" count="60">1.079084 -2.663701 0.003535568 1.079084 -2.663701 0.8524532 -2.148434 2.644069 0.003535568 -2.148434 2.644069 0.8524532 2.679485 0.6220422 0.003535568 2.679485 0.6220422 0.8524532 1.395093 2.784621 0.003535509 1.395093 2.784621 0.8524532 -1.543775 -0.1415969 0.003535568 -1.543775 -0.1415969 0.8524532 1.904032 1.421994 0.003535568 1.904032 1.421994 0.8524532 -0.5348817 -1.720954 0.003535568 2.219349 0.9782065 0.8524532 -0.5348817 -1.720954 0.8524532 2.219349 0.9782065 0.003535568 -1.949908 1.259828 0.8524532 1.55678 2.118245 0.003535568 -1.949908 1.259827 0.003535568 1.55678 2.118245 0.8524532</float_array>
          <technique_common>
            <accessor source="#Cube_009-mesh-positions-array" count="20" stride="3">
              <param name="X" type="float"/>
              <param name="Y" type="float"/>
              <param name="Z" type="float"/>
            </accessor>
          </technique_common>
        </source>
        <source id="Cube_009-mesh-normals">
          <float_array id="Cube_009-mesh-normals-array" count="93">-0.9898716 -0.1419661 0 -0.03963321 0.9992144 0 0.6120976 0.7907823 0 0.8990271 -0.437893 0 0 0 -1 2.2904e-7 0 1 0 0 1 0 0 -1 0.8948758 0.4463154 0 -0.8427304 -0.5383359 0 -0.5043764 -0.8634839 0 0 0 1 0 0 -1 0.8151858 0.5791996 0 0.9718032 0.2357939 0 0 0 -1 -0.9604804 -0.278348 0 -0.9898716 -0.1419655 0 0.6120977 0.7907822 0 0.8990271 -0.4378929 0 0 0 -1 0 0 1 0 0 -1 0.8948759 0.4463151 0 -0.8427304 -0.5383359 0 0 0 -1 0.8151857 0.5791996 0 0.971803 0.2357943 0 0 0 -1 0 0 1 -0.9604804 -0.2783477 0</float_array>
          <technique_common>
            <accessor source="#Cube_009-mesh-normals-array" count="31" stride="3">
              <param name="X" type="float"/>
              <param name="Y" type="float"/>
              <param name="Z" type="float"/>
            </accessor>
          </technique_common>
        </source>
        <source id="Cube_009-mesh-map-0">
          <float_array id="Cube_009-mesh-map-0-array" count="216">0.625 0.1875 0.375 0.25 0.375 0.1875 0.625 0.25 0.375 0.5 0.375 0.25 0.625 0.6875 0.375 0.75 0.375 0.6875001 0.625 0.75 0.375 1 0.375 0.75 0.375 0.6875001 0.125 0.75 0.125 0.6875 0.625 0.6875 0.875 0.75 0.625 0.75 0.625 0.5625 0.875 0.625 0.6250001 0.6250001 0.3750001 0.5625001 0.125 0.625 0.125 0.5625 0.625 0.5625 0.3750001 0.6250001 0.3750001 0.5625001 0.375 0.0625 0.625 0.125 0.375 0.125 0.375 0 0.625 0.06249994 0.375 0.0625 0.875 0.625 0.625 0.6875 0.6250001 0.6250001 0.125 0.625 0.375 0.6875001 0.125 0.6875 0.6250001 0.6250001 0.375 0.6875001 0.3750001 0.6250001 0.625 0.5 0.3750001 0.5625001 0.375 0.5 0.375 0.5 0.125 0.5625 0.125 0.5 0.625 0.5 0.875 0.5625 0.625 0.5625 0.625 0.125 0.375 0.1875 0.375 0.125 0.625 0.1875 0.625 0.25 0.375 0.25 0.625 0.25 0.625 0.5 0.375 0.5 0.625 0.6875 0.625 0.75 0.375 0.75 0.625 0.75 0.625 1 0.375 1 0.375 0.6875001 0.375 0.75 0.125 0.75 0.625 0.6875 0.8750001 0.6875001 0.875 0.75 0.625 0.5625 0.875 0.5625 0.875 0.625 0.3750001 0.5625001 0.3750001 0.6250001 0.125 0.625 0.625 0.5625 0.6250001 0.6250001 0.3750001 0.6250001 0.375 0.0625 0.625 0.06249994 0.625 0.125 0.375 0 0.625 0 0.625 0.06249994 0.875 0.625 0.8750001 0.6875001 0.625 0.6875 0.125 0.625 0.3750001 0.6250001 0.375 0.6875001 0.6250001 0.6250001 0.625 0.6875 0.375 0.6875001 0.625 0.5 0.625 0.5625 0.3750001 0.5625001 0.375 0.5 0.3750001 0.5625001 0.125 0.5625 0.625 0.5 0.875 0.5 0.875 0.5625 0.625 0.125 0.625 0.1875 0.375 0.1875</float_array>
          <technique_common>
            <accessor source="#Cube_009-mesh-map-0-array" count="108" stride="2">
              <param name="S" type="float"/>
              <param name="T" type="float"/>
            </accessor>
          </technique_common>
        </source>
        <vertices id="Cube_009-mesh-vertices">
          <input semantic="POSITION" source="#Cube_009-mesh-positions"/>
        </vertices>
        <triangles material="Material_005-material" count="36">
          <input semantic="VERTEX" source="#Cube_009-mesh-vertices" offset="0"/>
          <input semantic="NORMAL" source="#Cube_009-mesh-normals" offset="1"/>
          <input semantic="TEXCOORD" source="#Cube_009-mesh-map-0" offset="2" set="0"/>
          <p>16 0 0 2 0 1 18 0 2 3 1 3 6 1 4 2 1 5 13 2 6 4 2 7 15 2 8 5 3 9 0 3 10 4 3 11 15 4 12 0 4 13 12 4 14 13 5 15 1 5 16 5 5 17 19 6 18 9 6 19 11 6 20 17 7 21 8 7 22 18 7 23 19 8 24 10 8 25 17 8 26 12 9 27 9 9 28 8 9 29 0 10 30 14 10 31 12 10 32 9 11 33 13 11 34 11 11 35 8 12 36 15 12 37 12 12 38 11 13 39 15 13 40 10 13 41 7 14 42 17 14 43 6 14 44 6 15 45 18 15 46 2 15 47 7 6 48 16 6 49 19 6 50 9 16 51 18 16 52 8 16 53 16 17 54 3 17 55 2 17 56 3 1 57 7 1 58 6 1 59 13 18 60 5 18 61 4 18 62 5 19 63 1 19 64 0 19 65 15 20 66 4 20 67 0 20 68 13 6 69 14 6 70 1 6 71 19 21 72 16 21 73 9 21 74 17 22 75 10 22 76 8 22 77 19 23 78 11 23 79 10 23 80 12 24 81 14 24 82 9 24 83 0 10 84 1 10 85 14 10 86 9 6 87 14 6 88 13 6 89 8 25 90 10 25 91 15 25 92 11 26 93 13 26 94 15 26 95 7 27 96 19 27 97 17 27 98 6 28 99 17 28 100 18 28 101 7 29 102 3 29 103 16 29 104 9 30 105 16 30 106 18 30 107</p>
        </triangles>
      </mesh>
    </geometry>
    <geometry id="Cube_008-mesh" name="Cube.008">
      <mesh>
        <source id="Cube_008-mesh-positions">
          <float_array id="Cube_008-mesh-positions-array" count="60">-1.907268 -1.090727 0.003535568 -1.907268 -1.090727 0.8524532 -0.9982036 2.365796 0.003535568 -0.9982036 2.365796 0.8524532 1.686094 -1.019536 0.003535568 1.686094 -1.019536 0.8524532 2.07133 0.7141732 0.003535568 2.07133 0.7141732 0.8524532 -1.724899 0.6377936 0.003535568 -1.724899 0.6377936 0.8524532 1.662466 -0.1654222 0.003535568 1.662466 -0.1654222 0.8524532 -1.898346 -0.2384882 0.003535568 1.650729 -0.5557072 0.8524532 -1.898346 -0.2384883 0.8524532 1.650729 -0.5557072 0.003535568 -1.384845 1.588138 0.8524532 1.82517 0.3007367 0.003535568 -1.384845 1.588137 0.003535568 1.82517 0.3007367 0.8524532</float_array>
          <technique_common>
            <accessor source="#Cube_008-mesh-positions-array" count="20" stride="3">
              <param name="X" type="float"/>
              <param name="Y" type="float"/>
              <param name="Z" type="float"/>
            </accessor>
          </technique_common>
        </source>
        <source id="Cube_008-mesh-normals">
          <float_array id="Cube_008-mesh-normals-array" count="105">-0.8954326 0.4451974 -1.61692e-7 0.4738324 0.8806151 0 0.9971059 0.07602488 0 0.01980793 -0.9998039 0 0 0 -1 0 0 1 0 0 1 0 0 -1 0.9441431 -0.329536 0 -0.9809681 0.1941688 0 -0.9999452 0.01046836 0 0 0 1 0 0 -1 0.9995482 -0.03005927 0 0.8592326 -0.5115851 0 0 0 -1 0 0 1 -0.9415395 0.3369026 0 -0.8954325 0.4451975 0 0.4738324 0.8806151 0 0.9971059 0.07602626 0 0.01980793 -0.9998039 0 0 0 -1 0 0 1 0 0 1 0 0 -1 0.9441432 -0.3295354 0 -0.9809682 0.1941685 0 -0.9999452 0.010468 0 0 0 1 0 0 -1 0.9995482 -0.03005927 0 0.8592326 -0.5115852 0 0 0 -1 -0.9415395 0.3369028 0</float_array>
          <technique_common>
            <accessor source="#Cube_008-mesh-normals-array" count="35" stride="3">
              <param name="X" type="float"/>
              <param name="Y" type="float"/>
              <param name="Z" type="float"/>
            </accessor>
          </technique_common>
        </source>
        <source id="Cube_008-mesh-map-0">
          <float_array id="Cube_008-mesh-map-0-array" count="216">0.625 0.1875 0.375 0.25 0.375 0.1875 0.625 0.25 0.375 0.5 0.375 0.25 0.625 0.6875 0.375 0.75 0.375 0.6875001 0.625 0.75 0.375 1 0.375 0.75 0.375 0.6875001 0.125 0.75 0.125 0.6875 0.625 0.6875 0.875 0.75 0.625 0.75 0.875 0.5625 0.6250001 0.6250001 0.625 0.5625 0.125 0.5625 0.3750001 0.6250001 0.125 0.625 0.625 0.5625 0.3750001 0.6250001 0.3750001 0.5625001 0.375 0.0625 0.625 0.125 0.375 0.125 0.375 0 0.625 0.06249994 0.375 0.0625 0.6250001 0.6250001 0.8750001 0.6875001 0.625 0.6875 0.3750001 0.6250001 0.125 0.6875 0.125 0.625 0.6250001 0.6250001 0.375 0.6875001 0.3750001 0.6250001 0.625 0.5 0.3750001 0.5625001 0.375 0.5 0.125 0.5 0.3750001 0.5625001 0.125 0.5625 0.875 0.5 0.625 0.5625 0.625 0.5 0.625 0.125 0.375 0.1875 0.375 0.125 0.625 0.1875 0.625 0.25 0.375 0.25 0.625 0.25 0.625 0.5 0.375 0.5 0.625 0.6875 0.625 0.75 0.375 0.75 0.625 0.75 0.625 1 0.375 1 0.375 0.6875001 0.375 0.75 0.125 0.75 0.625 0.6875 0.8750001 0.6875001 0.875 0.75 0.875 0.5625 0.875 0.625 0.6250001 0.6250001 0.125 0.5625 0.3750001 0.5625001 0.3750001 0.6250001 0.625 0.5625 0.6250001 0.6250001 0.3750001 0.6250001 0.375 0.0625 0.625 0.06249994 0.625 0.125 0.375 0 0.625 0 0.625 0.06249994 0.6250001 0.6250001 0.875 0.625 0.8750001 0.6875001 0.3750001 0.6250001 0.375 0.6875001 0.125 0.6875 0.6250001 0.6250001 0.625 0.6875 0.375 0.6875001 0.625 0.5 0.625 0.5625 0.3750001 0.5625001 0.125 0.5 0.375 0.5 0.3750001 0.5625001 0.875 0.5 0.875 0.5625 0.625 0.5625 0.625 0.125 0.625 0.1875 0.375 0.1875</float_array>
          <technique_common>
            <accessor source="#Cube_008-mesh-map-0-array" count="108" stride="2">
              <param name="S" type="float"/>
              <param name="T" type="float"/>
            </accessor>
          </technique_common>
        </source>
        <vertices id="Cube_008-mesh-vertices">
          <input semantic="POSITION" source="#Cube_008-mesh-positions"/>
        </vertices>
        <triangles material="Material_005-material" count="36">
          <input semantic="VERTEX" source="#Cube_008-mesh-vertices" offset="0"/>
          <input semantic="NORMAL" source="#Cube_008-mesh-normals" offset="1"/>
          <input semantic="TEXCOORD" source="#Cube_008-mesh-map-0" offset="2" set="0"/>
          <p>16 0 0 2 0 1 18 0 2 3 1 3 6 1 4 2 1 5 13 2 6 4 2 7 15 2 8 5 3 9 0 3 10 4 3 11 15 4 12 0 4 13 12 4 14 13 5 15 1 5 16 5 5 17 16 6 18 11 6 19 19 6 20 18 7 21 10 7 22 8 7 23 19 8 24 10 8 25 17 8 26 12 9 27 9 9 28 8 9 29 0 10 30 14 10 31 12 10 32 11 11 33 14 11 34 13 11 35 10 12 36 12 12 37 8 12 38 11 13 39 15 13 40 10 13 41 7 14 42 17 14 43 6 14 44 2 15 45 17 15 46 18 15 47 3 16 48 19 16 49 7 16 50 9 17 51 18 17 52 8 17 53 16 18 54 3 18 55 2 18 56 3 19 57 7 19 58 6 19 59 13 20 60 5 20 61 4 20 62 5 21 63 1 21 64 0 21 65 15 22 66 4 22 67 0 22 68 13 23 69 14 23 70 1 23 71 16 24 72 9 24 73 11 24 74 18 25 75 17 25 76 10 25 77 19 26 78 11 26 79 10 26 80 12 27 81 14 27 82 9 27 83 0 28 84 1 28 85 14 28 86 11 29 87 9 29 88 14 29 89 10 30 90 15 30 91 12 30 92 11 31 93 13 31 94 15 31 95 7 32 96 19 32 97 17 32 98 2 33 99 6 33 100 17 33 101 3 24 102 16 24 103 19 24 104 9 34 105 16 34 106 18 34 107</p>
        </triangles>
      </mesh>
    </geometry>
    <geometry id="Cube_007-mesh" name="Cube.007">
      <mesh>
        <source id="Cube_007-mesh-positions">
          <float_array id="Cube_007-mesh-positions-array" count="174">-0.7082205 1.892561 -1.6943 -0.7082205 1.892561 3.790933 -1.65364 0.4916439 -1.6943 -1.65364 0.4916439 3.790933 -1.848499 -0.2655189 -1.6943 -1.848499 -0.2655189 3.790933 -1.260316 1.226125 3.790933 -1.260316 1.226125 -1.6943 -1.05869 -4.562594 -1.6943 -1.907268 -1.090727 -1.6943 -1.907268 -1.090727 3.790933 -1.722352 -2.956172 -1.6943 -1.722352 -2.956172 3.790933 -1.457105 -3.809165 -1.6943 -1.457105 -3.809165 3.790933 -1.876446 -1.958652 3.790933 -1.876446 -1.958653 -1.6943 4.308708 -7.689947 -1.6943 4.308708 -7.689947 3.790933 -1.05869 -4.562594 3.790933 0.8007604 -6.723148 -1.6943 0.8007604 -6.723148 3.790933 2.440518 -7.630578 -1.6943 2.440518 -7.630578 3.790933 -0.2243113 -5.684802 3.790933 -0.2243111 -5.684802 -1.6943 -1.895425 2.553753 -1.780126 -1.895425 2.553753 3.876759 -3.032009 0.8695703 -1.780126 -3.032009 0.8695703 3.876759 -3.266269 -0.04069113 -1.780126 -3.266269 -0.04069113 3.876759 -2.559155 1.752564 3.876759 -2.559155 1.752564 -1.780126 -2.31676 -5.206638 -1.780126 -3.33692 -1.032757 -1.780126 -3.33692 -1.032757 3.876759 -3.114615 -3.275396 -1.780126 -3.114615 -3.275396 3.876759 -2.795735 -4.300865 -1.780126 -2.795735 -4.300865 3.876759 -3.299867 -2.076178 3.876759 -3.299867 -2.076178 -1.780126 4.13593 -8.966343 -1.780126 4.13593 -8.966343 3.876759 -2.31676 -5.206638 3.876759 -0.08132731 -7.804057 -1.780126 -0.08132731 -7.804057 3.876759 1.889991 -8.89497 -1.780126 1.889991 -8.89497 3.876759 -1.313669 -6.555757 3.876759 -1.313669 -6.555757 -1.780126 5.471134 -8.24475 -1.780126 5.471134 -8.24475 3.876759 4.027191 -3.607518 -1.6943 4.027191 -3.607518 3.790933 5.315099 -3.625725 -1.780126 5.315099 -3.625725 3.876759</float_array>
          <technique_common>
            <accessor source="#Cube_007-mesh-positions-array" count="58" stride="3">
              <param name="X" type="float"/>
              <param name="Y" type="float"/>
              <param name="Z" type="float"/>
            </accessor>
          </technique_common>
        </source>
        <source id="Cube_007-mesh-normals">
          <float_array id="Cube_007-mesh-normals-array" count="330">0.770075 -0.6379536 0 0.9684436 -0.2492331 0 0.9974738 -0.07103627 0 0.881554 -0.4720832 0 0.9993701 0.03548896 0 0.9548977 0.2969352 0 0.8840108 0.4674665 0 0.9882778 0.1526663 0 0.8024907 0.5966647 0 0.484196 0.8749597 0 0.03176289 0.9994955 0 0.7116411 0.7025431 0 -0.7700743 0.6379543 0 -0.9684435 0.2492331 0 -0.9974738 0.07103705 0 -0.8815544 0.4720827 0 -0.9993701 -0.03548896 0 -0.9548978 -0.2969348 0 -0.8840107 -0.4674667 0 -0.9882779 -0.1526662 0 -0.8024906 -0.5966649 0 -0.4841961 -0.8749595 0 -0.03176259 -0.9994955 0 -0.7116412 -0.7025431 0 0.04394781 0.04338592 -0.9980914 0.05419147 -0.02902024 -0.9981089 0.05975234 -0.004255354 -0.9982042 0.05358803 0.02833747 -0.998161 0.03021115 0.05459272 0.9980516 0.0580576 -0.01494139 0.9982015 0.05942809 0.009180307 0.9981904 0.0597521 -0.004255294 0.9982042 0.06001055 0.002131044 0.9981955 0.06001067 0.002131044 -0.9981955 0.03021109 0.05459266 -0.9980517 0.05805772 -0.01494133 -0.9982015 0.05358815 0.02833747 0.998161 0.05942857 0.009180307 -0.9981904 0.002122938 0.06680315 0.997764 0.002122879 0.06680297 -0.9977639 0.04931914 0.03666955 -0.9981097 0.05743789 0.01786088 0.9981893 0.05419194 -0.02902024 0.9981088 0.04936712 -0.04089707 0.9979431 0.04394787 0.04338592 0.9980914 0.04936689 -0.04089701 -0.9979431 0.04931932 0.03666949 0.9981098 0.4865618 0.8736463 0 0.05743795 0.01786094 -0.9981893 -0.06655579 -0.004589557 0.9977722 -0.03907507 0.07230281 -0.9966171 -0.03907513 0.07230281 0.9966171 0.4754466 -0.8797447 0 0.01413494 0.9999002 0 -0.9976308 -0.06879478 0 -0.07483249 -0.002527892 -0.997193 0.99943 0.03376162 0 0.7700748 -0.6379536 0 0.9684437 -0.2492327 0 0.9974737 -0.07103669 0 0.8815541 -0.4720832 0 0.9993701 0.03548896 0 0.9548977 0.296935 0 0.8840106 0.4674669 0 0.9882778 0.1526667 0 0.8024909 0.5966645 0 0.4841961 0.8749595 0 0.03176289 0.9994955 0 0.7116411 0.7025432 0 -0.7700746 0.6379539 0 -0.9684435 0.2492331 0 -0.9974738 0.07103633 0 -0.8815544 0.4720823 0 -0.9993701 -0.03548896 0 -0.9548976 -0.2969356 0 -0.8840106 -0.467467 0 -0.9882777 -0.1526667 0 -0.8024908 -0.5966645 0 -0.03176265 -0.9994955 0 -0.7116411 -0.7025432 0 0.04394787 0.04338592 -0.9980914 0.05419176 -0.02902024 -0.9981088 0.0597524 -0.004255294 -0.9982042 0.05358821 0.02833741 -0.998161 0.03021126 0.05459266 0.9980515 0.05805748 -0.01494133 0.9982015 0.05942845 0.009180307 0.9981904 0.05975204 -0.004255354 0.9982042 0.06001096 0.002131044 0.9981955 0.06001079 0.002131044 -0.9981955 0.03021115 0.05459272 -0.9980516 0.05805742 -0.01494139 -0.9982014 0.05358803 0.02833747 0.998161 0.05942833 0.009180307 -0.9981904 0.002122879 0.06680297 0.9977639 0.002122938 0.06680315 -0.997764 0.0493192 0.03666955 -0.9981098 0.05743795 0.01786094 0.9981893 0.05419147 -0.02902024 0.9981089 0.04936689 -0.04089701 0.9979431 0.04394805 0.04338598 0.9980913 0.04936683 -0.04089701 -0.9979431 0.04931873 0.03666949 0.9981098 0.4865617 0.8736463 0 0.05743801 0.01786088 -0.9981893 -0.07483249 -0.002527892 0.997193 0.4754464 -0.8797447 0 0.01413494 0.9999001 0 -0.9976308 -0.06879514 0 -0.06655603 -0.004589557 -0.9977722</float_array>
          <technique_common>
            <accessor source="#Cube_007-mesh-normals-array" count="110" stride="3">
              <param name="X" type="float"/>
              <param name="Y" type="float"/>
              <param name="Z" type="float"/>
            </accessor>
          </technique_common>
        </source>
        <source id="Cube_007-mesh-map-0">
          <float_array id="Cube_007-mesh-map-0-array" count="672">0.375 0.25 0.625 0.1875 0.375 0.1875 0.375 0.125 0.625 0.06249994 0.375 0.0625 0.375 0.0625 0.625 0 0.375 0 0.375 0.1875 0.625 0.125 0.375 0.125 0.375 0.25 0.625 0.1875 0.375 0.1875 0.375 0.125 0.625 0.06249994 0.375 0.0625 0.375 0.0625 0.625 0 0.375 0 0.375 0.1875 0.625 0.125 0.375 0.125 0.375 0.25 0.625 0.1875 0.375 0.1875 0.375 0.125 0.625 0.06249994 0.375 0.0625 0.375 0.0625 0.625 0 0.375 0 0.375 0.1875 0.625 0.125 0.375 0.125 0.625 0.1875 0.375 0.25 0.375 0.1875 0.625 0.06249994 0.375 0.125 0.375 0.0625 0.625 0 0.375 0.0625 0.375 0 0.625 0.125 0.375 0.1875 0.375 0.125 0.625 0.1875 0.375 0.25 0.375 0.1875 0.625 0.06249994 0.375 0.125 0.375 0.0625 0.625 0 0.375 0.0625 0.375 0 0.625 0.125 0.375 0.1875 0.375 0.125 0.625 0.1875 0.375 0.25 0.375 0.1875 0.625 0.06249994 0.375 0.125 0.375 0.0625 0.625 0 0.375 0.0625 0.375 0 0.625 0.125 0.375 0.1875 0.375 0.125 0.375 0.125 0.375 0.1875 0.375 0.1875 0.375 0.125 0.375 0.1875 0.375 0.1875 0.375 0.0625 0.375 0 0.375 0.0625 0.375 0.0625 0.375 0 0.375 0.0625 0.625 0.125 0.625 0.06249994 0.625 0.06249994 0.625 0.06249994 0.625 0.125 0.625 0.06249994 0.625 0.125 0.625 0.1875 0.625 0.125 0.625 0.06249994 0.625 0 0.625 0 0.625 0.25 0.625 0.1875 0.625 0.1875 0.375 0.25 0.375 0.1875 0.375 0.25 0.375 0.125 0.375 0.0625 0.375 0.125 0.375 0.0625 0.375 0.125 0.375 0.125 0.625 0.06249994 0.625 0 0.625 0 0.375 0.125 0.375 0.1875 0.375 0.1875 0.625 0.06249994 0.625 0 0.625 0 0.375 0.0625 0.375 0 0.375 0.0625 0.375 0.25 0.375 0.1875 0.375 0.25 0.625 0.125 0.625 0.06249994 0.625 0.06249994 0.625 0.125 0.625 0.1875 0.625 0.125 0.625 0.1875 0.625 0.25 0.625 0.1875 0.625 0.125 0.625 0.1875 0.625 0.125 0.375 0.1875 0.375 0.25 0.375 0.25 0.625 0.25 0.625 0.1875 0.625 0.1875 0.375 0.25 0.625 0.25 0.625 0.25 0.375 0.125 0.375 0.0625 0.375 0.125 0.625 0 0.625 0 0.625 0 0.375 0 0.375 0 0.375 0 0.625 0 0.625 0 0.625 0 0.375 0 0.625 0 0.625 0 0.625 0 0.375 0 0.375 0 0.625 0 0.375 0 0.375 0 0.375 0 0.375 0 0.375 0 0.375 0 0.625 0 0.625 0 0.375 0.25 0.625 0.25 0.625 0.1875 0.375 0.125 0.625 0.125 0.625 0.06249994 0.375 0.0625 0.625 0.06249994 0.625 0 0.375 0.1875 0.625 0.1875 0.625 0.125 0.375 0.25 0.625 0.25 0.625 0.1875 0.375 0.125 0.625 0.125 0.625 0.06249994 0.375 0.0625 0.625 0.06249994 0.625 0 0.375 0.1875 0.625 0.1875 0.625 0.125 0.375 0.25 0.625 0.25 0.625 0.1875 0.375 0.125 0.625 0.125 0.625 0.06249994 0.375 0.0625 0.625 0.06249994 0.625 0 0.375 0.1875 0.625 0.1875 0.625 0.125 0.625 0.1875 0.625 0.25 0.375 0.25 0.625 0.06249994 0.625 0.125 0.375 0.125 0.625 0 0.625 0.06249994 0.375 0.0625 0.625 0.125 0.625 0.1875 0.375 0.1875 0.625 0.1875 0.625 0.25 0.375 0.25 0.625 0.06249994 0.625 0.125 0.375 0.125 0.625 0 0.625 0.06249994 0.375 0.0625 0.625 0.125 0.625 0.1875 0.375 0.1875 0.625 0.1875 0.625 0.25 0.375 0.25 0.625 0.06249994 0.625 0.125 0.375 0.125 0.625 0 0.625 0.06249994 0.375 0.0625 0.625 0.125 0.625 0.1875 0.375 0.1875 0.375 0.125 0.375 0.125 0.375 0.1875 0.375 0.125 0.375 0.125 0.375 0.1875 0.375 0.0625 0.375 0 0.375 0 0.375 0.0625 0.375 0 0.375 0 0.625 0.125 0.625 0.125 0.625 0.06249994 0.625 0.06249994 0.625 0.125 0.625 0.125 0.625 0.125 0.625 0.1875 0.625 0.1875 0.625 0.06249994 0.625 0.06249994 0.625 0 0.625 0.25 0.625 0.25 0.625 0.1875 0.375 0.25 0.375 0.1875 0.375 0.1875 0.375 0.125 0.375 0.0625 0.375 0.0625 0.375 0.0625 0.375 0.0625 0.375 0.125 0.625 0.06249994 0.625 0.06249994 0.625 0 0.375 0.125 0.375 0.125 0.375 0.1875 0.625 0.06249994 0.625 0.06249994 0.625 0 0.375 0.0625 0.375 0 0.375 0 0.375 0.25 0.375 0.1875 0.375 0.1875 0.625 0.125 0.625 0.125 0.625 0.06249994 0.625 0.125 0.625 0.1875 0.625 0.1875 0.625 0.1875 0.625 0.25 0.625 0.25 0.625 0.125 0.625 0.1875 0.625 0.1875 0.375 0.1875 0.375 0.1875 0.375 0.25 0.625 0.25 0.625 0.25 0.625 0.1875 0.375 0.25 0.375 0.25 0.625 0.25 0.375 0.125 0.375 0.0625 0.375 0.0625 0.625 0 0.625 0 0.625 0 0.375 0 0.375 0 0.625 0 0.625 0 0.625 0 0.375 0 0.625 0 0.625 0 0.375 0 0.375 0 0.375 0 0.375 0 0.375 0 0.375 0 0.625 0</float_array>
          <technique_common>
            <accessor source="#Cube_007-mesh-map-0-array" count="336" stride="2">
              <param name="S" type="float"/>
              <param name="T" type="float"/>
            </accessor>
          </technique_common>
        </source>
        <vertices id="Cube_007-mesh-vertices">
          <input semantic="POSITION" source="#Cube_007-mesh-positions"/>
        </vertices>
        <triangles material="Material_014-material" count="112">
          <input semantic="VERTEX" source="#Cube_007-mesh-vertices" offset="0"/>
          <input semantic="NORMAL" source="#Cube_007-mesh-normals" offset="1"/>
          <input semantic="TEXCOORD" source="#Cube_007-mesh-map-0" offset="2" set="0"/>
          <p>0 0 0 6 0 1 7 0 2 2 1 3 5 1 4 4 1 5 4 2 6 10 2 7 9 2 8 7 3 9 3 3 10 2 3 11 9 4 12 15 4 13 16 4 14 11 5 15 14 5 16 13 5 17 13 6 18 19 6 19 8 6 20 16 7 21 12 7 22 11 7 23 8 8 24 24 8 25 25 8 26 20 9 27 23 9 28 22 9 29 22 10 30 18 10 31 17 10 32 25 11 33 21 11 34 20 11 35 32 12 36 26 12 37 33 12 38 31 13 39 28 13 40 30 13 41 36 14 42 30 14 43 35 14 44 29 15 45 33 15 46 28 15 47 41 16 48 35 16 49 42 16 50 40 17 51 37 17 52 39 17 53 45 18 54 39 18 55 34 18 56 38 19 57 42 19 58 37 19 59 50 20 60 34 20 61 51 20 62 49 21 63 46 21 64 48 21 65 44 22 66 48 22 67 43 22 68 47 23 69 51 23 70 46 23 71 20 24 72 51 24 73 25 24 74 2 25 75 33 25 76 7 25 77 4 26 78 35 26 79 30 26 80 13 27 81 34 27 82 39 27 83 21 28 84 49 28 85 23 28 86 5 29 87 29 29 88 31 29 89 12 30 90 41 30 91 38 30 92 5 31 93 36 31 94 10 31 95 10 32 96 41 32 97 15 32 98 9 33 99 42 33 100 35 33 101 20 34 102 48 34 103 46 34 104 4 35 105 28 35 106 2 35 107 14 36 108 45 36 109 19 36 110 11 37 111 42 37 112 16 37 113 23 38 114 44 38 115 18 38 116 22 39 117 43 39 118 48 39 119 8 40 120 51 40 121 34 40 122 12 41 123 40 41 124 14 41 125 3 42 126 32 42 127 29 42 128 6 43 129 27 43 130 32 43 131 21 44 132 50 44 133 47 44 134 7 45 135 26 45 136 0 45 137 19 46 138 50 46 139 24 46 140 0 47 141 27 47 142 1 47 143 11 48 144 39 48 145 37 48 146 18 49 147 57 49 148 55 49 149 43 50 150 17 50 151 52 50 152 18 51 153 44 51 154 53 51 155 43 52 156 53 52 157 44 52 158 55 53 159 56 53 160 54 53 161 18 54 162 54 54 163 17 54 164 17 55 165 56 55 166 52 55 167 52 56 168 57 56 169 53 56 170 0 57 171 1 57 172 6 57 173 2 58 174 3 58 175 5 58 176 4 59 177 5 59 178 10 59 179 7 60 180 6 60 181 3 60 182 9 61 183 10 61 184 15 61 185 11 62 186 12 62 187 14 62 188 13 63 189 14 63 190 19 63 191 16 64 192 15 64 193 12 64 194 8 65 195 19 65 196 24 65 197 20 66 198 21 66 199 23 66 200 22 67 201 23 67 202 18 67 203 25 68 204 24 68 205 21 68 206 32 69 207 27 69 208 26 69 209 31 70 210 29 70 211 28 70 212 36 71 213 31 71 214 30 71 215 29 72 216 32 72 217 33 72 218 41 73 219 36 73 220 35 73 221 40 74 222 38 74 223 37 74 224 45 75 225 40 75 226 39 75 227 38 76 228 41 76 229 42 76 230 50 77 231 45 77 232 34 77 233 49 21 234 47 21 235 46 21 236 44 78 237 49 78 238 48 78 239 47 79 240 50 79 241 51 79 242 20 80 243 46 80 244 51 80 245 2 81 246 28 81 247 33 81 248 4 82 249 9 82 250 35 82 251 13 83 252 8 83 253 34 83 254 21 84 255 47 84 256 49 84 257 5 85 258 3 85 259 29 85 260 12 86 261 15 86 262 41 86 263 5 87 264 31 87 265 36 87 266 10 88 267 36 88 268 41 88 269 9 89 270 16 89 271 42 89 272 20 90 273 22 90 274 48 90 275 4 91 276 30 91 277 28 91 278 14 92 279 40 92 280 45 92 281 11 93 282 37 93 283 42 93 284 23 94 285 49 94 286 44 94 287 22 95 288 17 95 289 43 95 290 8 96 291 25 96 292 51 96 293 12 97 294 38 97 295 40 97 296 3 98 297 6 98 298 32 98 299 6 99 300 1 99 301 27 99 302 21 100 303 24 100 304 50 100 305 7 101 306 33 101 307 26 101 308 19 102 309 45 102 310 50 102 311 0 103 312 26 103 313 27 103 314 11 104 315 13 104 316 39 104 317 18 105 318 53 105 319 57 105 320 43 106 321 52 106 322 53 106 323 55 107 324 57 107 325 56 107 326 18 108 327 55 108 328 54 108 329 17 109 330 54 109 331 56 109 332 52 56 333 56 56 334 57 56 335</p>
        </triangles>
      </mesh>
    </geometry>
    <geometry id="Cylinder_011-mesh" name="Cylinder.011">
      <mesh>
        <source id="Cylinder_011-mesh-positions">
          <float_array id="Cylinder_011-mesh-positions-array" count="564">-5.16614e-6 4.491762 -0.1203947 -5.51123e-6 3.028435 4.055029 0.876294 4.405454 -0.1203947 0.5908129 2.970244 4.055029 1.718918 4.149847 -0.1203947 1.158926 2.797909 4.055029 2.495484 3.734764 -0.1203947 1.682503 2.518051 4.055029 3.17615 3.176156 -0.1203947 2.141421 2.141427 4.055029 3.734758 2.49549 -0.1203947 2.518045 1.682509 4.055029 4.149841 1.718924 -0.1203947 2.797903 1.158932 4.055029 4.405448 0.8763002 -0.1203947 2.970238 0.5908191 4.055029 4.491756 6.92641e-7 -0.1203947 3.028429 7.36463e-7 4.055029 4.405448 -0.8762983 -0.1203947 2.970238 -0.590817 4.055029 2.797903 -1.15893 4.055029 2.518045 -1.682507 4.055029 3.17615 -3.176154 -0.1203947 2.141421 -2.141426 4.055029 2.495484 -3.734762 -0.1203947 1.682502 -2.51805 4.055029 1.718918 -4.149846 -0.1203947 1.158926 -2.797907 4.055029 0.8762939 -4.405453 -0.1203947 0.5908132 -2.970242 4.055029 -5.55882e-6 -4.49176 -0.1203947 -5.47665e-6 -3.028433 4.055029 -0.876304 -4.405453 -0.1203947 -0.5908233 -2.970243 4.055029 -1.718928 -4.149846 -0.1203947 -1.158936 -2.797907 4.055029 -2.495494 -3.734762 -0.1203947 -1.682513 -2.518049 4.055029 -3.17616 -3.176154 -0.1203947 -2.141431 -2.141426 4.055029 -3.734767 -2.495489 -0.1203947 -2.518055 -1.682507 4.055029 -4.149851 -1.718922 -0.1203947 -2.797913 -1.158931 4.055029 -4.405458 -0.8762986 -0.1203947 -2.970248 -0.5908176 4.055029 -4.491766 9.42547e-7 -0.1203947 -3.028439 9.42547e-7 4.055029 -4.405458 0.8763005 -0.1203947 -2.970248 0.590819 4.055029 -4.149851 1.718924 -0.1203947 -2.797913 1.158933 4.055029 -3.734768 2.495489 -0.1203947 -2.518056 1.682508 4.055029 -3.176161 3.176155 -0.1203947 -2.141432 2.141427 4.055029 -2.495494 3.734764 -0.1203947 -1.682513 2.518052 4.055029 -1.718928 4.149847 -0.1203947 -1.158937 2.797909 4.055029 -0.8763039 4.405455 -0.1203947 -0.5908228 2.970244 4.055029 0.876294 4.405454 4.055029 -5.16614e-6 4.491762 4.055029 1.718918 4.149847 4.055029 2.495484 3.734764 4.055029 3.17615 3.176156 4.055029 3.734758 2.49549 4.055029 4.149841 1.718924 4.055029 4.405448 0.8763002 4.055029 4.491756 6.92641e-7 4.055029 4.405448 -0.8762983 4.055029 4.149841 -1.718922 4.055029 3.734758 -2.495488 4.055029 3.17615 -3.176154 4.055029 2.495484 -3.734762 4.055029 1.718918 -4.149846 4.055029 0.8762939 -4.405453 4.055029 -5.55882e-6 -4.49176 4.055029 -0.876304 -4.405453 4.055029 -1.718928 -4.149846 4.055029 -2.495494 -3.734762 4.055029 -3.17616 -3.176154 4.055029 -3.734767 -2.495489 4.055029 -4.149851 -1.718922 4.055029 -4.405458 -0.8762986 4.055029 -4.491766 9.42547e-7 4.055029 -4.405458 0.8763005 4.055029 -4.149851 1.718924 4.055029 -3.734768 2.495489 4.055029 -3.176161 3.176155 4.055029 -2.495494 3.734764 4.055029 -1.718928 4.149847 4.055029 -0.8763039 4.405455 4.055029 0.5908098 2.970244 -0.1203963 -8.62285e-6 3.028435 -0.1203963 1.158923 2.797909 -0.1203963 1.6825 2.518051 -0.1203963 2.141418 2.141427 -0.1203963 2.518042 1.682509 -0.1203963 2.7979 1.158932 -0.1203963 2.970235 0.5908191 -0.1203963 3.028426 7.36463e-7 -0.1203963 2.970235 -0.590817 -0.1203963 2.141418 -2.141426 -0.1203963 1.682499 -2.51805 -0.1203963 1.158923 -2.797907 -0.1203963 0.5908101 -2.970242 -0.1203963 -8.58827e-6 -3.028433 -0.1203963 -0.5908264 -2.970243 -0.1203963 -1.158939 -2.797907 -0.1203963 -1.682516 -2.518049 -0.1203963 -2.141434 -2.141426 -0.1203963 -2.518059 -1.682507 -0.1203963 -2.797916 -1.158931 -0.1203963 -2.970252 -0.5908176 -0.1203963 -3.028442 9.42547e-7 -0.1203963 -2.970252 0.590819 -0.1203963 -2.797916 1.158933 -0.1203963 -2.518059 1.682508 -0.1203963 -2.141435 2.141427 -0.1203963 -1.682516 2.518052 -0.1203963 -1.15894 2.797909 -0.1203963 -0.5908259 2.970244 -0.1203963 -5.16614e-6 4.491762 1.967317 0.876294 4.405454 1.967317 1.718918 4.149847 1.967317 2.495484 3.734764 1.967317 3.17615 3.176156 1.967317 3.734758 2.49549 1.967317 4.149841 1.718924 1.967317 4.405448 0.8763002 1.967317 4.491756 6.92641e-7 1.967317 4.405448 -0.8762983 1.967317 4.149841 -1.718922 2.797176 3.734758 -2.495488 2.797176 3.17615 -3.176154 1.967317 2.495484 -3.734762 1.967317 1.718918 -4.149846 1.967317 0.8762939 -4.405453 1.967317 -5.55882e-6 -4.49176 1.967317 -0.876304 -4.405453 1.967317 -1.718928 -4.149846 1.967317 -2.495494 -3.734762 1.967317 -3.17616 -3.176154 1.967317 -3.734767 -2.495489 1.967317 -4.149851 -1.718922 1.967317 -4.405458 -0.8762986 1.967317 -4.491766 9.42547e-7 1.967317 -4.405458 0.8763005 1.967317 -4.149851 1.718924 1.967317 -3.734768 2.495489 1.967317 -3.176161 3.176155 1.967317 -2.495494 3.734764 1.967317 -1.718928 4.149847 1.967317 -0.8763039 4.405455 1.967317 -2.97025 0.590819 1.967316 -2.797914 1.158933 1.967316 2.14142 -2.141426 1.967316 1.682501 -2.51805 1.967316 -2.518057 1.682508 1.967316 1.158925 -2.797907 1.967316 -7.06704e-6 3.028435 1.967316 0.5908113 2.970244 1.967316 -2.141433 2.141427 1.967316 0.5908117 -2.970242 1.967316 1.158925 2.797909 1.967316 -1.682515 2.518052 1.967316 -7.03246e-6 -3.028433 1.967316 1.682501 2.518051 1.967316 -1.158938 2.797909 1.967316 -0.5908249 -2.970243 1.967316 2.141419 2.141427 1.967316 -0.5908243 2.970244 1.967316 -1.158938 -2.797907 1.967316 2.518044 1.682509 1.967316 -1.682515 -2.518049 1.967316 2.797902 1.158932 1.967316 -2.141432 -2.141426 1.967316 2.970237 0.5908191 1.967316 -2.518057 -1.682507 1.967316 3.028428 7.36463e-7 1.967316 -2.797914 -1.158931 1.967316 2.970237 -0.590817 1.967316 -2.97025 -0.5908176 1.967316 2.797902 -1.15893 2.540525 -3.02844 9.42547e-7 1.967316 2.518044 -1.682507 2.540525</float_array>
          <technique_common>
            <accessor source="#Cylinder_011-mesh-positions-array" count="188" stride="3">
              <param name="X" type="float"/>
              <param name="Y" type="float"/>
              <param name="Z" type="float"/>
            </accessor>
          </technique_common>
        </source>
        <source id="Cylinder_011-mesh-normals">
          <float_array id="Cylinder_011-mesh-normals-array" count="951">0.09801715 0.9951847 0 0.2902848 0.9569403 0 0.4713968 0.8819213 0 0.6343935 0.7730103 0 0.7730108 0.6343929 0 0.8819213 0.4713967 0 0.95694 0.2902858 0 0.9951847 0.09801769 0 0.9951848 -0.09801673 0 0.9569405 -0.2902845 0 0.8819212 -0.4713969 0 0.7730111 -0.6343924 0 0.6343929 -0.7730108 0 0.4713969 -0.8819212 0 0.2902846 -0.9569404 0 0.09801661 -0.9951848 0 -0.09801673 -0.9951848 0 -0.2902846 -0.9569404 0 -0.4713971 -0.8819212 0 -0.6343932 -0.7730106 0 -0.7730108 -0.6343929 0 -0.8819211 -0.4713972 0 -0.9569404 -0.2902847 0 -0.9951848 -0.09801667 0 -0.9951847 0.09801769 0 -0.9569404 0.2902848 0 -0.8819216 0.4713961 0 -0.7730109 0.634393 0 -0.6343932 0.7730106 0 -0.4713965 0.8819215 0 0.9569404 -0.2902848 -7.64649e-7 -0.2902852 0.9569403 0 -0.09801673 0.9951848 0 -2.32411e-7 0 1 0 0 1 3.71858e-7 0 1 5.51536e-7 0 1 5.51537e-7 0 1 2.75769e-7 0 1 -3.71857e-7 0 1 -3.71857e-7 0 1 -3.71857e-7 0 1 -3.71857e-7 0 1 1.10308e-6 0 1 -1.85929e-7 0 1 -1.85928e-7 0 1 -5.51537e-7 0 1 -3.71857e-7 0 1 -2.75768e-7 0 1 5.51538e-7 0 1 3.71857e-7 0 1 -5.57786e-7 0 1 1.85929e-7 0 1 3.25375e-7 -1.09667e-6 -1 -0.6343929 0.7730108 3.84724e-7 0.8819214 -0.4713966 -6.8387e-7 -0.4713963 0.8819214 3.84724e-7 -0.09801763 -0.9951847 0 0.7730109 -0.6343929 -5.18824e-7 -0.2902845 0.9569404 1.92362e-7 -0.2902844 -0.9569405 1.20647e-7 0.6343933 -0.7730105 -5.26047e-7 -0.09801673 0.9951848 1.92362e-7 -0.4713968 -0.8819212 4.35764e-7 0.4713962 -0.8819215 -2.64077e-7 0.0980165 0.9951848 0 -0.6343931 -0.7730107 4.42986e-7 0.2902849 -0.9569403 -3.10314e-7 0.2902849 0.9569404 -3.84724e-7 -0.7730111 -0.6343926 5.66483e-7 0.09801697 -0.9951848 0 0.4713975 0.8819209 -3.84723e-7 -0.8819214 -0.4713966 6.78066e-7 0.6343927 0.773011 -3.84725e-7 -0.9569404 -0.2902844 6.55988e-7 0.7730103 0.6343936 -5.77086e-7 -0.9951848 -0.09801685 7.93491e-7 0.8819214 0.4713966 -7.21357e-7 -0.9951847 0.09801769 6.81525e-7 0.9569402 0.290285 -6.49222e-7 0.9951847 0.09801757 -7.93493e-7 0.9951847 -0.09801763 -6.82284e-7 5.34544e-7 -1.0107e-6 -1 7.20472e-7 -8.85886e-7 -1 -0.1950902 -0.9807853 0 -0.1358466 -0.6829504 -0.7177218 1.13058e-6 0 -1 1.12031e-6 0 -1 1.10307e-6 3.32672e-7 -1 9.99658e-7 5.4023e-7 -1 8.96247e-7 7.27028e-7 -1 7.32509e-7 8.85886e-7 -1 5.42919e-7 1.0107e-6 -1 3.49019e-7 1.09667e-6 -1 0 1.1405e-6 -1 0 1.1405e-6 -1 -3.4471e-7 1.09667e-6 -1 -5.42919e-7 1.0107e-6 -1 -7.23893e-7 8.85888e-7 -1 -8.79014e-7 7.2703e-7 -1 -1.0169e-6 5.40231e-7 -1 -1.08584e-6 3.32675e-7 -1 -1.15478e-6 0 -1 -1.13881e-6 0 -1 -1.10395e-6 -3.32674e-7 -1 -1.02261e-6 -5.40233e-7 -1 -8.94783e-7 -7.2703e-7 -1 -7.43716e-7 -8.85888e-7 -1 -5.34545e-7 -1.0107e-6 -1 -3.25375e-7 -1.09668e-6 -1 0 -1.1405e-6 -1 0 -1.1405e-6 -1 -0.09801673 0.9951848 0 -0.6343932 0.7730106 0 -0.8819216 0.4713961 0 -0.9951847 0.09801769 0 -0.9951848 -0.09801667 0 -0.4713971 -0.8819211 0 -0.2902846 -0.9569404 0 -0.09801673 -0.9951848 0 0.09801661 -0.9951848 0 0.2902846 -0.9569405 0 0.6343929 -0.7730108 0 0.1530678 -0.08181685 -0.984823 0.4811401 0.4907588 -0.7264022 0.7071062 0.7071075 0 0.9951848 -0.09801673 0 0.9951847 0.09801769 0 0.95694 0.2902858 0 0.6343936 0.7730103 0 0.2902848 0.9569404 0 0.09801721 0.9951847 0 -0.7730117 0.6343919 4.80905e-7 0.9951847 -0.09801727 -7.96499e-7 -0.8819214 0.4713966 8.61792e-7 0.9951848 0.09801679 -6.82283e-7 -0.9569406 0.2902839 9.03467e-7 0.9569404 0.290285 -7.69448e-7 -0.9951848 0.09801697 7.97618e-7 0.8819214 0.4713966 -5.77086e-7 -0.9951847 -0.09801763 6.82282e-7 0.7730102 0.6343936 -5.77086e-7 -0.9569402 -0.2902852 7.65319e-7 0.634393 0.7730109 -3.84725e-7 -0.8819214 -0.4713966 5.9494e-7 0.4713976 0.8819209 -3.84724e-7 0.09801697 -0.9951848 0 -0.7730101 -0.6343937 5.40517e-7 0.2902849 0.9569404 -3.84724e-7 0.290285 -0.9569404 -3.10314e-7 -0.6343927 -0.7730109 5.80937e-7 0.4713963 -0.8819215 -2.64077e-7 -0.4713968 -0.8819212 4.35764e-7 -0.09801679 0.9951848 1.92362e-7 0.634393 -0.7730107 -5.26047e-7 -0.2902841 -0.9569406 1.20647e-7 -0.2902846 0.9569405 1.92362e-7 0.7730107 -0.6343931 -5.73235e-7 -0.09801763 -0.9951848 0 -0.4713969 0.8819212 3.84724e-7 0.8819217 -0.4713962 -6.13655e-7 -0.634393 0.7730108 5.77086e-7 0.9569399 -0.2902863 -6.55414e-7 0.09801721 0.9951848 0 0.2902846 0.9569404 0 0.4713965 0.8819215 0 0.634393 0.7730107 0 0.7730106 0.6343932 0 0.8819211 0.4713971 0 0.9569407 0.2902839 0 0.9951848 0.09801667 0 0.9951847 -0.09801775 0 0.9569404 -0.2902848 0 0.7730104 -0.6343935 0 0.6343931 -0.7730106 0 0.4713971 -0.8819211 0 0.2902847 -0.9569404 0 0.09801661 -0.9951848 0 -0.2902847 -0.9569404 0 -0.6343929 -0.7730108 0 -0.7730106 -0.6343932 0 -0.9569404 -0.2902848 0 -0.9951847 -0.09801769 0 -0.9951848 0.09801667 0 -0.9569401 0.2902858 0 -0.8819211 0.471397 0 -0.773011 0.6343926 0 -0.6343934 0.7730104 0 0.9569401 -0.2902855 -6.49221e-7 -0.2902852 0.9569403 0 -0.09801673 0.9951848 0 5.57786e-7 0 1 -3.71857e-7 0 1 -5.51537e-7 0 1 3.71857e-7 0 1 -2.75769e-7 0 1 5.51537e-7 0 1 3.71857e-7 0 1 -1.85929e-7 0 1 1.85929e-7 0 1 3.71858e-7 0 1 5.51537e-7 0 1 2.75769e-7 0 1 -3.71857e-7 0 1 3.49019e-7 -1.09667e-6 -1 -0.6343929 0.7730109 5.80941e-7 0.8819217 -0.471396 -7.21358e-7 -0.4713969 0.8819212 2.43405e-7 -0.09801763 -0.9951847 1.92362e-7 0.7730109 -0.6343929 -6.73267e-7 -0.2902846 0.9569404 3.13013e-7 -0.2902843 -0.9569405 3.84724e-7 0.6343935 -0.7730103 -3.84724e-7 -0.09801673 0.9951848 0 -0.4713967 -0.8819213 1.92362e-7 0.4713962 -0.8819215 -3.84724e-7 0.0980165 0.9951848 0 -0.634393 -0.7730107 5.77086e-7 0.2902849 -0.9569403 -1.92362e-7 0.2902849 0.9569404 0 -0.7730106 -0.6343931 4.80905e-7 0.09801703 -0.9951848 0 0.4713975 0.8819209 -2.64073e-7 -0.8819211 -0.4713972 7.21357e-7 0.6343929 0.7730108 -5.26042e-7 -0.9569401 -0.2902858 7.69448e-7 0.7730106 0.6343931 -6.69412e-7 -0.9951847 -0.09801763 6.82284e-7 0.881921 0.4713973 -6.83866e-7 -0.9951848 0.09801697 7.93494e-7 0.9569402 0.2902851 -7.64645e-7 0.9951848 0.09801679 -6.81526e-7 0.9951847 -0.09801763 -7.93491e-7 5.42919e-7 -1.0107e-6 -1 7.23891e-7 -8.85886e-7 -1 -0.19509 -0.9807854 1.56083e-7 -0.1407434 -0.6727046 -0.726402 1.13754e-6 0 -1 1.14704e-6 0 -1 1.09814e-6 3.32672e-7 -1 1.02261e-6 5.4023e-7 -1 8.8316e-7 7.27027e-7 -1 7.20472e-7 8.85886e-7 -1 5.34544e-7 1.0107e-6 -1 3.25375e-7 1.09667e-6 -1 0 1.1405e-6 -1 0 1.1405e-6 -1 -3.25375e-7 1.09668e-6 -1 -5.34545e-7 1.0107e-6 -1 -7.43715e-7 8.85888e-7 -1 -8.83163e-7 7.2703e-7 -1 -1.01099e-6 5.40231e-7 -1 -1.10395e-6 3.32674e-7 -1 -1.133e-6 0 -1 -1.13755e-6 0 -1 -1.10308e-6 -3.32674e-7 -1 -9.99663e-7 -5.40231e-7 -1 -8.79014e-7 -7.27028e-7 -1 -7.23895e-7 -8.85889e-7 -1 -5.34301e-7 -1.0107e-6 -1 -3.44711e-7 -1.09667e-6 -1 -1.20649e-7 -1.1405e-6 -1 0 -1.1405e-6 -1 -0.09801673 0.9951848 0 -0.2902851 0.9569403 0 -0.4713965 0.8819215 0 -0.6343935 0.7730103 0 -0.7730111 0.6343926 0 -0.8819212 0.471397 0 -0.9569401 0.2902857 0 -0.9951848 0.09801667 0 -0.9951847 -0.09801769 0 -0.8819211 -0.4713972 0 -0.09801673 -0.9951848 0 0.09801661 -0.9951848 0 0.6343932 -0.7730107 0 0.153069 -0.08181685 -0.9848228 0.4923799 0.4923797 -0.7177218 0.7071058 0.7071078 -6.25899e-7 0.9951848 0.09801667 0 0.9569406 0.2902839 0 0.8819211 0.4713972 0 0.6343931 0.7730107 0 0.4713965 0.8819215 0 0.09801721 0.9951848 0 -0.7730111 0.6343926 7.45098e-7 0.9951847 -0.09801763 -6.82282e-7 -0.8819209 0.4713973 8.20118e-7 0.9951847 0.09801757 -7.97618e-7 -0.9569399 0.2902861 7.69448e-7 0.9569402 0.2902851 -6.5541e-7 -0.9951847 0.09801769 6.82284e-7 0.8819213 0.4713967 -6.13651e-7 -0.9951848 -0.09801685 7.96499e-7 0.7730106 0.6343933 -5.18821e-7 -0.9569402 -0.2902851 6.49222e-7 0.6343925 0.7730112 -5.26042e-7 -0.8819214 -0.4713966 6.25176e-7 0.4713975 0.8819208 -2.64073e-7 0.09801703 -0.9951848 0 -0.7730111 -0.6343926 6.73267e-7 0.2902849 0.9569404 0 0.2902849 -0.9569403 -1.92362e-7 -0.6343935 -0.7730104 3.84724e-7 0.0980165 0.9951848 0 0.4713965 -0.8819215 -3.84724e-7 -0.4713969 -0.8819212 1.92362e-7 -0.09801673 0.9951848 0 0.6343937 -0.7730103 -3.84724e-7 -0.2902844 -0.9569404 3.84724e-7 -0.2902843 0.9569405 3.13012e-7 0.7730109 -0.6343929 -5.77086e-7 -0.09801763 -0.9951847 -1.92362e-7 -0.4713965 0.8819215 2.43405e-7 0.8819217 -0.4713959 -5.77087e-7 -0.6343929 0.7730108 4.42989e-7 0.9569404 -0.2902845 -7.69447e-7</float_array>
          <technique_common>
            <accessor source="#Cylinder_011-mesh-normals-array" count="317" stride="3">
              <param name="X" type="float"/>
              <param name="Y" type="float"/>
              <param name="Z" type="float"/>
            </accessor>
          </technique_common>
        </source>
        <source id="Cylinder_011-mesh-map-0">
          <float_array id="Cylinder_011-mesh-map-0-array" count="2256">0.5723934 0.5991545 0.6677923 0.5598855 0.6677923 0.5991545 0.5723934 0.5598855 0.6677923 0.51966 0.6677923 0.5598855 0.5723934 0.51966 0.6677923 0.4800236 0.6677923 0.51966 0.5723934 0.4800236 0.6677923 0.4424992 0.6677923 0.4800236 0.5723934 0.4424992 0.6677923 0.4085293 0.6677923 0.4424992 0.3815957 0.4085293 0.2861968 0.437969 0.2861968 0.4085293 0.3815957 0.437969 0.2861968 0.472194 0.2861968 0.437969 0.3815957 0.472194 0.2861968 0.5098889 0.2861968 0.472194 0.3815957 0.5098889 0.2861968 0.5496051 0.2861968 0.5098889 0.3815957 0.5496051 0.3241176 0.5898166 0.2861968 0.5496051 0.3815957 0.5898166 0.3241176 0.6289778 0.3241176 0.5898166 0.3241176 0.6289778 0.3815957 0.6655841 0.2861968 0.6655841 0.3815957 0.6655841 0.2861968 0.6982284 0.2861968 0.6655841 0 0.6988008 0.0953989 0.6676974 0.0953989 0.6988008 0 0.6676974 0.0953989 0.6322119 0.0953989 0.6676974 0 0.6322119 0.0953989 0.5937078 0.0953989 0.6322119 0 0.5937078 0.0953989 0.5536652 0.0953989 0.5937078 0 0.5536652 0.0953989 0.5136223 0.0953989 0.5536652 0 0.5136223 0.0953989 0.4751182 0.0953989 0.5136223 0 0.4751182 0.0953989 0.4396327 0.0953989 0.4751182 0 0.4396327 0.0953989 0.4085293 0.0953989 0.4396327 0.3815956 0.6982284 0.4769945 0.6687887 0.4769945 0.6982284 0.3815956 0.6687887 0.4769945 0.6345637 0.4769945 0.6687887 0.3815956 0.6345637 0.4769945 0.5968688 0.4769945 0.6345637 0.3815956 0.5968688 0.4769945 0.5571525 0.4769945 0.5968688 0.3815956 0.5571525 0.4769945 0.5169411 0.4769945 0.5571525 0.3815956 0.5169411 0.4769945 0.4777799 0.4769945 0.5169411 0.3815956 0.4777799 0.4769945 0.4411736 0.4769945 0.4777799 0.3815956 0.4411736 0.4769945 0.4085293 0.4769945 0.4411736 0.5723934 0.6966574 0.6677923 0.66888 0.6677923 0.6966574 0.2861967 0.7933445 0.3815956 0.8204558 0.2861967 0.8204558 0.5723934 0.66888 0.6677923 0.6359573 0.6677923 0.66888 0.5723934 0.6359573 0.6677923 0.5991545 0.6677923 0.6359573 0.1390299 0.3263097 0.1446828 0.4006796 0.1075091 0.3852816 0.1907005 0.3419838 0.1446828 0.4006796 0.1640934 0.3366914 0.2178287 0.3419838 0.1841464 0.4085293 0.1907005 0.3419838 0.2444357 0.3366914 0.2243828 0.4085293 0.2178287 0.3419838 0.2444357 0.3366914 0.3010202 0.3852816 0.2638464 0.4006796 0.2920556 0.3112383 0.3010202 0.3852816 0.2694993 0.3263097 0.3112383 0.2920556 0.3344755 0.3629274 0.2920556 0.3112383 0.3263097 0.2694993 0.3629274 0.334476 0.3112383 0.2920556 0.3263097 0.2694993 0.4006796 0.2638464 0.3852816 0.3010202 0.3366914 0.2444357 0.4085293 0.2243828 0.4006796 0.2638464 0.3419838 0.2178287 0.4085293 0.1841464 0.4085293 0.2243828 0.3366914 0.1640934 0.4085293 0.1841464 0.3419838 0.1907005 0.3366914 0.1640934 0.3852816 0.1075091 0.4006796 0.1446828 0.3112383 0.1164736 0.3852816 0.1075091 0.3263097 0.1390299 0.2920556 0.09729099 0.3629274 0.07405376 0.3112383 0.1164736 0.2920556 0.09729099 0.3010202 0.02324771 0.334476 0.04560184 0.2444357 0.0718379 0.3010202 0.02324771 0.2694993 0.0822196 0.2178287 0.06654548 0.2638464 0.007849693 0.2444357 0.0718379 0.2178287 0.06654548 0.1841464 0 0.2243828 0 0.1640934 0.0718379 0.1841464 0 0.1907005 0.06654548 0.1640934 0.0718379 0.1075091 0.02324771 0.1446828 0.007849693 0.1164736 0.09729099 0.1075091 0.02324771 0.1390299 0.0822196 0.1164736 0.09729099 0.04560184 0.07405328 0.07405376 0.04560184 0.0822196 0.1390299 0.04560184 0.07405328 0.09729099 0.1164736 0.0718379 0.1640934 0.02324771 0.1075091 0.0822196 0.1390299 0.0718379 0.1640934 0 0.1841464 0.007849693 0.1446828 0.06654548 0.2178287 0 0.1841464 0.06654548 0.1907005 0.0718379 0.2444357 0 0.2243828 0.06654548 0.2178287 0.0718379 0.2444357 0.02324771 0.3010202 0.007849693 0.2638464 0.0822196 0.2694993 0.04560184 0.3344755 0.02324771 0.3010202 0.1164736 0.3112383 0.04560184 0.3344755 0.09729099 0.2920556 0.1164736 0.3112383 0.1075091 0.3852816 0.07405328 0.3629274 0.7429996 0.3629274 0.7197623 0.2920556 0.7714505 0.334476 0.8585904 0.4085293 0.7631914 0.4305388 0.7631914 0.4085293 0.2861967 0.8204558 0.3815956 0.8468592 0.2861967 0.8468592 0.9046011 0.01872801 1 2.38419e-7 1 0.01872825 0.6677923 0.767513 0.7631912 0.7945109 0.6677923 0.7945109 0.2861967 0.8468592 0.3815956 0.8715398 0.2861967 0.8715398 0.9046011 0.04092526 1 0.01872825 1 0.04092526 0.6677923 0.7945109 0.7631912 0.8215087 0.6677923 0.8215087 0.2861967 0.8715398 0.3815956 0.8935492 0.2861967 0.8935492 0.9046011 0.06573843 1 0.04092526 1 0.06573867 0.6677923 0.8215087 0.7631912 0.8474687 0.6677923 0.8474687 0.6677926 0.6966574 0.7631915 0.717628 0.6677926 0.717628 0.9046011 0.09221434 1 0.06573867 1 0.09221434 0.6677923 0.8474687 0.7631912 0.8713938 0.6677923 0.8713938 0.6677926 0.717628 0.7631915 0.7415531 0.6677926 0.7415531 0.9046011 0.1193351 1 0.09221434 1 0.1193351 0.6677923 0.8713938 0.7631912 0.8923643 0.6677923 0.8923643 0.6677926 0.7415531 0.7631915 0.767513 0.6677923 0.767513 0.9046011 0.146059 1 0.1193351 1 0.146059 0.8585904 0.6038501 0.7631914 0.5840013 0.8585904 0.5840013 0.9046011 0.1713585 1 0.146059 1 0.1713585 0.8585904 0.5840013 0.7631914 0.5609262 0.8585904 0.5609262 0.9046011 0.1942617 1 0.1713585 1 0.1942617 0.8585904 0.5609262 0.7631914 0.5355115 0.8585904 0.5355116 0.2861967 0.7180772 0.3815956 0.6982284 0.3815956 0.7180772 0.8585904 0.5355116 0.7631915 0.508734 0.8585904 0.5087341 0.2861967 0.7411523 0.3815956 0.7180772 0.3815956 0.7411523 0.2861967 0.766567 0.3815956 0.7411523 0.3815956 0.766567 0.2861967 0.7933445 0.3815956 0.766567 0.3815956 0.7933445 0.7714505 0.334476 0.7348337 0.2694993 0.7938047 0.3010202 0.7938047 0.3010202 0.7452149 0.2444357 0.8092022 0.2638464 0.4334698 0.7936273 0.5003374 0.6982285 0.5003374 0.7936274 0.5084062 0.8173921 0.5669494 0.7713745 0.5723934 0.7979815 0.8092022 0.1446828 0.7348337 0.1390299 0.7938047 0.1075091 0.7714505 0.07405328 0.7348337 0.1390299 0.7197623 0.1164736 0.7429996 0.04560184 0.7197623 0.1164736 0.7005797 0.09729099 0.7095447 0.02324771 0.7005797 0.09729099 0.6780238 0.0822196 0.6723714 0.007849693 0.6780238 0.0822196 0.6529608 0.0718379 0.6329084 0 0.6529608 0.0718379 0.6263542 0.06654548 0.5926724 0 0.6263542 0.06654548 0.5992265 0.06654548 0.5532098 0.007849693 0.5992265 0.06654548 0.5726199 0.0718379 0.5160365 0.02324771 0.5726199 0.0718379 0.5475569 0.0822196 0.4825816 0.04560184 0.5475569 0.0822196 0.5250011 0.09729099 0.4541307 0.07405376 0.5250011 0.09729099 0.5058189 0.1164736 0.4317765 0.1075091 0.5058189 0.1164736 0.490747 0.1390299 0.416379 0.1446828 0.490747 0.1390299 0.4803658 0.1640934 0.4085293 0.1841464 0.4803658 0.1640934 0.4750733 0.1907005 0.4085293 0.2243828 0.4750733 0.1907005 0.4750733 0.2178287 0.416379 0.2638464 0.4750733 0.2178287 0.4803658 0.2444357 0.4317765 0.3010202 0.4803658 0.2444357 0.490747 0.2694993 0.4317765 0.3010202 0.5058189 0.2920556 0.4541307 0.334476 0.4541307 0.334476 0.5250011 0.3112383 0.4825816 0.3629274 0.4825816 0.3629274 0.5475569 0.3263097 0.5160365 0.3852816 0.5160365 0.3852816 0.5726199 0.3366914 0.5532098 0.4006796 0.5532098 0.4006796 0.5992265 0.3419838 0.5926724 0.4085293 0.5926724 0.4085293 0.6263542 0.3419838 0.6329084 0.4085293 0.6329084 0.4085293 0.6529608 0.3366914 0.6723714 0.4006796 0.6723714 0.4006796 0.6780238 0.3263097 0.7095447 0.3852816 0.7095447 0.3852816 0.7005797 0.3112383 0.7429996 0.3629274 0.6677923 0.6359573 0.7631912 0.5991545 0.7631912 0.6359573 0.6677923 0.66888 0.7631912 0.6359573 0.7631912 0.66888 0.6677923 0.6966574 0.7631912 0.66888 0.7631912 0.6966574 0.4769945 0.4411736 0.5723934 0.4085293 0.5723934 0.4411736 0.4769945 0.4777799 0.5723934 0.4411736 0.5723934 0.4777799 0.4769945 0.5169411 0.5723934 0.4777799 0.5723934 0.5169411 0.4769945 0.5571525 0.5723934 0.5169411 0.5723934 0.5571525 0.4769945 0.5968688 0.5723934 0.5571525 0.5723934 0.5968688 0.4769945 0.6345637 0.5723934 0.5968688 0.5723934 0.6345637 0.4769945 0.6687887 0.5723934 0.6345637 0.5723934 0.6687887 0.4769945 0.6982284 0.5723934 0.6687887 0.5723934 0.6982284 0.0953989 0.4396327 0.1907978 0.4085293 0.1907978 0.4396327 0.0953989 0.4751182 0.1907978 0.4396327 0.1907978 0.4751182 0.0953989 0.5136223 0.1907978 0.4751182 0.1907978 0.5136223 0.0953989 0.5536652 0.1907978 0.5136223 0.1907978 0.5536652 0.0953989 0.5937078 0.1907978 0.5536652 0.1907978 0.5937078 0.0953989 0.6322119 0.1907978 0.5937078 0.1907978 0.6322119 0.0953989 0.6676974 0.1907978 0.6322119 0.1907978 0.6676974 0.0953989 0.6988008 0.1907978 0.6676974 0.1907978 0.6988008 0.2861968 0.6655841 0.1907978 0.6982284 0.1907978 0.6655841 0.5669494 0.7713745 0.5003371 0.737692 0.5669494 0.7442461 0.5084062 0.6982285 0.5669494 0.7442461 0.5003371 0.737692 0.05969405 0.7941997 0 0.6988008 0.05969405 0.6988008 0.2861968 0.5098889 0.1907979 0.5496051 0.1907979 0.5098889 0.2861968 0.472194 0.1907979 0.5098889 0.1907978 0.472194 0.2861968 0.437969 0.1907978 0.472194 0.1907978 0.437969 0.2861968 0.4085293 0.1907978 0.437969 0.1907978 0.4085293 0.6677923 0.4424992 0.7631912 0.4085293 0.7631912 0.4424992 0.6677923 0.4800236 0.7631912 0.4424992 0.7631912 0.4800236 0.6677923 0.51966 0.7631912 0.4800236 0.7631912 0.51966 0.6677923 0.5598855 0.7631912 0.51966 0.7631912 0.5598855 0.6677923 0.5991545 0.7631912 0.5598855 0.7631912 0.5991545 0.9539893 0.4305388 0.8847834 0.4552194 0.8585904 0.4305388 0.1907978 0.7933445 0.2861967 0.766567 0.2861967 0.7933445 0.9539893 0.4552194 0.8847834 0.4816227 0.8847834 0.4552194 0.1907978 0.766567 0.2861967 0.7411523 0.2861967 0.766567 0.9539893 0.5087341 0.8847834 0.4816227 0.9539893 0.4816227 0.1907978 0.7411523 0.2861967 0.7180772 0.2861967 0.7411523 0.9539893 0.5355116 0.8585904 0.5087341 0.9539893 0.5087341 0.1907978 0.7180772 0.2861967 0.6982284 0.2861967 0.7180772 0.9539893 0.5609262 0.8585904 0.5355116 0.9539893 0.5355116 0.8092022 0.1942615 0.9046011 0.1713585 0.9046011 0.1942617 0.9539893 0.5840013 0.8585904 0.5609262 0.9539893 0.5609262 0.8092022 0.1713583 0.9046011 0.146059 0.9046011 0.1713585 0.9539893 0.6038501 0.8585904 0.5840013 0.9539893 0.5840013 0.8092022 0.1460587 0.9046011 0.1193351 0.9046011 0.146059 0.5723934 0.7415531 0.6677923 0.767513 0.5723934 0.767513 0.5723934 0.8713938 0.6677923 0.8923643 0.5723934 0.8923643 0.8092022 0.1193351 0.9046011 0.09221434 0.9046011 0.1193351 0.5723934 0.717628 0.6677926 0.7415531 0.5723934 0.7415531 0.5723934 0.8474687 0.6677923 0.8713938 0.5723934 0.8713938 0.8092022 0.0922141 0.9046011 0.06573843 0.9046011 0.09221434 0.5723934 0.6966574 0.6677926 0.717628 0.5723934 0.717628 0.5723934 0.8215087 0.6677923 0.8474687 0.5723934 0.8474687 0.8092022 0.06573843 0.9046011 0.04092526 0.9046011 0.06573843 0.1907978 0.8715398 0.2861967 0.8935492 0.1907978 0.8935492 0.5723934 0.7945109 0.6677923 0.8215087 0.5723934 0.8215087 0.8092022 0.04092526 0.9046011 0.01872801 0.9046011 0.04092526 0.1907978 0.8468592 0.2861967 0.8715398 0.1907978 0.8715398 0.5723934 0.767513 0.6677923 0.7945109 0.5723934 0.7945109 0.8092022 0.01872801 0.9046011 0 0.9046011 0.01872801 0.1907978 0.820456 0.2861967 0.8468592 0.1907978 0.8468592 0.9539893 0.4085293 0.8585904 0.4305388 0.8585904 0.4085293 0.1907978 0.7933445 0.2861967 0.8204558 0.1907978 0.820456 0.5723934 0.5991545 0.5723934 0.5598855 0.6677923 0.5598855 0.5723934 0.5598855 0.5723934 0.51966 0.6677923 0.51966 0.5723934 0.51966 0.5723934 0.4800236 0.6677923 0.4800236 0.5723934 0.4800236 0.5723934 0.4424992 0.6677923 0.4424992 0.5723934 0.4424992 0.5723934 0.4085293 0.6677923 0.4085293 0.3815957 0.4085293 0.3815957 0.437969 0.2861968 0.437969 0.3815957 0.437969 0.3815957 0.472194 0.2861968 0.472194 0.3815957 0.472194 0.3815957 0.5098889 0.2861968 0.5098889 0.3815957 0.5098889 0.3815957 0.5496051 0.2861968 0.5496051 0.3815957 0.5496051 0.3815957 0.5898166 0.3241176 0.5898166 0.3815957 0.5898166 0.3815957 0.6289778 0.3241176 0.6289778 0.3241176 0.6289778 0.3815957 0.6289778 0.3815957 0.6655841 0.3815957 0.6655841 0.3815957 0.6982284 0.2861968 0.6982284 0 0.6988008 0 0.6676974 0.0953989 0.6676974 0 0.6676974 0 0.6322119 0.0953989 0.6322119 0 0.6322119 0 0.5937078 0.0953989 0.5937078 0 0.5937078 0 0.5536652 0.0953989 0.5536652 0 0.5536652 0 0.5136223 0.0953989 0.5136223 0 0.5136223 0 0.4751182 0.0953989 0.4751182 0 0.4751182 0 0.4396327 0.0953989 0.4396327 0 0.4396327 0 0.4085293 0.0953989 0.4085293 0.3815956 0.6982284 0.3815956 0.6687887 0.4769945 0.6687887 0.3815956 0.6687887 0.3815956 0.6345637 0.4769945 0.6345637 0.3815956 0.6345637 0.3815956 0.5968688 0.4769945 0.5968688 0.3815956 0.5968688 0.3815956 0.5571525 0.4769945 0.5571525 0.3815956 0.5571525 0.3815956 0.5169411 0.4769945 0.5169411 0.3815956 0.5169411 0.3815956 0.4777799 0.4769945 0.4777799 0.3815956 0.4777799 0.3815956 0.4411736 0.4769945 0.4411736 0.3815956 0.4411736 0.3815956 0.4085293 0.4769945 0.4085293 0.5723934 0.6966574 0.5723934 0.66888 0.6677923 0.66888 0.2861967 0.7933445 0.3815956 0.7933445 0.3815956 0.8204558 0.5723934 0.66888 0.5723934 0.6359573 0.6677923 0.6359573 0.5723934 0.6359573 0.5723934 0.5991545 0.6677923 0.5991545 0.1390299 0.3263097 0.1640934 0.3366914 0.1446828 0.4006796 0.1907005 0.3419838 0.1841464 0.4085293 0.1446828 0.4006796 0.2178287 0.3419838 0.2243828 0.4085293 0.1841464 0.4085293 0.2444357 0.3366914 0.2638464 0.4006796 0.2243828 0.4085293 0.2444357 0.3366914 0.2694993 0.3263097 0.3010202 0.3852816 0.2920556 0.3112383 0.3344755 0.3629274 0.3010202 0.3852816 0.3112383 0.2920556 0.3629274 0.334476 0.3344755 0.3629274 0.3263097 0.2694993 0.3852816 0.3010202 0.3629274 0.334476 0.3263097 0.2694993 0.3366914 0.2444357 0.4006796 0.2638464 0.3366914 0.2444357 0.3419838 0.2178287 0.4085293 0.2243828 0.3419838 0.2178287 0.3419838 0.1907005 0.4085293 0.1841464 0.3366914 0.1640934 0.4006796 0.1446828 0.4085293 0.1841464 0.3366914 0.1640934 0.3263097 0.1390299 0.3852816 0.1075091 0.3112383 0.1164736 0.3629274 0.07405376 0.3852816 0.1075091 0.2920556 0.09729099 0.334476 0.04560184 0.3629274 0.07405376 0.2920556 0.09729099 0.2694993 0.0822196 0.3010202 0.02324771 0.2444357 0.0718379 0.2638464 0.007849693 0.3010202 0.02324771 0.2178287 0.06654548 0.2243828 0 0.2638464 0.007849693 0.2178287 0.06654548 0.1907005 0.06654548 0.1841464 0 0.1640934 0.0718379 0.1446828 0.007849693 0.1841464 0 0.1640934 0.0718379 0.1390299 0.0822196 0.1075091 0.02324771 0.1164736 0.09729099 0.07405376 0.04560184 0.1075091 0.02324771 0.1164736 0.09729099 0.09729099 0.1164736 0.04560184 0.07405328 0.0822196 0.1390299 0.02324771 0.1075091 0.04560184 0.07405328 0.0718379 0.1640934 0.007849693 0.1446828 0.02324771 0.1075091 0.0718379 0.1640934 0.06654548 0.1907005 0 0.1841464 0.06654548 0.2178287 0 0.2243828 0 0.1841464 0.0718379 0.2444357 0.007849693 0.2638464 0 0.2243828 0.0718379 0.2444357 0.0822196 0.2694993 0.02324771 0.3010202 0.0822196 0.2694993 0.09729099 0.2920556 0.04560184 0.3344755 0.1164736 0.3112383 0.07405328 0.3629274 0.04560184 0.3344755 0.1164736 0.3112383 0.1390299 0.3263097 0.1075091 0.3852816 0.7429996 0.3629274 0.7005797 0.3112383 0.7197623 0.2920556 0.8585904 0.4085293 0.8585904 0.4305388 0.7631914 0.4305388 0.2861967 0.8204558 0.3815956 0.8204558 0.3815956 0.8468592 0.9046011 0.01872801 0.9046011 0 1 2.38419e-7 0.6677923 0.767513 0.7631915 0.767513 0.7631912 0.7945109 0.2861967 0.8468592 0.3815956 0.8468592 0.3815956 0.8715398 0.9046011 0.04092526 0.9046011 0.01872801 1 0.01872825 0.6677923 0.7945109 0.7631912 0.7945109 0.7631912 0.8215087 0.2861967 0.8715398 0.3815956 0.8715398 0.3815956 0.8935492 0.9046011 0.06573843 0.9046011 0.04092526 1 0.04092526 0.6677923 0.8215087 0.7631912 0.8215087 0.7631912 0.8474687 0.6677926 0.6966574 0.7631915 0.6966574 0.7631915 0.717628 0.9046011 0.09221434 0.9046011 0.06573843 1 0.06573867 0.6677923 0.8474687 0.7631912 0.8474687 0.7631912 0.8713938 0.6677926 0.717628 0.7631915 0.717628 0.7631915 0.7415531 0.9046011 0.1193351 0.9046011 0.09221434 1 0.09221434 0.6677923 0.8713938 0.7631912 0.8713938 0.7631912 0.8923643 0.6677926 0.7415531 0.7631915 0.7415531 0.7631915 0.767513 0.9046011 0.146059 0.9046011 0.1193351 1 0.1193351 0.8585904 0.6038501 0.7631914 0.6038501 0.7631914 0.5840013 0.9046011 0.1713585 0.9046011 0.146059 1 0.146059 0.8585904 0.5840013 0.7631914 0.5840013 0.7631914 0.5609262 0.9046011 0.1942617 0.9046011 0.1713585 1 0.1713585 0.8585904 0.5609262 0.7631914 0.5609262 0.7631914 0.5355115 0.2861967 0.7180772 0.2861967 0.6982284 0.3815956 0.6982284 0.8585904 0.5355116 0.7631914 0.5355115 0.7631915 0.508734 0.2861967 0.7411523 0.2861967 0.7180772 0.3815956 0.7180772 0.2861967 0.766567 0.2861967 0.7411523 0.3815956 0.7411523 0.2861967 0.7933445 0.2861967 0.766567 0.3815956 0.766567 0.7714505 0.334476 0.7197623 0.2920556 0.7348337 0.2694993 0.7938047 0.3010202 0.7348337 0.2694993 0.7452149 0.2444357 0.4334698 0.7936273 0.4334698 0.6982284 0.5003374 0.6982285 0.5084062 0.8173921 0.5003371 0.7779286 0.5669494 0.7713745 0.8092022 0.1446828 0.7452149 0.1640934 0.7348337 0.1390299 0.7714505 0.07405328 0.7938047 0.1075091 0.7348337 0.1390299 0.7429996 0.04560184 0.7714505 0.07405328 0.7197623 0.1164736 0.7095447 0.02324771 0.7429996 0.04560184 0.7005797 0.09729099 0.6723714 0.007849693 0.7095447 0.02324771 0.6780238 0.0822196 0.6329084 0 0.6723714 0.007849693 0.6529608 0.0718379 0.5926724 0 0.6329084 0 0.6263542 0.06654548 0.5532098 0.007849693 0.5926724 0 0.5992265 0.06654548 0.5160365 0.02324771 0.5532098 0.007849693 0.5726199 0.0718379 0.4825816 0.04560184 0.5160365 0.02324771 0.5475569 0.0822196 0.4541307 0.07405376 0.4825816 0.04560184 0.5250011 0.09729099 0.4317765 0.1075091 0.4541307 0.07405376 0.5058189 0.1164736 0.416379 0.1446828 0.4317765 0.1075091 0.490747 0.1390299 0.4085293 0.1841464 0.416379 0.1446828 0.4803658 0.1640934 0.4085293 0.2243828 0.4085293 0.1841464 0.4750733 0.1907005 0.416379 0.2638464 0.4085293 0.2243828 0.4750733 0.2178287 0.4317765 0.3010202 0.416379 0.2638464 0.4803658 0.2444357 0.4317765 0.3010202 0.490747 0.2694993 0.5058189 0.2920556 0.4541307 0.334476 0.5058189 0.2920556 0.5250011 0.3112383 0.4825816 0.3629274 0.5250011 0.3112383 0.5475569 0.3263097 0.5160365 0.3852816 0.5475569 0.3263097 0.5726199 0.3366914 0.5532098 0.4006796 0.5726199 0.3366914 0.5992265 0.3419838 0.5926724 0.4085293 0.5992265 0.3419838 0.6263542 0.3419838 0.6329084 0.4085293 0.6263542 0.3419838 0.6529608 0.3366914 0.6723714 0.4006796 0.6529608 0.3366914 0.6780238 0.3263097 0.7095447 0.3852816 0.6780238 0.3263097 0.7005797 0.3112383 0.6677923 0.6359573 0.6677923 0.5991545 0.7631912 0.5991545 0.6677923 0.66888 0.6677923 0.6359573 0.7631912 0.6359573 0.6677923 0.6966574 0.6677923 0.66888 0.7631912 0.66888 0.4769945 0.4411736 0.4769945 0.4085293 0.5723934 0.4085293 0.4769945 0.4777799 0.4769945 0.4411736 0.5723934 0.4411736 0.4769945 0.5169411 0.4769945 0.4777799 0.5723934 0.4777799 0.4769945 0.5571525 0.4769945 0.5169411 0.5723934 0.5169411 0.4769945 0.5968688 0.4769945 0.5571525 0.5723934 0.5571525 0.4769945 0.6345637 0.4769945 0.5968688 0.5723934 0.5968688 0.4769945 0.6687887 0.4769945 0.6345637 0.5723934 0.6345637 0.4769945 0.6982284 0.4769945 0.6687887 0.5723934 0.6687887 0.0953989 0.4396327 0.0953989 0.4085293 0.1907978 0.4085293 0.0953989 0.4751182 0.0953989 0.4396327 0.1907978 0.4396327 0.0953989 0.5136223 0.0953989 0.4751182 0.1907978 0.4751182 0.0953989 0.5536652 0.0953989 0.5136223 0.1907978 0.5136223 0.0953989 0.5937078 0.0953989 0.5536652 0.1907978 0.5536652 0.0953989 0.6322119 0.0953989 0.5937078 0.1907978 0.5937078 0.0953989 0.6676974 0.0953989 0.6322119 0.1907978 0.6322119 0.0953989 0.6988008 0.0953989 0.6676974 0.1907978 0.6676974 0.2861968 0.6655841 0.2861968 0.6982284 0.1907978 0.6982284 0.5669494 0.7713745 0.5003371 0.7779286 0.5003371 0.737692 0.5084062 0.6982285 0.5723934 0.7176391 0.5669494 0.7442461 0.05969405 0.7941997 0 0.7941998 0 0.6988008 0.2861968 0.5098889 0.2861968 0.5496051 0.1907979 0.5496051 0.2861968 0.472194 0.2861968 0.5098889 0.1907979 0.5098889 0.2861968 0.437969 0.2861968 0.472194 0.1907978 0.472194 0.2861968 0.4085293 0.2861968 0.437969 0.1907978 0.437969 0.6677923 0.4424992 0.6677923 0.4085293 0.7631912 0.4085293 0.6677923 0.4800236 0.6677923 0.4424992 0.7631912 0.4424992 0.6677923 0.51966 0.6677923 0.4800236 0.7631912 0.4800236 0.6677923 0.5598855 0.6677923 0.51966 0.7631912 0.51966 0.6677923 0.5991545 0.6677923 0.5598855 0.7631912 0.5598855 0.9539893 0.4305388 0.9539893 0.4552194 0.8847834 0.4552194 0.1907978 0.7933445 0.1907978 0.766567 0.2861967 0.766567 0.9539893 0.4552194 0.9539893 0.4816227 0.8847834 0.4816227 0.1907978 0.766567 0.1907978 0.7411523 0.2861967 0.7411523 0.9539893 0.5087341 0.8585904 0.5087341 0.8847834 0.4816227 0.1907978 0.7411523 0.1907978 0.7180772 0.2861967 0.7180772 0.9539893 0.5355116 0.8585904 0.5355116 0.8585904 0.5087341 0.1907978 0.7180772 0.1907978 0.6982284 0.2861967 0.6982284 0.9539893 0.5609262 0.8585904 0.5609262 0.8585904 0.5355116 0.8092022 0.1942615 0.8092022 0.1713583 0.9046011 0.1713585 0.9539893 0.5840013 0.8585904 0.5840013 0.8585904 0.5609262 0.8092022 0.1713583 0.8092022 0.1460587 0.9046011 0.146059 0.9539893 0.6038501 0.8585904 0.6038501 0.8585904 0.5840013 0.8092022 0.1460587 0.8092022 0.1193351 0.9046011 0.1193351 0.5723934 0.7415531 0.6677926 0.7415531 0.6677923 0.767513 0.5723934 0.8713938 0.6677923 0.8713938 0.6677923 0.8923643 0.8092022 0.1193351 0.8092022 0.0922141 0.9046011 0.09221434 0.5723934 0.717628 0.6677926 0.717628 0.6677926 0.7415531 0.5723934 0.8474687 0.6677923 0.8474687 0.6677923 0.8713938 0.8092022 0.0922141 0.8092022 0.06573843 0.9046011 0.06573843 0.5723934 0.6966574 0.6677926 0.6966574 0.6677926 0.717628 0.5723934 0.8215087 0.6677923 0.8215087 0.6677923 0.8474687 0.8092022 0.06573843 0.8092022 0.04092526 0.9046011 0.04092526 0.1907978 0.8715398 0.2861967 0.8715398 0.2861967 0.8935492 0.5723934 0.7945109 0.6677923 0.7945109 0.6677923 0.8215087 0.8092022 0.04092526 0.8092022 0.01872801 0.9046011 0.01872801 0.1907978 0.8468592 0.2861967 0.8468592 0.2861967 0.8715398 0.5723934 0.767513 0.6677923 0.767513 0.6677923 0.7945109 0.8092022 0.01872801 0.8092022 0 0.9046011 0 0.1907978 0.820456 0.2861967 0.8204558 0.2861967 0.8468592 0.9539893 0.4085293 0.9539893 0.4305388 0.8585904 0.4305388 0.1907978 0.7933445 0.2861967 0.7933445 0.2861967 0.8204558</float_array>
          <technique_common>
            <accessor source="#Cylinder_011-mesh-map-0-array" count="1128" stride="2">
              <param name="S" type="float"/>
              <param name="T" type="float"/>
            </accessor>
          </technique_common>
        </source>
        <vertices id="Cylinder_011-mesh-vertices">
          <input semantic="POSITION" source="#Cylinder_011-mesh-positions"/>
        </vertices>
        <triangles material="Material_005-material" count="376">
          <input semantic="VERTEX" source="#Cylinder_011-mesh-vertices" offset="0"/>
          <input semantic="NORMAL" source="#Cylinder_011-mesh-normals" offset="1"/>
          <input semantic="TEXCOORD" source="#Cylinder_011-mesh-map-0" offset="2" set="0"/>
          <p>63 0 0 125 0 1 124 0 2 62 1 3 126 1 4 125 1 5 64 2 6 127 2 7 126 2 8 65 3 9 128 3 10 127 3 11 66 4 12 129 4 13 128 4 14 67 5 15 130 5 16 129 5 17 68 6 18 131 6 19 130 6 20 69 7 21 132 7 22 131 7 23 70 8 24 133 8 25 132 8 26 71 9 27 134 9 28 133 9 29 72 10 30 135 10 31 134 10 32 135 11 33 74 11 34 136 11 35 74 12 36 137 12 37 136 12 38 75 13 39 138 13 40 137 13 41 76 14 42 139 14 43 138 14 44 77 15 45 140 15 46 139 15 47 78 16 48 141 16 49 140 16 50 79 17 51 142 17 52 141 17 53 80 18 54 143 18 55 142 18 56 81 19 57 144 19 58 143 19 59 82 20 60 145 20 61 144 20 62 83 21 63 146 21 64 145 21 65 84 22 66 147 22 67 146 22 68 85 23 69 148 23 70 147 23 71 86 24 72 149 24 73 148 24 74 87 25 75 150 25 76 149 25 77 88 26 78 151 26 79 150 26 80 89 27 81 152 27 82 151 27 83 90 28 84 153 28 85 152 28 86 91 29 87 154 29 88 153 29 89 156 30 90 118 30 91 157 30 92 92 31 93 155 31 94 154 31 95 93 32 96 124 32 97 155 32 98 1 33 99 62 33 100 63 33 101 5 34 102 62 34 103 3 34 104 7 34 105 64 34 106 5 34 107 9 34 108 65 34 109 7 34 110 9 35 111 67 35 112 66 35 113 13 36 114 67 36 115 11 36 116 15 37 117 68 37 118 13 37 119 17 38 120 69 38 121 15 38 122 17 39 123 71 39 124 70 39 125 19 40 126 72 40 127 71 40 128 20 41 129 73 41 130 72 41 131 23 34 132 73 34 133 21 34 134 23 42 135 75 42 136 74 42 137 27 43 138 75 43 139 25 43 140 29 34 141 76 34 142 27 34 143 29 44 144 78 44 145 77 44 146 33 34 147 78 34 148 31 34 149 35 34 150 79 34 151 33 34 152 35 45 153 81 45 154 80 45 155 39 34 156 81 34 157 37 34 158 39 39 159 83 39 160 82 39 161 43 46 162 83 46 163 41 46 164 43 47 165 85 47 166 84 47 167 47 48 168 85 48 169 45 48 170 49 34 171 86 34 172 47 34 173 49 34 174 88 34 175 87 34 176 53 49 177 88 49 178 51 49 179 55 34 180 89 34 181 53 34 182 55 50 183 91 50 184 90 50 185 57 51 186 92 51 187 91 51 188 61 34 189 92 34 190 59 34 191 61 52 192 63 52 193 93 52 194 28 53 195 106 53 196 26 53 197 159 54 198 104 54 199 105 54 200 157 55 201 119 55 202 160 55 203 161 56 204 105 56 205 106 56 206 162 57 207 94 57 208 163 57 209 160 58 210 120 58 211 164 58 212 165 59 213 106 59 214 107 59 215 163 60 216 96 60 217 166 60 218 164 61 219 121 61 220 167 61 221 168 62 222 107 62 223 108 62 224 166 63 225 97 63 226 169 63 227 167 64 228 122 64 229 170 64 230 171 65 231 108 65 232 109 65 233 169 66 234 98 66 235 172 66 236 170 67 237 123 67 238 173 67 239 174 68 240 109 68 241 110 68 242 172 69 243 99 69 244 175 69 245 173 70 246 95 70 247 162 70 248 176 71 249 110 71 250 111 71 251 175 72 252 100 72 253 177 72 254 178 73 255 111 73 256 112 73 257 177 74 258 101 74 259 179 74 260 180 75 261 112 75 262 113 75 263 179 76 264 102 76 265 181 76 266 182 77 267 113 77 268 114 77 269 181 78 270 103 78 271 183 78 272 184 79 273 114 79 274 115 79 275 186 80 276 115 80 277 116 80 278 156 81 279 116 81 280 117 81 281 26 82 282 105 82 283 24 82 284 24 83 285 104 83 286 22 83 287 183 84 288 18 84 289 133 84 290 133 85 291 185 85 292 183 85 293 18 86 294 102 86 295 16 86 296 14 87 297 102 87 298 101 87 299 12 88 300 101 88 301 100 88 302 10 89 303 100 89 304 99 89 305 8 90 306 99 90 307 98 90 308 6 91 309 98 91 310 97 91 311 4 92 312 97 92 313 96 92 314 2 93 315 96 93 316 94 93 317 0 94 318 94 94 319 95 94 320 60 95 321 95 95 322 123 95 323 58 96 324 123 96 325 122 96 326 56 97 327 122 97 328 121 97 329 54 98 330 121 98 331 120 98 332 52 99 333 120 99 334 119 99 335 50 100 336 119 100 337 118 100 338 48 101 339 118 101 340 117 101 341 46 102 342 117 102 343 116 102 344 46 103 345 115 103 346 44 103 347 44 104 348 114 104 349 42 104 350 42 105 351 113 105 352 40 105 353 40 106 354 112 106 355 38 106 356 38 107 357 111 107 358 36 107 359 36 108 360 110 108 361 34 108 362 34 109 363 109 109 364 32 109 365 32 110 366 108 110 367 30 110 368 30 111 369 107 111 370 28 111 371 155 112 372 0 112 373 60 112 374 154 31 375 60 31 376 58 31 377 153 29 378 58 29 379 56 29 380 152 113 381 56 113 382 54 113 383 151 27 384 54 27 385 52 27 386 150 114 387 52 114 388 50 114 389 149 25 390 50 25 391 48 25 392 148 115 393 48 115 394 46 115 395 147 116 396 46 116 397 44 116 398 146 22 399 44 22 400 42 22 401 145 21 402 42 21 403 40 21 404 144 20 405 40 20 406 38 20 407 143 19 408 38 19 409 36 19 410 142 117 411 36 117 412 34 117 413 141 118 414 34 118 415 32 118 416 140 119 417 32 119 418 30 119 419 139 120 420 30 120 421 28 120 422 138 121 423 28 121 424 26 121 425 137 13 426 26 13 427 24 13 428 136 122 429 24 122 430 22 122 431 185 123 432 135 123 433 187 123 434 136 124 435 187 124 436 135 124 437 22 125 438 158 125 439 136 125 440 132 126 441 18 126 442 16 126 443 131 127 444 16 127 445 14 127 446 130 128 447 14 128 448 12 128 449 129 5 450 12 5 451 10 5 452 128 4 453 10 4 454 8 4 455 127 129 456 8 129 457 6 129 458 126 2 459 6 2 460 4 2 461 125 130 462 4 130 463 2 130 464 124 131 465 2 131 466 0 131 467 23 132 468 187 132 469 158 132 470 49 133 471 186 133 472 156 133 473 21 134 474 185 134 475 187 134 476 47 135 477 184 135 478 186 135 479 19 136 480 185 136 481 20 136 482 45 137 483 182 137 484 184 137 485 17 138 486 183 138 487 19 138 488 43 139 489 180 139 490 182 139 491 15 140 492 181 140 493 17 140 494 41 141 495 178 141 496 180 141 497 13 142 498 179 142 499 15 142 500 39 143 501 176 143 502 178 143 503 11 144 504 177 144 505 13 144 506 37 145 507 174 145 508 176 145 509 61 146 510 162 146 511 1 146 512 9 147 513 175 147 514 11 147 515 35 148 516 171 148 517 174 148 518 59 149 519 173 149 520 61 149 521 7 150 522 172 150 523 9 150 524 33 65 525 168 65 526 171 65 527 57 151 528 170 151 529 59 151 530 5 152 531 169 152 532 7 152 533 31 153 534 165 153 535 168 153 536 55 154 537 167 154 538 57 154 539 3 155 540 166 155 541 5 155 542 29 156 543 161 156 544 165 156 545 53 157 546 164 157 547 55 157 548 1 158 549 163 158 550 3 158 551 27 159 552 159 159 553 161 159 554 51 160 555 160 160 556 53 160 557 25 161 558 158 161 559 159 161 560 49 162 561 157 162 562 51 162 563 63 163 564 62 163 565 125 163 566 62 164 567 64 164 568 126 164 569 64 165 570 65 165 571 127 165 572 65 166 573 66 166 574 128 166 575 66 167 576 67 167 577 129 167 578 67 168 579 68 168 580 130 168 581 68 169 582 69 169 583 131 169 584 69 170 585 70 170 586 132 170 587 70 171 588 71 171 589 133 171 590 71 172 591 72 172 592 134 172 593 72 10 594 73 10 595 135 10 596 135 173 597 73 173 598 74 173 599 74 174 600 75 174 601 137 174 602 75 175 603 76 175 604 138 175 605 76 176 606 77 176 607 139 176 608 77 177 609 78 177 610 140 177 611 78 16 612 79 16 613 141 16 614 79 178 615 80 178 616 142 178 617 80 18 618 81 18 619 143 18 620 81 179 621 82 179 622 144 179 623 82 180 624 83 180 625 145 180 626 83 21 627 84 21 628 146 21 629 84 181 630 85 181 631 147 181 632 85 182 633 86 182 634 148 182 635 86 183 636 87 183 637 149 183 638 87 184 639 88 184 640 150 184 641 88 185 642 89 185 643 151 185 644 89 186 645 90 186 646 152 186 647 90 187 648 91 187 649 153 187 650 91 29 651 92 29 652 154 29 653 156 188 654 117 188 655 118 188 656 92 189 657 93 189 658 155 189 659 93 190 660 63 190 661 124 190 662 1 34 663 3 34 664 62 34 665 5 34 666 64 34 667 62 34 668 7 191 669 65 191 670 64 191 671 9 192 672 66 192 673 65 192 674 9 193 675 11 193 676 67 193 677 13 41 678 68 41 679 67 41 680 15 34 681 69 34 682 68 34 683 17 194 684 70 194 685 69 194 686 17 195 687 19 195 688 71 195 689 19 196 690 20 196 691 72 196 692 20 34 693 21 34 694 73 34 695 23 197 696 74 197 697 73 197 698 23 34 699 25 34 700 75 34 701 27 198 702 76 198 703 75 198 704 29 34 705 77 34 706 76 34 707 29 34 708 31 34 709 78 34 710 33 199 711 79 199 712 78 199 713 35 34 714 80 34 715 79 34 716 35 34 717 37 34 718 81 34 719 39 200 720 82 200 721 81 200 722 39 201 723 41 201 724 83 201 725 43 194 726 84 194 727 83 194 728 43 202 729 45 202 730 85 202 731 47 34 732 86 34 733 85 34 734 49 42 735 87 42 736 86 42 737 49 34 738 51 34 739 88 34 740 53 34 741 89 34 742 88 34 743 55 203 744 90 203 745 89 203 746 55 34 747 57 34 748 91 34 749 57 34 750 59 34 751 92 34 752 61 52 753 93 52 754 92 52 755 61 34 756 1 34 757 63 34 758 28 204 759 107 204 760 106 204 761 159 205 762 158 205 763 104 205 764 157 206 765 118 206 766 119 206 767 161 207 768 159 207 769 105 207 770 162 208 771 95 208 772 94 208 773 160 209 774 119 209 775 120 209 776 165 210 777 161 210 778 106 210 779 163 211 780 94 211 781 96 211 782 164 212 783 120 212 784 121 212 785 168 213 786 165 213 787 107 213 788 166 214 789 96 214 790 97 214 791 167 215 792 121 215 793 122 215 794 171 216 795 168 216 796 108 216 797 169 217 798 97 217 799 98 217 800 170 218 801 122 218 802 123 218 803 174 219 804 171 219 805 109 219 806 172 220 807 98 220 808 99 220 809 173 221 810 123 221 811 95 221 812 176 222 813 174 222 814 110 222 815 175 223 816 99 223 817 100 223 818 178 224 819 176 224 820 111 224 821 177 225 822 100 225 823 101 225 824 180 226 825 178 226 826 112 226 827 179 227 828 101 227 829 102 227 830 182 228 831 180 228 832 113 228 833 181 229 834 102 229 835 103 229 836 184 230 837 182 230 838 114 230 839 186 231 840 184 231 841 115 231 842 156 232 843 186 232 844 116 232 845 26 233 846 106 233 847 105 233 848 24 234 849 105 234 850 104 234 851 183 235 852 103 235 853 18 235 854 133 236 855 134 236 856 185 236 857 18 237 858 103 237 859 102 237 860 14 238 861 16 238 862 102 238 863 12 239 864 14 239 865 101 239 866 10 240 867 12 240 868 100 240 869 8 241 870 10 241 871 99 241 872 6 242 873 8 242 874 98 242 875 4 243 876 6 243 877 97 243 878 2 244 879 4 244 880 96 244 881 0 245 882 2 245 883 94 245 884 60 246 885 0 246 886 95 246 887 58 247 888 60 247 889 123 247 890 56 248 891 58 248 892 122 248 893 54 249 894 56 249 895 121 249 896 52 250 897 54 250 898 120 250 899 50 251 900 52 251 901 119 251 902 48 252 903 50 252 904 118 252 905 46 253 906 48 253 907 117 253 908 46 254 909 116 254 910 115 254 911 44 255 912 115 255 913 114 255 914 42 256 915 114 256 916 113 256 917 40 257 918 113 257 919 112 257 920 38 258 921 112 258 922 111 258 923 36 259 924 111 259 925 110 259 926 34 260 927 110 260 928 109 260 929 32 261 930 109 261 931 108 261 932 30 262 933 108 262 934 107 262 935 155 263 936 124 263 937 0 263 938 154 264 939 155 264 940 60 264 941 153 265 942 154 265 943 58 265 944 152 266 945 153 266 946 56 266 947 151 267 948 152 267 949 54 267 950 150 268 951 151 268 952 52 268 953 149 269 954 150 269 955 50 269 956 148 270 957 149 270 958 48 270 959 147 271 960 148 271 961 46 271 962 146 22 963 147 22 964 44 22 965 145 272 966 146 272 967 42 272 968 144 180 969 145 180 970 40 180 971 143 179 972 144 179 973 38 179 974 142 117 975 143 117 976 36 117 977 141 178 978 142 178 979 34 178 980 140 273 981 141 273 982 32 273 983 139 274 984 140 274 985 30 274 986 138 176 987 139 176 988 28 176 989 137 175 990 138 175 991 26 175 992 136 275 993 137 275 994 24 275 995 185 276 996 134 276 997 135 276 998 136 277 999 158 277 1000 187 277 1001 22 278 1002 104 278 1003 158 278 1004 132 171 1005 133 171 1006 18 171 1007 131 279 1008 132 279 1009 16 279 1010 130 280 1011 131 280 1012 14 280 1013 129 281 1014 130 281 1015 12 281 1016 128 167 1017 129 167 1018 10 167 1019 127 282 1020 128 282 1021 8 282 1022 126 283 1023 127 283 1024 6 283 1025 125 164 1026 126 164 1027 4 164 1028 124 284 1029 125 284 1030 2 284 1031 23 285 1032 21 285 1033 187 285 1034 49 286 1035 47 286 1036 186 286 1037 21 287 1038 20 287 1039 185 287 1040 47 288 1041 45 288 1042 184 288 1043 19 289 1044 183 289 1045 185 289 1046 45 290 1047 43 290 1048 182 290 1049 17 291 1050 181 291 1051 183 291 1052 43 292 1053 41 292 1054 180 292 1055 15 293 1056 179 293 1057 181 293 1058 41 294 1059 39 294 1060 178 294 1061 13 295 1062 177 295 1063 179 295 1064 39 296 1065 37 296 1066 176 296 1067 11 297 1068 175 297 1069 177 297 1070 37 298 1071 35 298 1072 174 298 1073 61 299 1074 173 299 1075 162 299 1076 9 300 1077 172 300 1078 175 300 1079 35 301 1080 33 301 1081 171 301 1082 59 302 1083 170 302 1084 173 302 1085 7 303 1086 169 303 1087 172 303 1088 33 304 1089 31 304 1090 168 304 1091 57 305 1092 167 305 1093 170 305 1094 5 306 1095 166 306 1096 169 306 1097 31 307 1098 29 307 1099 165 307 1100 55 308 1101 164 308 1102 167 308 1103 3 309 1104 163 309 1105 166 309 1106 29 310 1107 27 310 1108 161 310 1109 53 311 1110 160 311 1111 164 311 1112 1 312 1113 162 312 1114 163 312 1115 27 313 1116 25 313 1117 159 313 1118 51 314 1119 157 314 1120 160 314 1121 25 315 1122 23 315 1123 158 315 1124 49 316 1125 156 316 1126 157 316 1127</p>
        </triangles>
      </mesh>
    </geometry>
    <geometry id="Cylinder_010-mesh" name="Cylinder.010">
      <mesh>
        <source id="Cylinder_010-mesh-positions">
          <float_array id="Cylinder_010-mesh-positions-array" count="192">-3.64729e-6 3.171177 -0.1203947 -3.64729e-6 3.171177 7.872934 0.6186624 3.110244 -0.1203947 0.6186624 3.110244 7.872934 1.213554 2.929785 -0.1203947 1.213554 2.929785 7.872934 1.761808 2.636737 -0.1203947 1.761808 2.636737 7.872934 2.242358 2.242361 -0.1203947 2.242358 2.242361 7.872934 2.636734 1.761811 -0.1203947 2.636734 1.761811 7.872934 2.929782 1.213557 -0.1203947 2.929782 1.213557 7.872934 3.110241 0.6186657 -0.1203947 3.110241 0.6186657 7.872934 3.171174 -6.32522e-7 -0.1203947 3.171174 -6.32522e-7 7.872934 3.110241 -0.6186665 -0.1203947 3.110241 -0.6186665 7.872934 2.929783 -1.213557 -0.1203947 2.929783 -1.213557 7.872934 2.636734 -1.761812 -0.1203947 2.636734 -1.761812 7.872934 2.242358 -2.242362 -0.1203947 2.242358 -2.242362 7.872934 1.761808 -2.636738 -0.1203947 1.761808 -2.636738 7.872934 1.213554 -2.929787 -0.1203947 1.213554 -2.929787 7.872934 0.6186624 -3.110245 -0.1203947 0.6186624 -3.110245 7.872934 -3.92452e-6 -3.171178 -0.1203947 -3.92452e-6 -3.171178 7.872934 -0.6186695 -3.110245 -0.1203947 -0.6186695 -3.110245 7.872934 -1.213561 -2.929787 -0.1203947 -1.213561 -2.929787 7.872934 -1.761816 -2.636738 -0.1203947 -1.761816 -2.636738 7.872934 -2.242365 -2.242362 -0.1203947 -2.242365 -2.242362 7.872934 -2.636741 -1.761813 -0.1203947 -2.636741 -1.761813 7.872934 -2.92979 -1.213558 -0.1203947 -2.92979 -1.213558 7.872934 -3.110248 -0.6186668 -0.1203947 -3.110248 -0.6186668 7.872934 -3.171181 -4.56089e-7 -0.1203947 -3.171181 -4.56089e-7 7.872934 -3.110248 0.6186659 -0.1203947 -3.110248 0.6186659 7.872934 -2.929789 1.213557 -0.1203947 -2.929789 1.213557 7.872934 -2.636742 1.761811 -0.1203947 -2.636742 1.761811 7.872934 -2.242365 2.24236 -0.1203947 -2.242365 2.24236 7.872934 -1.761816 2.636737 -0.1203947 -1.761816 2.636737 7.872934 -1.213561 2.929785 -0.1203947 -1.213561 2.929785 7.872934 -0.6186694 3.110244 -0.1203947 -0.6186694 3.110244 7.872934</float_array>
          <technique_common>
            <accessor source="#Cylinder_010-mesh-positions-array" count="64" stride="3">
              <param name="X" type="float"/>
              <param name="Y" type="float"/>
              <param name="Z" type="float"/>
            </accessor>
          </technique_common>
        </source>
        <source id="Cylinder_010-mesh-normals">
          <float_array id="Cylinder_010-mesh-normals-array" count="258">0.09801721 0.9951847 0 0.2902848 0.9569404 0 0.4713965 0.8819214 0 0.6343931 0.7730107 0 0.7730104 0.6343934 0 0.8819211 0.4713971 0 0.9569403 0.2902849 0 0.9951848 0.09801721 0 0.9951847 -0.09801727 0 0.9569405 -0.2902842 0 0.8819214 -0.4713966 0 0.773011 -0.6343926 0 0.634393 -0.7730107 0 0.4713971 -0.8819211 0 0.2902848 -0.9569404 0 0.09801679 -0.9951848 0 -0.09801691 -0.9951848 0 -0.2902846 -0.9569404 0 -0.471397 -0.8819212 0 -0.634393 -0.7730108 0 -0.7730104 -0.6343934 0 -0.8819211 -0.4713972 0 -0.9569406 -0.290284 0 -0.9951847 -0.09801721 0 -0.9951848 0.09801721 0 -0.9569402 0.2902855 0 -0.8819217 0.471396 0 -0.773011 0.6343927 0 -0.6343935 0.7730104 0 -0.4713965 0.8819214 0 3.79332e-7 0 1 -0.290285 0.9569403 0 -0.09801685 0.9951848 0 0 0 -1 0.09801721 0.9951847 0 0.2902848 0.9569404 0 0.4713966 0.8819213 0 0.6343936 0.7730102 0 0.7730107 0.634393 0 0.8819215 0.4713966 0 0.9569404 0.2902849 0 0.9951847 0.09801721 0 0.9951847 -0.09801727 0 0.9569404 -0.2902849 0 0.8819211 -0.4713972 0 0.7730103 -0.6343935 0 0.471397 -0.8819212 0 0.2902846 -0.9569404 0 0.09801679 -0.9951848 0 -0.09801691 -0.9951848 0 -0.2902848 -0.9569404 0 -0.4713971 -0.8819211 0 -0.6343933 -0.7730104 0 -0.7730107 -0.634393 0 -0.8819211 -0.4713972 0 -0.9569401 -0.2902854 0 -0.9951847 -0.09801721 0 -0.9951847 0.09801721 0 -0.9569404 0.2902848 0 -0.8819211 0.4713972 0 -0.7730106 0.6343932 0 -0.4713963 0.8819215 0 0 0 1 -6.32451e-6 0 1 7.90566e-7 0 1 -4.35475e-6 0 1 -1.26491e-5 0 1 4.35475e-6 0 1 -4.27107e-6 0 1 6.32455e-6 0 1 4.57893e-7 0 1 -3.79332e-7 0 1 -0.290285 0.9569404 0 -0.09801691 0.9951848 0 0 0 -1 0 0 -1 0 0 -1 0 0 -1 -1.97641e-7 0 -1 1.97642e-7 0 -1 -1.36086e-7 0 -1 0 0 -1 0 0 -1 0 0 -1 0 0 -1 0 0 -1</float_array>
          <technique_common>
            <accessor source="#Cylinder_010-mesh-normals-array" count="86" stride="3">
              <param name="X" type="float"/>
              <param name="Y" type="float"/>
              <param name="Z" type="float"/>
            </accessor>
          </technique_common>
        </source>
        <source id="Cylinder_010-mesh-map-0">
          <float_array id="Cylinder_010-mesh-map-0-array" count="744">1 1 0.96875 0.5 1 0.5 0.96875 1 0.9375 0.5 0.96875 0.5 0.9375 1 0.90625 0.5 0.9375 0.5 0.90625 1 0.875 0.5 0.90625 0.5 0.875 1 0.84375 0.5 0.875 0.5 0.84375 1 0.8125 0.5 0.84375 0.5 0.8125 1 0.78125 0.5 0.8125 0.5 0.78125 1 0.75 0.5 0.78125 0.5 0.75 1 0.71875 0.5 0.75 0.5 0.71875 1 0.6875 0.5 0.71875 0.5 0.6875 1 0.65625 0.5 0.6875 0.5 0.65625 1 0.625 0.5 0.65625 0.5 0.625 1 0.59375 0.5 0.625 0.5 0.59375 1 0.5625 0.5 0.59375 0.5 0.5625 1 0.53125 0.5 0.5625 0.5 0.53125 1 0.5 0.5 0.53125 0.5 0.5 1 0.46875 0.5 0.5 0.5 0.46875 1 0.4375 0.5 0.46875 0.5 0.4375 1 0.40625 0.5 0.4375 0.5 0.40625 1 0.375 0.5 0.40625 0.5 0.375 1 0.34375 0.5 0.375 0.5 0.34375 1 0.3125 0.5 0.34375 0.5 0.3125 1 0.28125 0.5 0.3125 0.5 0.28125 1 0.25 0.5 0.28125 0.5 0.25 1 0.21875 0.5 0.25 0.5 0.21875 1 0.1875 0.5 0.21875 0.5 0.1875 1 0.15625 0.5 0.1875 0.5 0.15625 1 0.125 0.5 0.15625 0.5 0.125 1 0.09375 0.5 0.125 0.5 0.09375 1 0.0625 0.5 0.09375 0.5 0.1581559 0.02826887 0.4717311 0.1581559 0.341844 0.4717311 0.0625 1 0.03125 0.5 0.0625 0.5 0.03125 1 0 0.5 0.03125 0.5 0.9853885 0.2968217 0.7968217 0.01461148 0.5146116 0.2031783 1 1 0.96875 1 0.96875 0.5 0.96875 1 0.9375 1 0.9375 0.5 0.9375 1 0.90625 1 0.90625 0.5 0.90625 1 0.875 1 0.875 0.5 0.875 1 0.84375 1 0.84375 0.5 0.84375 1 0.8125 1 0.8125 0.5 0.8125 1 0.78125 1 0.78125 0.5 0.78125 1 0.75 1 0.75 0.5 0.75 1 0.71875 1 0.71875 0.5 0.71875 1 0.6875 1 0.6875 0.5 0.6875 1 0.65625 1 0.65625 0.5 0.65625 1 0.625 1 0.625 0.5 0.625 1 0.59375 1 0.59375 0.5 0.59375 1 0.5625 1 0.5625 0.5 0.5625 1 0.53125 1 0.53125 0.5 0.53125 1 0.5 1 0.5 0.5 0.5 1 0.46875 1 0.46875 0.5 0.46875 1 0.4375 1 0.4375 0.5 0.4375 1 0.40625 1 0.40625 0.5 0.40625 1 0.375 1 0.375 0.5 0.375 1 0.34375 1 0.34375 0.5 0.34375 1 0.3125 1 0.3125 0.5 0.3125 1 0.28125 1 0.28125 0.5 0.28125 1 0.25 1 0.25 0.5 0.25 1 0.21875 1 0.21875 0.5 0.21875 1 0.1875 1 0.1875 0.5 0.1875 1 0.15625 1 0.15625 0.5 0.15625 1 0.125 1 0.125 0.5 0.125 1 0.09375 1 0.09375 0.5 0.09375 1 0.0625 1 0.0625 0.5 0.341844 0.4717311 0.2968217 0.4853885 0.1581559 0.4717311 0.2968217 0.4853885 0.25 0.49 0.1581559 0.4717311 0.25 0.49 0.2031783 0.4853885 0.1581559 0.4717311 0.1581559 0.4717311 0.1166631 0.4495527 0.08029431 0.4197056 0.08029431 0.4197056 0.05044722 0.3833368 0.1581559 0.4717311 0.05044722 0.3833368 0.02826893 0.341844 0.1581559 0.4717311 0.02826893 0.341844 0.01461154 0.2968217 0.00999999 0.25 0.00999999 0.25 0.01461154 0.2031783 0.02826893 0.341844 0.01461154 0.2031783 0.02826887 0.1581559 0.02826893 0.341844 0.02826887 0.1581559 0.05044728 0.116663 0.08029437 0.08029437 0.08029437 0.08029437 0.1166631 0.05044728 0.02826887 0.1581559 0.1166631 0.05044728 0.1581559 0.02826887 0.02826887 0.1581559 0.1581559 0.02826887 0.2031783 0.01461148 0.25 0.00999999 0.25 0.00999999 0.2968217 0.01461148 0.341844 0.02826887 0.341844 0.02826887 0.3833369 0.05044728 0.4717311 0.1581559 0.3833369 0.05044728 0.4197056 0.08029437 0.4717311 0.1581559 0.4197056 0.08029437 0.4495527 0.1166631 0.4717311 0.1581559 0.4717311 0.1581559 0.4853885 0.2031783 0.4717311 0.341844 0.4853885 0.2031783 0.49 0.25 0.4717311 0.341844 0.49 0.25 0.4853885 0.2968217 0.4717311 0.341844 0.4717311 0.341844 0.4495527 0.3833369 0.341844 0.4717311 0.4495527 0.3833369 0.4197056 0.4197056 0.341844 0.4717311 0.4197056 0.4197056 0.3833369 0.4495527 0.341844 0.4717311 0.1581559 0.02826887 0.25 0.00999999 0.341844 0.02826887 0.341844 0.4717311 0.1581559 0.4717311 0.02826893 0.341844 0.02826893 0.341844 0.02826887 0.1581559 0.1581559 0.02826887 0.1581559 0.02826887 0.341844 0.02826887 0.4717311 0.1581559 0.4717311 0.1581559 0.4717311 0.341844 0.341844 0.4717311 0.341844 0.4717311 0.02826893 0.341844 0.1581559 0.02826887 0.0625 1 0.03125 1 0.03125 0.5 0.03125 1 0 1 0 0.5 0.7031784 0.4853885 0.75 0.49 0.7968217 0.4853885 0.7968217 0.4853885 0.841844 0.4717311 0.7031784 0.4853885 0.841844 0.4717311 0.8833369 0.4495527 0.7031784 0.4853885 0.8833369 0.4495527 0.9197056 0.4197056 0.9495527 0.3833369 0.9495527 0.3833369 0.9717311 0.341844 0.9853885 0.2968217 0.9853885 0.2968217 0.99 0.25 0.9853885 0.2031783 0.9853885 0.2031783 0.9717311 0.1581559 0.9495527 0.1166631 0.9495527 0.1166631 0.9197056 0.08029437 0.8833369 0.05044728 0.8833369 0.05044728 0.841844 0.02826887 0.7968217 0.01461148 0.7968217 0.01461148 0.75 0.00999999 0.6166631 0.05044728 0.75 0.00999999 0.7031784 0.01461148 0.6166631 0.05044728 0.7031784 0.01461148 0.658156 0.02826887 0.6166631 0.05044728 0.6166631 0.05044728 0.5802944 0.08029437 0.5504474 0.116663 0.5504474 0.116663 0.5282689 0.1581559 0.5146116 0.2031783 0.5146116 0.2031783 0.51 0.25 0.5146116 0.2968217 0.5146116 0.2968217 0.5282689 0.341844 0.5146116 0.2031783 0.5282689 0.341844 0.5504473 0.3833368 0.5146116 0.2031783 0.5504473 0.3833368 0.5802944 0.4197056 0.6166631 0.4495527 0.6166631 0.4495527 0.658156 0.4717311 0.5504473 0.3833368 0.658156 0.4717311 0.7031784 0.4853885 0.5504473 0.3833368 0.8833369 0.4495527 0.9495527 0.3833369 0.7031784 0.4853885 0.9495527 0.3833369 0.9853885 0.2968217 0.7031784 0.4853885 0.9853885 0.2968217 0.9853885 0.2031783 0.9495527 0.1166631 0.9495527 0.1166631 0.8833369 0.05044728 0.7968217 0.01461148 0.6166631 0.05044728 0.5504474 0.116663 0.7968217 0.01461148 0.5504474 0.116663 0.5146116 0.2031783 0.7968217 0.01461148 0.9853885 0.2968217 0.9495527 0.1166631 0.7968217 0.01461148 0.5146116 0.2031783 0.5504473 0.3833368 0.7031784 0.4853885 0.7031784 0.4853885 0.9853885 0.2968217 0.5146116 0.2031783</float_array>
          <technique_common>
            <accessor source="#Cylinder_010-mesh-map-0-array" count="372" stride="2">
              <param name="S" type="float"/>
              <param name="T" type="float"/>
            </accessor>
          </technique_common>
        </source>
        <vertices id="Cylinder_010-mesh-vertices">
          <input semantic="POSITION" source="#Cylinder_010-mesh-positions"/>
        </vertices>
        <triangles material="Material_015-material" count="124">
          <input semantic="VERTEX" source="#Cylinder_010-mesh-vertices" offset="0"/>
          <input semantic="NORMAL" source="#Cylinder_010-mesh-normals" offset="1"/>
          <input semantic="TEXCOORD" source="#Cylinder_010-mesh-map-0" offset="2" set="0"/>
          <p>1 0 0 2 0 1 0 0 2 3 1 3 4 1 4 2 1 5 5 2 6 6 2 7 4 2 8 7 3 9 8 3 10 6 3 11 9 4 12 10 4 13 8 4 14 11 5 15 12 5 16 10 5 17 13 6 18 14 6 19 12 6 20 15 7 21 16 7 22 14 7 23 17 8 24 18 8 25 16 8 26 19 9 27 20 9 28 18 9 29 21 10 30 22 10 31 20 10 32 23 11 33 24 11 34 22 11 35 25 12 36 26 12 37 24 12 38 27 13 39 28 13 40 26 13 41 29 14 42 30 14 43 28 14 44 31 15 45 32 15 46 30 15 47 33 16 48 34 16 49 32 16 50 35 17 51 36 17 52 34 17 53 37 18 54 38 18 55 36 18 56 39 19 57 40 19 58 38 19 59 41 20 60 42 20 61 40 20 62 43 21 63 44 21 64 42 21 65 45 22 66 46 22 67 44 22 68 47 23 69 48 23 70 46 23 71 49 24 72 50 24 73 48 24 74 51 25 75 52 25 76 50 25 77 53 26 78 54 26 79 52 26 80 55 27 81 56 27 82 54 27 83 57 28 84 58 28 85 56 28 86 59 29 87 60 29 88 58 29 89 37 30 90 21 30 91 5 30 92 61 31 93 62 31 94 60 31 95 63 32 96 0 32 97 62 32 98 14 33 99 30 33 100 46 33 101 1 34 102 3 34 103 2 34 104 3 35 105 5 35 106 4 35 107 5 36 108 7 36 109 6 36 110 7 37 111 9 37 112 8 37 113 9 38 114 11 38 115 10 38 116 11 39 117 13 39 118 12 39 119 13 40 120 15 40 121 14 40 122 15 41 123 17 41 124 16 41 125 17 42 126 19 42 127 18 42 128 19 43 129 21 43 130 20 43 131 21 44 132 23 44 133 22 44 134 23 45 135 25 45 136 24 45 137 25 12 138 27 12 139 26 12 140 27 46 141 29 46 142 28 46 143 29 47 144 31 47 145 30 47 146 31 48 147 33 48 148 32 48 149 33 49 150 35 49 151 34 49 152 35 50 153 37 50 154 36 50 155 37 51 156 39 51 157 38 51 158 39 52 159 41 52 160 40 52 161 41 53 162 43 53 163 42 53 164 43 54 165 45 54 166 44 54 167 45 55 168 47 55 169 46 55 170 47 56 171 49 56 172 48 56 173 49 57 174 51 57 175 50 57 176 51 58 177 53 58 178 52 58 179 53 59 180 55 59 181 54 59 182 55 60 183 57 60 184 56 60 185 57 28 186 59 28 187 58 28 188 59 61 189 61 61 190 60 61 191 5 62 192 3 62 193 61 62 194 3 62 195 1 62 196 61 62 197 1 62 198 63 62 199 61 62 200 61 63 201 59 63 202 57 63 203 57 62 204 55 62 205 61 62 206 55 62 207 53 62 208 61 62 209 53 62 210 51 62 211 49 62 212 49 62 213 47 62 214 53 62 215 47 62 216 45 62 217 53 62 218 45 62 219 43 62 220 41 62 221 41 62 222 39 62 223 45 62 224 39 62 225 37 62 226 45 62 227 37 64 228 35 64 229 33 64 230 33 62 231 31 62 232 29 62 233 29 62 234 27 62 235 21 62 236 27 62 237 25 62 238 21 62 239 25 62 240 23 62 241 21 62 242 21 65 243 19 65 244 13 65 245 19 62 246 17 62 247 13 62 248 17 66 249 15 66 250 13 66 251 13 67 252 11 67 253 5 67 254 11 68 255 9 68 256 5 68 257 9 69 258 7 69 259 5 69 260 37 62 261 33 62 262 29 62 263 5 62 264 61 62 265 53 62 266 53 70 267 45 70 268 37 70 269 37 62 270 29 62 271 21 62 272 21 62 273 13 62 274 5 62 275 5 71 276 53 71 277 37 71 278 61 72 279 63 72 280 62 72 281 63 73 282 1 73 283 0 73 284 62 74 285 0 74 286 2 74 287 2 75 288 4 75 289 62 75 290 4 74 291 6 74 292 62 74 293 6 74 294 8 74 295 10 74 296 10 74 297 12 74 298 14 74 299 14 74 300 16 74 301 18 74 302 18 74 303 20 74 304 22 74 305 22 76 306 24 76 307 26 76 308 26 74 309 28 74 310 30 74 311 30 74 312 32 74 313 38 74 314 32 74 315 34 74 316 38 74 317 34 74 318 36 74 319 38 74 320 38 77 321 40 77 322 42 77 323 42 78 324 44 78 325 46 78 326 46 79 327 48 79 328 50 79 329 50 74 330 52 74 331 46 74 332 52 80 333 54 80 334 46 80 335 54 76 336 56 76 337 58 76 338 58 74 339 60 74 340 54 74 341 60 81 342 62 81 343 54 81 344 6 74 345 10 74 346 62 74 347 10 74 348 14 74 349 62 74 350 14 82 351 18 82 352 22 82 353 22 74 354 26 74 355 30 74 356 38 74 357 42 74 358 30 74 359 42 83 360 46 83 361 30 83 362 14 84 363 22 84 364 30 84 365 46 74 366 54 74 367 62 74 368 62 85 369 14 85 370 46 85 371</p>
        </triangles>
      </mesh>
    </geometry>
    <geometry id="Cylinder_009-mesh" name="Cylinder.009">
      <mesh>
        <source id="Cylinder_009-mesh-positions">
          <float_array id="Cylinder_009-mesh-positions-array" count="90">6.78182e-7 1.711125 -1.711125 6.78182e-7 1.711125 3.412702 1.627378 0.5287668 -1.711125 1.627378 0.5287668 3.412702 1.005775 -1.38433 -1.711125 1.005775 -1.38433 3.412702 -1.005774 -1.384329 -1.711125 -1.005774 -1.384329 3.412702 -1.627376 0.5287671 -1.711125 -1.627376 0.5287671 3.412702 1.627378 0.5287668 3.412702 6.78182e-7 1.711125 3.412702 1.005775 -1.38433 3.412702 -1.005774 -1.384329 3.412702 -1.627376 0.5287671 3.412702 6.38865e-7 1.376989 3.412702 1.309595 0.425513 3.412702 0.8093743 -1.114008 3.412702 -0.8093733 -1.114007 3.412702 -1.309594 0.4255132 3.412702 6.38865e-7 1.376989 -1.432434 1.309595 0.425513 -1.432434 0.8093743 -1.114008 -1.432434 -0.8093733 -1.114007 -1.432434 -1.309594 0.4255132 -1.432434 -1.309594 0.4255132 2.689659 6.38865e-7 1.376989 2.689659 0.8093743 -1.114008 2.689659 -0.8093733 -1.114007 2.689659 1.309595 0.425513 2.689659</float_array>
          <technique_common>
            <accessor source="#Cylinder_009-mesh-positions-array" count="30" stride="3">
              <param name="X" type="float"/>
              <param name="Y" type="float"/>
              <param name="Z" type="float"/>
            </accessor>
          </technique_common>
        </source>
        <source id="Cylinder_009-mesh-normals">
          <float_array id="Cylinder_009-mesh-normals-array" count="87">0.5877853 0.8090171 0 0.9510565 -0.3090169 0 0 -1 0 0 0 1 -0.9510565 -0.3090169 0 -0.5877852 0.8090171 0 0 0 -1 -2.17941e-6 0 -1 -0.5877853 0.8090171 0 -1.47286e-7 -1 0 -0.9510566 -0.3090169 0 0.9510566 -0.309017 0 0.9510566 -0.309017 0 0.5877851 0.8090172 0 -1.47286e-7 -1 0 -0.5877852 0.8090171 0 0.5877853 0.8090169 0 0.9510565 -0.3090171 0 0 -1 0 -0.9510567 -0.3090168 0 1.23909e-7 0 -1 0 0 -1 4.38458e-7 0 -1 -2.19229e-7 0 -1 0 0 -1 0.9510565 -0.3090171 0 0.9510566 -0.3090169 0 0.5877854 0.809017 0 -0.5877852 0.8090172 0</float_array>
          <technique_common>
            <accessor source="#Cylinder_009-mesh-normals-array" count="29" stride="3">
              <param name="X" type="float"/>
              <param name="Y" type="float"/>
              <param name="Z" type="float"/>
            </accessor>
          </technique_common>
        </source>
        <source id="Cylinder_009-mesh-map-0">
          <float_array id="Cylinder_009-mesh-map-0-array" count="336">1 1 0.8 0.5 1 0.5 0.8 1 0.6 0.5 0.8 0.5 0.6 1 0.4 0.5 0.6 0.5 0.8 1 0.6 1 0.6 1 0.4 1 0.2 0.5 0.4 0.5 0.2 1 0 0.5 0.2 0.5 0.9782536 0.324164 0.6089316 0.0558359 0.5217465 0.3241641 0.8 1 0.6 1 0.8 1 0.2 1 0 1 0 1 1 1 0.8 1 0.8 1 0.6 1 0.4 1 0.4 1 0.4 1 0.2 1 0.2 1 0.2 1 0 1 0.2 1 1 1 0.8 1 1 1 0.4 1 0.6 1 0.6 1 0.2 1 0.4 1 0.4 1 0 1 0.2 1 0.2 1 0.4 1 0.6 1 0.6 1 0.8000001 1 1 1 1 1 0.2 1 0.4 1 0.4 1 0.6 1 0.8 1 0.8000001 1 0.6 1 0.2 1 0 1 0.6 1 0.8000001 1 0.8 1 0.2 1 0.4 1 0.4 1 0.8 1 1 1 1 1 0.4 1 0.6 1 0.6 1 0 1 0.2 1 0.2 1 1 1 0.8 1 0.8 0.5 0.8 1 0.6 1 0.6 0.5 0.6 1 0.4 1 0.4 0.5 0.8 1 0.8 1 0.6 1 0.4 1 0.2 1 0.2 0.5 0.2 1 0 1 0 0.5 0.5217465 0.3241641 0.75 0.49 0.9782536 0.324164 0.9782536 0.324164 0.8910685 0.0558359 0.6089316 0.0558359 0.8 1 0.6 1 0.6 1 0.2 1 0.2 1 0 1 1 1 1 1 0.8 1 0.6 1 0.6 1 0.4 1 0.4 1 0.4 1 0.2 1 0.2 1 0 1 0 1 1 1 0.8 1 0.8 1 0.4 1 0.4 1 0.6 1 0.2 1 0.2 1 0.4 1 0 1 0 1 0.2 1 0.4 1 0.4 1 0.6 1 0.8000001 1 0.8 1 1 1 0.2 1 0.2 1 0.4 1 0.6 1 0.6 1 0.8 1 0 1 0.8 1 0.6 1 0.6 1 0.4 1 0.2 1 0.6 1 0.6 1 0.8000001 1 0.2 1 0.2 1 0.4 1 0.8 1 0.8000001 1 1 1 0.4 1 0.4 1 0.6 1 0 1 0 1 0.2 1</float_array>
          <technique_common>
            <accessor source="#Cylinder_009-mesh-map-0-array" count="168" stride="2">
              <param name="S" type="float"/>
              <param name="T" type="float"/>
            </accessor>
          </technique_common>
        </source>
        <vertices id="Cylinder_009-mesh-vertices">
          <input semantic="POSITION" source="#Cylinder_009-mesh-positions"/>
        </vertices>
        <triangles material="Material_012-material" count="43">
          <input semantic="VERTEX" source="#Cylinder_009-mesh-vertices" offset="0"/>
          <input semantic="NORMAL" source="#Cylinder_009-mesh-normals" offset="1"/>
          <input semantic="TEXCOORD" source="#Cylinder_009-mesh-map-0" offset="2" set="0"/>
          <p>1 0 0 2 0 1 0 0 2 3 1 3 4 1 4 2 1 5 5 2 6 6 2 7 4 2 8 3 3 9 12 3 10 5 3 11 7 4 12 8 4 13 6 4 14 9 5 15 0 5 16 8 5 17 2 6 18 6 6 19 8 6 20 3 7 21 17 7 22 16 7 23 9 3 24 11 3 25 1 3 26 1 3 27 10 3 28 3 3 29 5 3 30 13 3 31 7 3 32 7 3 33 14 3 34 9 3 35 9 6 36 15 6 37 19 6 38 1 6 39 16 6 40 15 6 41 7 6 42 17 6 43 5 6 44 9 6 45 18 6 46 7 6 47 17 12 66 29 12 67 16 12 68 19 10 69 28 10 70 18 10 71 16 13 72 26 13 73 15 13 74 18 14 75 27 14 76 17 14 77 15 15 78 25 15 79 19 15 80 1 16 81 3 16 82 2 16 83 3 17 84 5 17 85 4 17 86 5 18 87 7 18 88 6 18 89 3 3 90 10 3 91 12 3 92 7 19 93 9 19 94 8 19 95 9 8 96 1 8 97 0 8 98 8 20 99 0 20 100 2 20 101 2 21 102 4 21 103 6 21 104 3 6 105 5 6 106 17 6 107 9 3 108 14 3 109 11 3 110 1 3 111 11 3 112 10 3 113 5 3 114 12 3 115 13 3 116 7 3 117 13 3 118 14 3 119 9 22 120 1 22 121 15 22 122 1 23 123 3 23 124 16 23 125 7 24 126 18 24 127 17 24 128 9 6 129 19 6 130 18 6 131 17 26 153 27 26 154 29 26 155 19 10 156 25 10 157 28 10 158 16 27 159 29 27 160 26 27 161 18 9 162 28 9 163 27 9 164 15 28 165 26 28 166 25 28 167</p>
        </triangles>
        <triangles material="Material_013-material" count="13">
          <input semantic="VERTEX" source="#Cylinder_009-mesh-vertices" offset="0"/>
          <input semantic="NORMAL" source="#Cylinder_009-mesh-normals" offset="1"/>
          <input semantic="TEXCOORD" source="#Cylinder_009-mesh-map-0" offset="2" set="0"/>
          <p>26 8 48 24 8 49 25 8 50 28 9 51 22 9 52 27 9 53 29 0 54 20 0 55 26 0 56 25 10 57 23 10 58 28 10 59 27 11 60 21 11 61 29 11 62 22 6 63 24 6 64 20 6 65 26 5 132 20 5 133 24 5 134 28 9 135 23 9 136 22 9 137 29 0 138 21 0 139 20 0 140 25 10 141 24 10 142 23 10 143 27 25 144 22 25 145 21 25 146 20 6 147 21 6 148 22 6 149 22 6 150 23 6 151 24 6 152</p>
        </triangles>
      </mesh>
    </geometry>
    <geometry id="Cube_004-mesh" name="Cube.004">
      <mesh>
        <source id="Cube_004-mesh-positions">
          <float_array id="Cube_004-mesh-positions-array" count="60">-1.907268 -1.090727 0.003535568 -1.907268 -1.090727 0.8524532 -0.7082205 1.892561 0.003535568 -0.7082205 1.892561 0.8524532 1.578383 -1.079386 0.003535568 1.578383 -1.079386 0.8524532 1.917298 0.4146891 0.003535568 1.917298 0.4146891 0.8524532 -1.65364 0.4916439 0.003535568 -1.65364 0.4916439 0.8524532 1.555046 -0.3436893 0.003535568 1.555046 -0.3436893 0.8524532 -1.848499 -0.2655189 0.003535568 1.49867 -0.677515 0.8524532 -1.848499 -0.2655189 0.8524532 1.49867 -0.677515 0.003535568 -1.260316 1.226125 0.8524532 1.656786 0.06952244 0.003535568 -1.260316 1.226125 0.003535568 1.656786 0.06952244 0.8524532</float_array>
          <technique_common>
            <accessor source="#Cube_004-mesh-positions-array" count="20" stride="3">
              <param name="X" type="float"/>
              <param name="Y" type="float"/>
              <param name="Z" type="float"/>
            </accessor>
          </technique_common>
        </source>
        <source id="Cube_004-mesh-normals">
          <float_array id="Cube_004-mesh-normals-array" count="105">-0.770075 0.6379535 0 0.4905179 0.8714312 0 0.9808894 0.1945663 0 0.003253519 -0.9999947 0 0 0 -1 0 0 1 0 0 1 0 0 -1 0.9710006 -0.2390772 0 -0.9684436 0.2492331 0 -0.9974737 0.07103693 0 1.59907e-7 0 1 0 0 -1 0.9860379 -0.1665219 0 0.79818 -0.6024191 0 0 0 -1 0 0 1 -0.8815542 0.4720829 0 -0.7700749 0.6379535 0 0.9808896 0.1945657 0 0.003253519 -0.9999948 0 0 0 -1 0 0 1 0 0 1 0 0 -1 0.9710006 -0.2390771 0 -0.9684436 0.2492331 0 -0.9974737 0.07103693 0 0 0 1 0 0 -1 0.9860377 -0.1665219 0 0.7981793 -0.60242 0 0 0 -1 0 0 1 -0.8815539 0.4720833 0</float_array>
          <technique_common>
            <accessor source="#Cube_004-mesh-normals-array" count="35" stride="3">
              <param name="X" type="float"/>
              <param name="Y" type="float"/>
              <param name="Z" type="float"/>
            </accessor>
          </technique_common>
        </source>
        <source id="Cube_004-mesh-map-0">
          <float_array id="Cube_004-mesh-map-0-array" count="216">0.625 0.1875 0.375 0.25 0.375 0.1875 0.625 0.25 0.375 0.5 0.375 0.25 0.625 0.6875 0.375 0.75 0.375 0.6875001 0.625 0.75 0.375 1 0.375 0.75 0.375 0.6875001 0.125 0.75 0.125 0.6875 0.625 0.6875 0.875 0.75 0.625 0.75 0.875 0.5625 0.6250001 0.6250001 0.625 0.5625 0.125 0.5625 0.3750001 0.6250001 0.125 0.625 0.625 0.5625 0.3750001 0.6250001 0.3750001 0.5625001 0.375 0.0625 0.625 0.125 0.375 0.125 0.625 0 0.375 0.0625 0.375 0 0.875 0.625 0.625 0.6875 0.6250001 0.6250001 0.125 0.625 0.375 0.6875001 0.125 0.6875 0.6250001 0.6250001 0.375 0.6875001 0.3750001 0.6250001 0.625 0.5 0.3750001 0.5625001 0.375 0.5 0.125 0.5 0.3750001 0.5625001 0.125 0.5625 0.875 0.5 0.625 0.5625 0.625 0.5 0.625 0.125 0.375 0.1875 0.375 0.125 0.625 0.1875 0.625 0.25 0.375 0.25 0.625 0.25 0.625 0.5 0.375 0.5 0.625 0.6875 0.625 0.75 0.375 0.75 0.625 0.75 0.625 1 0.375 1 0.375 0.6875001 0.375 0.75 0.125 0.75 0.625 0.6875 0.8750001 0.6875001 0.875 0.75 0.875 0.5625 0.875 0.625 0.6250001 0.6250001 0.125 0.5625 0.3750001 0.5625001 0.3750001 0.6250001 0.625 0.5625 0.6250001 0.6250001 0.3750001 0.6250001 0.375 0.0625 0.625 0.06249994 0.625 0.125 0.625 0 0.625 0.06249994 0.375 0.0625 0.875 0.625 0.8750001 0.6875001 0.625 0.6875 0.125 0.625 0.3750001 0.6250001 0.375 0.6875001 0.6250001 0.6250001 0.625 0.6875 0.375 0.6875001 0.625 0.5 0.625 0.5625 0.3750001 0.5625001 0.125 0.5 0.375 0.5 0.3750001 0.5625001 0.875 0.5 0.875 0.5625 0.625 0.5625 0.625 0.125 0.625 0.1875 0.375 0.1875</float_array>
          <technique_common>
            <accessor source="#Cube_004-mesh-map-0-array" count="108" stride="2">
              <param name="S" type="float"/>
              <param name="T" type="float"/>
            </accessor>
          </technique_common>
        </source>
        <vertices id="Cube_004-mesh-vertices">
          <input semantic="POSITION" source="#Cube_004-mesh-positions"/>
        </vertices>
        <triangles material="Material_005-material" count="36">
          <input semantic="VERTEX" source="#Cube_004-mesh-vertices" offset="0"/>
          <input semantic="NORMAL" source="#Cube_004-mesh-normals" offset="1"/>
          <input semantic="TEXCOORD" source="#Cube_004-mesh-map-0" offset="2" set="0"/>
          <p>16 0 0 2 0 1 18 0 2 3 1 3 6 1 4 2 1 5 13 2 6 4 2 7 15 2 8 5 3 9 0 3 10 4 3 11 15 4 12 0 4 13 12 4 14 13 5 15 1 5 16 5 5 17 16 6 18 11 6 19 19 6 20 18 7 21 10 7 22 8 7 23 19 8 24 10 8 25 17 8 26 12 9 27 9 9 28 8 9 29 1 10 30 12 10 31 0 10 32 9 11 33 13 11 34 11 11 35 8 12 36 15 12 37 12 12 38 11 13 39 15 13 40 10 13 41 7 14 42 17 14 43 6 14 44 2 15 45 17 15 46 18 15 47 3 16 48 19 16 49 7 16 50 9 17 51 18 17 52 8 17 53 16 18 54 3 18 55 2 18 56 3 1 57 7 1 58 6 1 59 13 19 60 5 19 61 4 19 62 5 20 63 1 20 64 0 20 65 15 21 66 4 21 67 0 21 68 13 22 69 14 22 70 1 22 71 16 23 72 9 23 73 11 23 74 18 24 75 17 24 76 10 24 77 19 25 78 11 25 79 10 25 80 12 26 81 14 26 82 9 26 83 1 27 84 14 27 85 12 27 86 9 28 87 14 28 88 13 28 89 8 29 90 10 29 91 15 29 92 11 30 93 13 30 94 15 30 95 7 31 96 19 31 97 17 31 98 2 32 99 6 32 100 17 32 101 3 33 102 16 33 103 19 33 104 9 34 105 16 34 106 18 34 107</p>
        </triangles>
      </mesh>
    </geometry>
    <geometry id="Cylinder_008-mesh" name="Cylinder.008">
      <mesh>
        <source id="Cylinder_008-mesh-positions">
          <float_array id="Cylinder_008-mesh-positions-array" count="192">-0.04725801 8.083972 0.1971712 -0.04725801 8.083972 1.145592 1.507723 7.930819 0.1971712 1.507723 7.930819 1.145592 3.0502 7.450472 0.1971712 3.0502 7.450472 1.145592 4.656599 6.855673 0.1971712 4.656599 6.855673 1.145592 5.935311 5.762048 0.1971712 5.935311 5.762048 1.145592 6.915906 4.534936 0.1971712 6.915906 4.534936 1.145592 7.581584 3.172681 0.1971712 7.581584 3.172681 1.145592 7.817411 1.554977 0.1971712 7.817411 1.554977 1.145592 7.970564 -4.79974e-6 0.1971712 7.970564 -4.79974e-6 1.145592 7.817411 -1.554985 0.1971712 7.817411 -1.554985 1.145592 7.363841 -3.050209 0.1971712 7.363841 -3.050209 1.145592 6.627281 -4.428214 0.1971712 6.627281 -4.428214 1.145592 5.636038 -5.636047 0.1971712 5.636038 -5.636047 1.145592 4.428205 -6.62729 0.1971712 4.428205 -6.62729 1.145592 3.0502 -7.363849 0.1971712 3.0502 -7.363849 1.145592 1.554976 -7.81742 0.1971712 1.554976 -7.81742 1.145592 -5.12679e-6 -7.970572 0.1971712 -5.12679e-6 -7.970572 1.145592 -1.554985 -7.81742 0.1971712 -1.554985 -7.81742 1.145592 -3.050209 -7.363849 0.1971712 -3.050209 -7.363849 1.145592 -4.428215 -6.627289 0.1971712 -4.428215 -6.627289 1.145592 -5.636047 -5.636048 0.1971712 -5.636047 -5.636048 1.145592 -4.824365 -4.761365 0.1971712 -4.824365 -4.761365 1.145592 -4.81624 -2.756255 0.1971712 -4.81624 -2.756255 1.145592 -5.896915 -0.4183602 0.1971712 -5.896915 -0.4183602 1.145592 -5.756112 0.7446814 0.1971712 -5.756112 0.7446814 1.145592 -6.014497 2.142887 0.1971712 -6.014497 2.142887 1.145592 -5.913671 3.206977 0.1971712 -5.913671 3.206977 1.145592 -5.431874 4.291026 0.1971712 -5.431874 4.291026 1.145592 -4.597408 5.773216 0.1971712 -4.597408 5.773216 1.145592 -3.997082 6.588087 0.1971712 -3.997082 6.588087 1.145592 -3.050209 7.363841 0.1971712 -3.050209 7.363841 1.145592 -1.649492 7.93082 0.1971712 -1.649492 7.93082 1.145592</float_array>
          <technique_common>
            <accessor source="#Cylinder_008-mesh-positions-array" count="64" stride="3">
              <param name="X" type="float"/>
              <param name="Y" type="float"/>
              <param name="Z" type="float"/>
            </accessor>
          </technique_common>
        </source>
        <source id="Cylinder_008-mesh-normals">
          <float_array id="Cylinder_008-mesh-normals-array" count="258">0.09801727 0.9951847 0 0.2973291 0.9547751 0 0.3472307 0.9377797 0 0.6499642 0.759965 0 0.7812086 0.62427 0 0.8984658 0.4390435 0 0.9895408 0.1442541 0 0.9951848 0.09801673 0 0.9951848 -0.09801745 0 0.9569404 -0.290285 0 0.8819213 -0.4713969 0 0.7730103 -0.6343936 0 0.6343931 -0.7730107 0 0.4713971 -0.8819212 0 0.2902846 -0.9569404 0 0.09801691 -0.9951848 0 -0.09801703 -0.9951848 0 -0.2902847 -0.9569404 0 -0.471397 -0.8819212 0 -0.634393 -0.7730107 0 -0.733012 0.6802158 0 -0.9999918 0.00405246 0 -0.907716 -0.4195852 0 -0.9927513 0.1201874 0 -0.9833502 -0.181721 0 -0.9955409 0.09433108 0 -0.9138122 0.4061369 0 -0.8713912 0.4905889 0 -0.8051053 0.593132 0 -0.6337466 0.7735409 0 0 0 1 -0.3752055 0.9269416 0 -0.09515285 0.9954628 0 0 0 -1 0.09801727 0.9951848 0 0.2973291 0.9547752 0 0.3472304 0.9377799 0 0.6499639 0.7599652 0 0.8984656 0.439044 0 0.9895407 0.1442541 0 0.9951847 0.09801739 0 0.9951848 -0.09801679 0 0.9569404 -0.2902844 0 0.7730109 -0.6343929 0 0.6343934 -0.7730104 0 0.4713969 -0.8819212 0 0.2902847 -0.9569404 0 0.09801691 -0.9951848 0 -0.09801703 -0.9951848 0 -0.2902846 -0.9569404 0 -0.471397 -0.8819212 0 -0.634393 -0.7730109 0 -0.7330123 0.6802154 0 -0.9999918 0.004051983 0 -0.9927514 0.1201866 0 -0.9833503 -0.1817203 0 -0.995541 0.09433013 0 -0.9138123 0.4061369 0 -0.8713912 0.4905889 0 -0.805105 0.5931323 0 -0.6337465 0.7735409 0 0 0 1 0 0 1 -3.89731e-7 0 1 5.91058e-7 0 1 0 0 1 1.54487e-7 0 1 0 0 1 0 0 1 0 0 1 3.15529e-7 0 1 1.19662e-7 0 1 -0.3752055 0.9269416 0 -0.09515285 0.9954628 0 0 0 -1 0 0 -1 0 0 -1 0 0 -1 0 0 -1 0 0 -1 0 0 -1 0 0 -1 0 0 -1 0 0 -1 0 0 -1 0 0 -1</float_array>
          <technique_common>
            <accessor source="#Cylinder_008-mesh-normals-array" count="86" stride="3">
              <param name="X" type="float"/>
              <param name="Y" type="float"/>
              <param name="Z" type="float"/>
            </accessor>
          </technique_common>
        </source>
        <source id="Cylinder_008-mesh-map-0">
          <float_array id="Cylinder_008-mesh-map-0-array" count="744">0.1003589 0.7809672 0.1338119 0.7259016 0.1338119 0.7809672 0.1003589 0.7259016 0.1338119 0.6706247 0.1338119 0.7259016 0.1003589 0.6706247 0.1338119 0.6128683 0.1338119 0.6706247 0.1003589 0.6128683 0.1338119 0.5656576 0.1338119 0.6128683 0.03345298 0.96632 0.06690597 0.9210243 0.06690597 0.96632 0.03345298 0.9210243 0.06690597 0.8716421 0.06690597 0.9210243 0.03345298 0.8716421 0.06690597 0.8141832 0.06690597 0.8716421 0.03345298 0.8141832 0.06690597 0.759109 0.06690597 0.8141832 0.03345298 0.759109 0.06690597 0.7046886 0.06690597 0.759109 0.03345298 0.7046886 0.06690597 0.6530128 0.06690597 0.7046886 0.03345298 0.6530128 0.06690597 0.6060677 0.06690597 0.6530128 0.03345298 0.6060677 0.06690597 0.5656576 0.06690597 0.6060677 0.06690597 0.9613357 0.1003589 0.9155107 0.1003589 0.9613357 0.06690597 0.9155107 0.1003589 0.864593 0.1003589 0.9155107 0.06690597 0.864593 0.1003589 0.8105388 0.1003589 0.864593 0.06690597 0.8105388 0.1003589 0.7554255 0.1003589 0.8105388 0.06690597 0.7554255 0.1003589 0.7013712 0.1003589 0.7554255 0.06690597 0.7013712 0.1003589 0.6504536 0.1003589 0.7013712 0.06690597 0.6504536 0.1003589 0.6046286 0.1003589 0.6504536 0.06690597 0.6046286 0.1003589 0.5656576 0.1003589 0.6046286 0 1 0.03345298 0.9670377 0.03345298 1 0 0.9670377 0.03345298 0.8965001 0.03345298 0.9670377 0 0.8965001 0.03345298 0.8172126 0.03345298 0.8965001 0 0.8172126 0.03345298 0.775929 0.03345298 0.8172126 0 0.775929 0.03345298 0.7274575 0.03345298 0.775929 0 0.7274575 0.03345298 0.6897626 0.03345298 0.7274575 0 0.6897626 0.03345298 0.650332 0.03345298 0.6897626 0 0.650332 0.03345298 0.595943 0.03345298 0.650332 0 0.595943 0.03345298 0.5656576 0.03345298 0.595943 0.1003589 0.9170828 0.1338119 0.885284 0.1338119 0.9170828 0.1602134 0.0277729 0.4822559 0.2484955 0.002656459 0.2438573 0.1003589 0.885284 0.1338119 0.8370862 0.1338119 0.885284 0.1003589 0.8370862 0.1338119 0.7809672 0.1338119 0.8370862 0.491921 0.3218002 0.9715204 0.317162 0.649478 0.5378852 0.1003589 0.7809672 0.1003589 0.7259016 0.1338119 0.7259016 0.1003589 0.7259016 0.1003589 0.6706247 0.1338119 0.6706247 0.1003589 0.6706247 0.1003589 0.6128683 0.1338119 0.6128683 0.1003589 0.6128683 0.1003589 0.5656576 0.1338119 0.5656576 0.03345298 0.96632 0.03345298 0.9210243 0.06690597 0.9210243 0.03345298 0.9210243 0.03345298 0.8716421 0.06690597 0.8716421 0.03345298 0.8716421 0.03345298 0.8141832 0.06690597 0.8141832 0.03345298 0.8141832 0.03345298 0.759109 0.06690597 0.759109 0.03345298 0.759109 0.03345298 0.7046886 0.06690597 0.7046886 0.03345298 0.7046886 0.03345298 0.6530128 0.06690597 0.6530128 0.03345298 0.6530128 0.03345298 0.6060677 0.06690597 0.6060677 0.03345298 0.6060677 0.03345298 0.5656576 0.06690597 0.5656576 0.06690597 0.9613357 0.06690597 0.9155107 0.1003589 0.9155107 0.06690597 0.9155107 0.06690597 0.864593 0.1003589 0.864593 0.06690597 0.864593 0.06690597 0.8105388 0.1003589 0.8105388 0.06690597 0.8105388 0.06690597 0.7554255 0.1003589 0.7554255 0.06690597 0.7554255 0.06690597 0.7013712 0.1003589 0.7013712 0.06690597 0.7013712 0.06690597 0.6504536 0.1003589 0.6504536 0.06690597 0.6504536 0.06690597 0.6046286 0.1003589 0.6046286 0.06690597 0.6046286 0.06690597 0.5656576 0.1003589 0.5656576 0 1 0 0.9670377 0.03345298 0.9670377 0 0.9670377 0 0.8965001 0.03345298 0.8965001 0 0.8965001 0 0.8172126 0.03345298 0.8172126 0 0.8172126 0 0.775929 0.03345298 0.775929 0 0.775929 0 0.7274575 0.03345298 0.7274575 0 0.7274575 0 0.6897626 0.03345298 0.6897626 0 0.6897626 0 0.650332 0.03345298 0.650332 0 0.650332 0 0.595943 0.03345298 0.595943 0 0.595943 0 0.5656576 0.03345298 0.5656576 0.1003589 0.9170828 0.1003589 0.885284 0.1338119 0.885284 0.1602134 0.0277729 0.2137064 0.008133888 0.4822559 0.2484955 0.2137064 0.008133888 0.2682161 0 0.4645877 0.124135 0.4822559 0.2484955 0.2137064 0.008133888 0.4645877 0.124135 0.2682161 0 0.3249297 0.002573013 0.43258 0.07339 0.3249297 0.002573013 0.3752732 0.02007961 0.43258 0.07339 0.3752732 0.02007961 0.4099965 0.04574108 0.43258 0.07339 0.43258 0.07339 0.4645877 0.124135 0.2682161 0 0.4645877 0.124135 0.48347 0.1614756 0.4888959 0.1987843 0.4822559 0.2484955 0.4645877 0.124135 0.4888959 0.1987843 0.4822559 0.2484955 0.489265 0.2892199 0.4553123 0.3734832 0.4591298 0.4441056 0.489265 0.4734898 0.4484606 0.5105367 0.4822559 0.2484955 0.4553123 0.3734832 0.002656459 0.2438573 0.4553123 0.3734832 0.4591298 0.4441056 0.3493381 0.5575237 0.4591298 0.4441056 0.4484606 0.5105367 0.4012132 0.5389118 0.3493381 0.5575237 0.4591298 0.4441056 0.4012132 0.5389118 0.3493381 0.5575237 0.2948284 0.5656576 0.4553123 0.3734832 0.2948284 0.5656576 0.2397789 0.5630012 0.4553123 0.3734832 0.2397789 0.5630012 0.1863059 0.5496564 0.4553123 0.3734832 0.1863059 0.5496564 0.1364641 0.5261355 0.4553123 0.3734832 0.1364641 0.5261355 0.09216833 0.4933434 0.4553123 0.3734832 0.09216833 0.4933434 0.05512094 0.452539 0.4553123 0.3734832 0.05512094 0.452539 0.02674627 0.4052916 0.4553123 0.3734832 0.02674627 0.4052916 0.008133888 0.3534165 0.4553123 0.3734832 0.008133888 0.3534165 0 0.2989068 0.4553123 0.3734832 0 0.2989068 0.002656459 0.2438573 0.4553123 0.3734832 0.002656459 0.2438573 0.008114814 0.1864533 0.02916622 0.1372909 0.02916622 0.1372909 0.06154966 0.09233474 0.002656459 0.2438573 0.06154966 0.09233474 0.1046705 0.05155563 0.1602134 0.0277729 0.06154966 0.09233474 0.1602134 0.0277729 0.002656459 0.2438573 0.1003589 0.885284 0.1003589 0.8370862 0.1338119 0.8370862 0.1003589 0.8370862 0.1003589 0.7809672 0.1338119 0.7809672 0.8141942 0.5630846 0.7574806 0.5656576 0.9218445 0.4922681 0.7574806 0.5656576 0.702971 0.5575237 0.9538522 0.4415226 0.702971 0.5575237 0.649478 0.5378852 0.9715204 0.317162 0.649478 0.5378852 0.593935 0.514102 0.5508142 0.4733234 0.702971 0.5575237 0.9715204 0.317162 0.9538522 0.4415226 0.5508142 0.4733234 0.5184307 0.4283671 0.491921 0.3218002 0.649478 0.5378852 0.5508142 0.4733234 0.491921 0.3218002 0.5184307 0.4283671 0.4973793 0.3792048 0.491921 0.3218002 0.491921 0.3218002 0.4892645 0.2667513 0.9445767 0.1921744 0.4892645 0.2667513 0.4973984 0.2122416 0.9445767 0.1921744 0.4973984 0.2122416 0.5160108 0.160366 0.9445767 0.1921744 0.5160108 0.160366 0.5443854 0.1131186 0.9445767 0.1921744 0.5443854 0.1131186 0.5814328 0.07231473 0.9445767 0.1921744 0.5814328 0.07231473 0.6257286 0.03952217 0.9445767 0.1921744 0.6257286 0.03952217 0.6755705 0.0160017 0.9445767 0.1921744 0.6755705 0.0160017 0.7290435 0.002656459 0.9445767 0.1921744 0.7290435 0.002656459 0.7840929 0 0.9445767 0.1921744 0.7840929 0 0.8386026 0.008133888 0.9445767 0.1921744 0.8386026 0.008133888 0.8904777 0.02674627 0.9483943 0.1215519 0.8904777 0.02674627 0.9377251 0.05512094 0.9483943 0.1215519 0.9377251 0.05512094 0.9785295 0.09216833 0.9483943 0.1215519 0.9445767 0.1921744 0.9785295 0.2764378 0.9715204 0.317162 0.9483943 0.1215519 0.9445767 0.1921744 0.8386026 0.008133888 0.7574806 0.5656576 0.9538522 0.4415226 0.9218445 0.4922681 0.899261 0.519917 0.8645377 0.545578 0.9218445 0.4922681 0.8645377 0.545578 0.8141942 0.5630846 0.9218445 0.4922681 0.9781604 0.3668733 0.9727345 0.404182 0.9538522 0.4415226 0.9445767 0.1921744 0.9715204 0.317162 0.491921 0.3218002 0.9715204 0.317162 0.9781604 0.3668733 0.9538522 0.4415226</float_array>
          <technique_common>
            <accessor source="#Cylinder_008-mesh-map-0-array" count="372" stride="2">
              <param name="S" type="float"/>
              <param name="T" type="float"/>
            </accessor>
          </technique_common>
        </source>
        <vertices id="Cylinder_008-mesh-vertices">
          <input semantic="POSITION" source="#Cylinder_008-mesh-positions"/>
        </vertices>
        <triangles material="Material_004-material" count="116">
          <input semantic="VERTEX" source="#Cylinder_008-mesh-vertices" offset="0"/>
          <input semantic="NORMAL" source="#Cylinder_008-mesh-normals" offset="1"/>
          <input semantic="TEXCOORD" source="#Cylinder_008-mesh-map-0" offset="2" set="0"/>
          <p>1 0 0 2 0 1 0 0 2 3 1 3 4 1 4 2 1 5 5 2 6 6 2 7 4 2 8 7 3 9 8 3 10 6 3 11 9 4 12 10 4 13 8 4 14 11 5 15 12 5 16 10 5 17 13 6 18 14 6 19 12 6 20 15 7 21 16 7 22 14 7 23 17 8 24 18 8 25 16 8 26 19 9 27 20 9 28 18 9 29 21 10 30 22 10 31 20 10 32 23 11 33 24 11 34 22 11 35 25 12 36 26 12 37 24 12 38 27 13 39 28 13 40 26 13 41 29 14 42 30 14 43 28 14 44 31 15 45 32 15 46 30 15 47 33 16 48 34 16 49 32 16 50 35 17 51 36 17 52 34 17 53 37 18 54 38 18 55 36 18 56 39 19 57 40 19 58 38 19 59 49 24 72 50 24 73 48 24 74 51 25 75 52 25 76 50 25 77 53 26 78 54 26 79 52 26 80 55 27 81 56 27 82 54 27 83 57 28 84 58 28 85 56 28 86 59 29 87 60 29 88 58 29 89 5 30 90 49 30 91 15 30 92 61 31 93 62 31 94 60 31 95 63 32 96 0 32 97 62 32 98 14 33 99 48 33 100 4 33 101 1 34 102 3 34 103 2 34 104 3 35 105 5 35 106 4 35 107 5 36 108 7 36 109 6 36 110 7 37 111 9 37 112 8 37 113 9 4 114 11 4 115 10 4 116 11 38 117 13 38 118 12 38 119 13 39 120 15 39 121 14 39 122 15 40 123 17 40 124 16 40 125 17 41 126 19 41 127 18 41 128 19 42 129 21 42 130 20 42 131 21 10 132 23 10 133 22 10 134 23 43 135 25 43 136 24 43 137 25 44 138 27 44 139 26 44 140 27 45 141 29 45 142 28 45 143 29 46 144 31 46 145 30 46 146 31 47 147 33 47 148 32 47 149 33 48 150 35 48 151 34 48 152 35 49 153 37 49 154 36 49 155 37 50 156 39 50 157 38 50 158 39 51 159 41 51 160 40 51 161 49 55 174 51 55 175 50 55 176 51 56 177 53 56 178 52 56 179 53 57 180 55 57 181 54 57 182 55 58 183 57 58 184 56 58 185 57 59 186 59 59 187 58 59 188 59 60 189 61 60 190 60 60 191 5 61 192 3 61 193 49 61 194 3 61 195 1 61 196 55 61 197 49 62 198 3 62 199 55 62 200 1 61 201 63 61 202 57 61 203 63 61 204 61 61 205 57 61 206 61 63 207 59 63 208 57 63 209 57 61 210 55 61 211 1 61 212 55 64 213 53 64 214 51 64 215 49 61 216 55 61 217 51 61 218 49 61 219 47 61 220 45 61 221 43 61 222 41 61 223 39 61 224 49 61 225 45 61 226 15 61 227 45 61 228 43 61 229 35 61 230 43 65 231 39 65 232 37 65 233 35 66 234 43 66 235 37 66 236 35 61 237 33 61 238 45 61 239 33 61 240 31 61 241 45 61 242 31 61 243 29 61 244 45 61 245 29 61 246 27 61 247 45 61 248 27 67 249 25 67 250 45 67 251 25 61 252 23 61 253 45 61 254 23 68 255 21 68 256 45 68 257 21 69 258 19 69 259 45 69 260 19 61 261 17 61 262 45 61 263 17 61 264 15 61 265 45 61 266 15 70 267 13 70 268 11 70 269 11 61 270 9 61 271 15 61 272 9 71 273 7 71 274 5 71 275 9 61 276 5 61 277 15 61 278 61 72 279 63 72 280 62 72 281 63 73 282 1 73 283 0 73 284 62 33 285 0 33 286 56 33 287 0 33 288 2 33 289 54 33 290 2 33 291 4 33 292 48 33 293 4 33 294 6 33 295 8 33 296 2 33 297 48 33 298 54 33 299 8 74 300 10 74 301 14 74 302 4 75 303 8 75 304 14 75 305 10 33 306 12 33 307 14 33 308 14 33 309 16 33 310 44 33 311 16 76 312 18 76 313 44 76 314 18 77 315 20 77 316 44 77 317 20 78 318 22 78 319 44 78 320 22 33 321 24 33 322 44 33 323 24 79 324 26 79 325 44 79 326 26 80 327 28 80 328 44 80 329 28 33 330 30 33 331 44 33 332 30 33 333 32 33 334 44 33 335 32 33 336 34 33 337 44 33 338 34 81 339 36 81 340 42 81 341 36 33 342 38 33 343 42 33 344 38 82 345 40 82 346 42 82 347 44 33 348 46 33 349 48 33 350 42 33 351 44 33 352 34 33 353 0 33 354 54 33 355 56 33 356 58 33 357 60 33 358 56 33 359 60 83 360 62 83 361 56 83 362 50 84 363 52 84 364 54 84 365 44 85 366 48 85 367 14 85 368 48 33 369 50 33 370 54 33 371</p>
        </triangles>
        <triangles material="Material_005-material" count="8">
          <input semantic="VERTEX" source="#Cylinder_008-mesh-vertices" offset="0"/>
          <input semantic="NORMAL" source="#Cylinder_008-mesh-normals" offset="1"/>
          <input semantic="TEXCOORD" source="#Cylinder_008-mesh-map-0" offset="2" set="0"/>
          <p>41 20 60 42 20 61 40 20 62 43 21 63 44 21 64 42 21 65 45 22 66 46 22 67 44 22 68 47 23 69 48 23 70 46 23 71 41 52 162 43 52 163 42 52 164 43 53 165 45 53 166 44 53 167 45 22 168 47 22 169 46 22 170 47 54 171 49 54 172 48 54 173</p>
        </triangles>
      </mesh>
    </geometry>
    <geometry id="Cylinder_007-mesh" name="Cylinder.007">
      <mesh>
        <source id="Cylinder_007-mesh-positions">
          <float_array id="Cylinder_007-mesh-positions-array" count="192">-3.66059e-6 2.919203 0.1971712 -3.66059e-6 2.919203 7.555369 0.5695046 2.863111 0.1971712 0.5695046 2.863111 7.555369 1.117127 2.696992 0.1971712 1.117127 2.696992 7.555369 1.621819 2.427229 0.1971712 1.621819 2.427229 7.555369 2.064185 2.064188 0.1971712 2.064185 2.064188 7.555369 2.427225 1.621822 0.1971712 2.427225 1.621822 7.555369 2.696988 1.117131 0.1971712 2.696988 1.117131 7.555369 2.863108 0.5695084 0.1971712 2.863108 0.5695084 7.555369 2.919199 -1.27602e-7 0.1971712 2.919199 -1.27602e-7 7.555369 2.863108 -0.5695083 0.1971712 2.863108 -0.5695083 7.555369 2.696988 -1.11713 0.1971712 2.696988 -1.11713 7.555369 2.427225 -1.621822 0.1971712 2.427225 -1.621822 7.555369 2.064185 -2.064188 0.1971712 2.064185 -2.064188 7.555369 1.621819 -2.427229 0.1971712 1.621819 -2.427229 7.555369 1.117127 -2.696992 0.1971712 1.117127 -2.696992 7.555369 0.5695046 -2.863111 0.1971712 0.5695046 -2.863111 7.555369 -3.91579e-6 -2.919203 0.1971712 -3.91579e-6 -2.919203 7.555369 -0.5695117 -2.863111 0.1971712 -0.5695117 -2.863111 7.555369 -1.117134 -2.696992 0.1971712 -1.117134 -2.696992 7.555369 -1.621826 -2.427228 0.1971712 -1.621826 -2.427228 7.555369 -2.064192 -2.064188 0.1971712 -2.064192 -2.064188 7.555369 -2.427232 -1.621823 0.1971712 -2.427232 -1.621823 7.555369 -2.696995 -1.117131 0.1971712 -2.696995 -1.117131 7.555369 -2.863115 -0.5695084 0.1971712 -2.863115 -0.5695084 7.555369 -2.919207 0 0.1971712 -2.919207 0 7.555369 -2.863115 0.5695086 0.1971712 -2.863115 0.5695086 7.555369 -2.696995 1.117131 0.1971712 -2.696995 1.117131 7.555369 -2.427232 1.621822 0.1971712 -2.427232 1.621822 7.555369 -2.064192 2.064188 0.1971712 -2.064192 2.064188 7.555369 -1.621826 2.427229 0.1971712 -1.621826 2.427229 7.555369 -1.117134 2.696992 0.1971712 -1.117134 2.696992 7.555369 -0.5695117 2.863111 0.1971712 -0.5695117 2.863111 7.555369</float_array>
          <technique_common>
            <accessor source="#Cylinder_007-mesh-positions-array" count="64" stride="3">
              <param name="X" type="float"/>
              <param name="Y" type="float"/>
              <param name="Z" type="float"/>
            </accessor>
          </technique_common>
        </source>
        <source id="Cylinder_007-mesh-normals">
          <float_array id="Cylinder_007-mesh-normals-array" count="267">0.09801733 0.9951847 0 0.2902845 0.9569405 0 0.4713966 0.8819214 0 0.6343936 0.7730103 0 0.7730109 0.634393 0 0.8819215 0.4713964 0 0.9569404 0.2902847 0 0.9951848 0.09801739 0 0.9951848 -0.09801656 0 0.9569401 -0.2902855 0 0.8819211 -0.4713972 0 0.7730108 -0.634393 0 0.6343932 -0.7730106 0 0.4713969 -0.8819213 0 0.2902848 -0.9569404 0 0.09801685 -0.9951848 0 -0.09801697 -0.9951848 0 -0.2902848 -0.9569403 0 -0.4713968 -0.8819214 0 -0.6343934 -0.7730105 0 -0.7730104 -0.6343934 0 -0.8819208 -0.4713978 0 -0.9569407 -0.2902837 0 -0.9951848 -0.09801739 0 -0.9951848 0.09801739 0 -0.9569404 0.2902846 0 -0.8819212 0.4713971 0 -0.7730108 0.634393 0 -0.6343935 0.7730104 0 -0.4713965 0.8819214 0 3.35732e-7 0 1 -0.2902848 0.9569404 0 -0.09801697 0.9951848 0 0 0 -1 0.09801733 0.9951848 0 0.6343932 0.7730106 0 0.7730101 0.6343938 0 0.9569401 0.2902856 0 0.9951848 0.0980165 0 0.9951848 -0.09801745 0 0.9569407 -0.2902839 0 0.8819215 -0.4713965 0 0.7730104 -0.6343933 0 0.6343934 -0.7730104 0 0.2902848 -0.9569403 0 0.09801691 -0.9951848 0 -0.09801703 -0.9951848 0 -0.2902848 -0.9569404 0 -0.4713968 -0.8819212 0 -0.6343931 -0.7730107 0 -0.7730108 -0.6343929 0 -0.8819211 -0.4713971 0 -0.9569405 -0.2902845 0 -0.9951848 -0.09801745 0 -0.9951848 0.09801745 0 -0.8819215 0.4713963 0 -0.6343937 0.7730103 0 0 0 1 -1.00804e-5 0 1 -1.4927e-5 0 1 1.4927e-5 0 1 -5.04022e-6 0 1 7.46347e-6 0 1 -7.46348e-6 0 1 -5.13897e-6 0 1 -1.00804e-5 0 1 7.46348e-6 0 1 -1.4602e-6 0 1 7.30099e-7 0 1 1.08071e-6 0 1 -2.23821e-7 0 1 -0.2902848 0.9569404 0 -0.09801697 0.9951848 0 0 0 -1 0 0 -1 0 0 -1 -4.66469e-7 0 -1 2.33234e-7 0 -1 0 0 -1 0 0 -1 0 0 -1 2.33234e-7 0 -1 2.33235e-7 0 -1 0 0 -1 0 0 -1 0 0 -1 0 0 -1 0 0 -1 0 0 -1</float_array>
          <technique_common>
            <accessor source="#Cylinder_007-mesh-normals-array" count="89" stride="3">
              <param name="X" type="float"/>
              <param name="Y" type="float"/>
              <param name="Z" type="float"/>
            </accessor>
          </technique_common>
        </source>
        <source id="Cylinder_007-mesh-map-0">
          <float_array id="Cylinder_007-mesh-map-0-array" count="744">1 1 0.96875 0.5 1 0.5 0.96875 1 0.9375 0.5 0.96875 0.5 0.9375 1 0.90625 0.5 0.9375 0.5 0.90625 1 0.875 0.5 0.90625 0.5 0.875 1 0.84375 0.5 0.875 0.5 0.84375 1 0.8125 0.5 0.84375 0.5 0.8125 1 0.78125 0.5 0.8125 0.5 0.78125 1 0.75 0.5 0.78125 0.5 0.75 1 0.71875 0.5 0.75 0.5 0.71875 1 0.6875 0.5 0.71875 0.5 0.6875 1 0.65625 0.5 0.6875 0.5 0.65625 1 0.625 0.5 0.65625 0.5 0.625 1 0.59375 0.5 0.625 0.5 0.59375 1 0.5625 0.5 0.59375 0.5 0.5625 1 0.53125 0.5 0.5625 0.5 0.53125 1 0.5 0.5 0.53125 0.5 0.5 1 0.46875 0.5 0.5 0.5 0.46875 1 0.4375 0.5 0.46875 0.5 0.4375 1 0.40625 0.5 0.4375 0.5 0.40625 1 0.375 0.5 0.40625 0.5 0.375 1 0.34375 0.5 0.375 0.5 0.34375 1 0.3125 0.5 0.34375 0.5 0.3125 1 0.28125 0.5 0.3125 0.5 0.28125 1 0.25 0.5 0.28125 0.5 0.25 1 0.21875 0.5 0.25 0.5 0.21875 1 0.1875 0.5 0.21875 0.5 0.1875 1 0.15625 0.5 0.1875 0.5 0.15625 1 0.125 0.5 0.15625 0.5 0.125 1 0.09375 0.5 0.125 0.5 0.09375 1 0.0625 0.5 0.09375 0.5 0.02826893 0.341844 0.1581559 0.02826887 0.4717311 0.1581559 0.0625 1 0.03125 0.5 0.0625 0.5 0.03125 1 0 0.5 0.03125 0.5 0.9853885 0.2968217 0.7968217 0.01461148 0.5146116 0.2031783 1 1 0.96875 1 0.96875 0.5 0.96875 1 0.9375 1 0.9375 0.5 0.9375 1 0.90625 1 0.90625 0.5 0.90625 1 0.875 1 0.875 0.5 0.875 1 0.84375 1 0.84375 0.5 0.84375 1 0.8125 1 0.8125 0.5 0.8125 1 0.78125 1 0.78125 0.5 0.78125 1 0.75 1 0.75 0.5 0.75 1 0.71875 1 0.71875 0.5 0.71875 1 0.6875 1 0.6875 0.5 0.6875 1 0.65625 1 0.65625 0.5 0.65625 1 0.625 1 0.625 0.5 0.625 1 0.59375 1 0.59375 0.5 0.59375 1 0.5625 1 0.5625 0.5 0.5625 1 0.53125 1 0.53125 0.5 0.53125 1 0.5 1 0.5 0.5 0.5 1 0.46875 1 0.46875 0.5 0.46875 1 0.4375 1 0.4375 0.5 0.4375 1 0.40625 1 0.40625 0.5 0.40625 1 0.375 1 0.375 0.5 0.375 1 0.34375 1 0.34375 0.5 0.34375 1 0.3125 1 0.3125 0.5 0.3125 1 0.28125 1 0.28125 0.5 0.28125 1 0.25 1 0.25 0.5 0.25 1 0.21875 1 0.21875 0.5 0.21875 1 0.1875 1 0.1875 0.5 0.1875 1 0.15625 1 0.15625 0.5 0.15625 1 0.125 1 0.125 0.5 0.125 1 0.09375 1 0.09375 0.5 0.09375 1 0.0625 1 0.0625 0.5 0.341844 0.4717311 0.2968217 0.4853885 0.1581559 0.4717311 0.2968217 0.4853885 0.25 0.49 0.1581559 0.4717311 0.25 0.49 0.2031783 0.4853885 0.1581559 0.4717311 0.1581559 0.4717311 0.1166631 0.4495527 0.08029431 0.4197056 0.08029431 0.4197056 0.05044722 0.3833368 0.1581559 0.4717311 0.05044722 0.3833368 0.02826893 0.341844 0.1581559 0.4717311 0.02826893 0.341844 0.01461154 0.2968217 0.00999999 0.25 0.00999999 0.25 0.01461154 0.2031783 0.02826887 0.1581559 0.02826887 0.1581559 0.05044728 0.116663 0.1581559 0.02826887 0.05044728 0.116663 0.08029437 0.08029437 0.1581559 0.02826887 0.08029437 0.08029437 0.1166631 0.05044728 0.1581559 0.02826887 0.1581559 0.02826887 0.2031783 0.01461148 0.25 0.00999999 0.25 0.00999999 0.2968217 0.01461148 0.341844 0.02826887 0.341844 0.02826887 0.3833369 0.05044728 0.4197056 0.08029437 0.4197056 0.08029437 0.4495527 0.1166631 0.4717311 0.1581559 0.4717311 0.1581559 0.4853885 0.2031783 0.4717311 0.341844 0.4853885 0.2031783 0.49 0.25 0.4717311 0.341844 0.49 0.25 0.4853885 0.2968217 0.4717311 0.341844 0.4717311 0.341844 0.4495527 0.3833369 0.4197056 0.4197056 0.4197056 0.4197056 0.3833369 0.4495527 0.341844 0.4717311 0.02826893 0.341844 0.00999999 0.25 0.1581559 0.02826887 0.00999999 0.25 0.02826887 0.1581559 0.1581559 0.02826887 0.1581559 0.02826887 0.25 0.00999999 0.341844 0.02826887 0.341844 0.02826887 0.4197056 0.08029437 0.1581559 0.02826887 0.4197056 0.08029437 0.4717311 0.1581559 0.1581559 0.02826887 0.4717311 0.341844 0.4197056 0.4197056 0.341844 0.4717311 0.341844 0.4717311 0.1581559 0.4717311 0.02826893 0.341844 0.4717311 0.1581559 0.4717311 0.341844 0.341844 0.4717311 0.341844 0.4717311 0.02826893 0.341844 0.4717311 0.1581559 0.0625 1 0.03125 1 0.03125 0.5 0.03125 1 0 1 0 0.5 0.7031784 0.4853885 0.75 0.49 0.7968217 0.4853885 0.7968217 0.4853885 0.841844 0.4717311 0.8833369 0.4495527 0.8833369 0.4495527 0.9197056 0.4197056 0.9495527 0.3833369 0.9495527 0.3833369 0.9717311 0.341844 0.9853885 0.2968217 0.9853885 0.2968217 0.99 0.25 0.9853885 0.2031783 0.9853885 0.2031783 0.9717311 0.1581559 0.9495527 0.1166631 0.9495527 0.1166631 0.9197056 0.08029437 0.8833369 0.05044728 0.8833369 0.05044728 0.841844 0.02826887 0.7968217 0.01461148 0.7968217 0.01461148 0.75 0.00999999 0.6166631 0.05044728 0.75 0.00999999 0.7031784 0.01461148 0.6166631 0.05044728 0.7031784 0.01461148 0.658156 0.02826887 0.6166631 0.05044728 0.6166631 0.05044728 0.5802944 0.08029437 0.5504474 0.116663 0.5504474 0.116663 0.5282689 0.1581559 0.5146116 0.2031783 0.5146116 0.2031783 0.51 0.25 0.5146116 0.2968217 0.5146116 0.2968217 0.5282689 0.341844 0.5504473 0.3833368 0.5504473 0.3833368 0.5802944 0.4197056 0.6166631 0.4495527 0.6166631 0.4495527 0.658156 0.4717311 0.5504473 0.3833368 0.658156 0.4717311 0.7031784 0.4853885 0.5504473 0.3833368 0.7031784 0.4853885 0.7968217 0.4853885 0.9853885 0.2968217 0.7968217 0.4853885 0.8833369 0.4495527 0.9853885 0.2968217 0.8833369 0.4495527 0.9495527 0.3833369 0.9853885 0.2968217 0.9853885 0.2968217 0.9853885 0.2031783 0.9495527 0.1166631 0.9495527 0.1166631 0.8833369 0.05044728 0.9853885 0.2968217 0.8833369 0.05044728 0.7968217 0.01461148 0.9853885 0.2968217 0.6166631 0.05044728 0.5504474 0.116663 0.5146116 0.2031783 0.5146116 0.2031783 0.5146116 0.2968217 0.5504473 0.3833368 0.7968217 0.01461148 0.6166631 0.05044728 0.5146116 0.2031783 0.5146116 0.2031783 0.5504473 0.3833368 0.7031784 0.4853885 0.7031784 0.4853885 0.9853885 0.2968217 0.5146116 0.2031783</float_array>
          <technique_common>
            <accessor source="#Cylinder_007-mesh-map-0-array" count="372" stride="2">
              <param name="S" type="float"/>
              <param name="T" type="float"/>
            </accessor>
          </technique_common>
        </source>
        <vertices id="Cylinder_007-mesh-vertices">
          <input semantic="POSITION" source="#Cylinder_007-mesh-positions"/>
        </vertices>
        <triangles material="Material_011-material" count="124">
          <input semantic="VERTEX" source="#Cylinder_007-mesh-vertices" offset="0"/>
          <input semantic="NORMAL" source="#Cylinder_007-mesh-normals" offset="1"/>
          <input semantic="TEXCOORD" source="#Cylinder_007-mesh-map-0" offset="2" set="0"/>
          <p>1 0 0 2 0 1 0 0 2 3 1 3 4 1 4 2 1 5 5 2 6 6 2 7 4 2 8 7 3 9 8 3 10 6 3 11 9 4 12 10 4 13 8 4 14 11 5 15 12 5 16 10 5 17 13 6 18 14 6 19 12 6 20 15 7 21 16 7 22 14 7 23 17 8 24 18 8 25 16 8 26 19 9 27 20 9 28 18 9 29 21 10 30 22 10 31 20 10 32 23 11 33 24 11 34 22 11 35 25 12 36 26 12 37 24 12 38 27 13 39 28 13 40 26 13 41 29 14 42 30 14 43 28 14 44 31 15 45 32 15 46 30 15 47 33 16 48 34 16 49 32 16 50 35 17 51 36 17 52 34 17 53 37 18 54 38 18 55 36 18 56 39 19 57 40 19 58 38 19 59 41 20 60 42 20 61 40 20 62 43 21 63 44 21 64 42 21 65 45 22 66 46 22 67 44 22 68 47 23 69 48 23 70 46 23 71 49 24 72 50 24 73 48 24 74 51 25 75 52 25 76 50 25 77 53 26 78 54 26 79 52 26 80 55 27 81 56 27 82 54 27 83 57 28 84 58 28 85 56 28 86 59 29 87 60 29 88 58 29 89 53 30 90 37 30 91 21 30 92 61 31 93 62 31 94 60 31 95 63 32 96 0 32 97 62 32 98 14 33 99 30 33 100 46 33 101 1 34 102 3 34 103 2 34 104 3 1 105 5 1 106 4 1 107 5 2 108 7 2 109 6 2 110 7 35 111 9 35 112 8 35 113 9 36 114 11 36 115 10 36 116 11 5 117 13 5 118 12 5 119 13 37 120 15 37 121 14 37 122 15 38 123 17 38 124 16 38 125 17 39 126 19 39 127 18 39 128 19 40 129 21 40 130 20 40 131 21 41 132 23 41 133 22 41 134 23 42 135 25 42 136 24 42 137 25 43 138 27 43 139 26 43 140 27 13 141 29 13 142 28 13 143 29 44 144 31 44 145 30 44 146 31 45 147 33 45 148 32 45 149 33 46 150 35 46 151 34 46 152 35 47 153 37 47 154 36 47 155 37 48 156 39 48 157 38 48 158 39 49 159 41 49 160 40 49 161 41 50 162 43 50 163 42 50 164 43 51 165 45 51 166 44 51 167 45 52 168 47 52 169 46 52 170 47 53 171 49 53 172 48 53 173 49 54 174 51 54 175 50 54 176 51 25 177 53 25 178 52 25 179 53 55 180 55 55 181 54 55 182 55 27 183 57 27 184 56 27 185 57 56 186 59 56 187 58 56 188 59 29 189 61 29 190 60 29 191 5 57 192 3 57 193 61 57 194 3 57 195 1 57 196 61 57 197 1 57 198 63 57 199 61 57 200 61 57 201 59 57 202 57 57 203 57 58 204 55 58 205 61 58 206 55 57 207 53 57 208 61 57 209 53 59 210 51 59 211 49 59 212 49 60 213 47 60 214 45 60 215 45 57 216 43 57 217 37 57 218 43 61 219 41 61 220 37 61 221 41 62 222 39 62 223 37 62 224 37 57 225 35 57 226 33 57 227 33 57 228 31 57 229 29 57 230 29 57 231 27 57 232 25 57 233 25 63 234 23 63 235 21 63 236 21 64 237 19 64 238 13 64 239 19 65 240 17 65 241 13 65 242 17 57 243 15 57 244 13 57 245 13 66 246 11 66 247 9 66 248 9 57 249 7 57 250 5 57 251 53 67 252 49 67 253 37 67 254 49 57 255 45 57 256 37 57 257 37 57 258 33 57 259 29 57 260 29 57 261 25 57 262 37 57 263 25 68 264 21 68 265 37 68 266 13 57 267 9 57 268 5 57 269 5 57 270 61 57 271 53 57 272 21 69 273 13 69 274 5 69 275 5 70 276 53 70 277 21 70 278 61 71 279 63 71 280 62 71 281 63 72 282 1 72 283 0 72 284 62 73 285 0 73 286 2 73 287 2 74 288 4 74 289 6 74 290 6 75 291 8 75 292 10 75 293 10 76 294 12 76 295 14 76 296 14 75 297 16 75 298 18 75 299 18 77 300 20 77 301 22 77 302 22 75 303 24 75 304 26 75 305 26 78 306 28 78 307 30 78 308 30 79 309 32 79 310 38 79 311 32 80 312 34 80 313 38 80 314 34 75 315 36 75 316 38 75 317 38 81 318 40 81 319 42 81 320 42 75 321 44 75 322 46 75 323 46 75 324 48 75 325 50 75 326 50 82 327 52 82 328 54 82 329 54 75 330 56 75 331 58 75 332 58 75 333 60 75 334 54 75 335 60 83 336 62 83 337 54 83 338 62 84 339 2 84 340 14 84 341 2 75 342 6 75 343 14 75 344 6 85 345 10 85 346 14 85 347 14 75 348 18 75 349 22 75 350 22 75 351 26 75 352 14 75 353 26 75 354 30 75 355 14 75 356 38 86 357 42 86 358 46 86 359 46 87 360 50 87 361 54 87 362 30 75 363 38 75 364 46 75 365 46 88 366 54 88 367 62 88 368 62 75 369 14 75 370 46 75 371</p>
        </triangles>
      </mesh>
    </geometry>
    <geometry id="Cylinder_006-mesh" name="Cylinder.006">
      <mesh>
        <source id="Cylinder_006-mesh-positions">
          <float_array id="Cylinder_006-mesh-positions-array" count="192">-3.66059e-6 2.919203 0.1971712 -3.66059e-6 2.919203 7.555368 0.5695046 2.863111 0.1971712 0.5695046 2.863111 7.555368 1.117127 2.696992 0.1971712 1.117127 2.696992 7.555368 1.621819 2.427229 0.1971712 1.621819 2.427229 7.555368 2.064185 2.064188 0.1971712 2.064185 2.064188 7.555368 2.427225 1.621822 0.1971712 2.427225 1.621822 7.555368 2.696988 1.117131 0.1971712 2.696988 1.117131 7.555368 2.863108 0.5695084 0.1971712 2.863108 0.5695084 7.555368 2.919199 -1.27602e-7 0.1971712 2.919199 -1.27602e-7 7.555368 2.863108 -0.5695083 0.1971712 2.863108 -0.5695083 7.555368 2.696988 -1.11713 0.1971712 2.696988 -1.11713 7.555368 2.427225 -1.621822 0.1971712 2.427225 -1.621822 7.555368 2.064185 -2.064188 0.1971712 2.064185 -2.064188 7.555368 1.621819 -2.427229 0.1971712 1.621819 -2.427229 7.555368 1.117127 -2.696992 0.1971712 1.117127 -2.696992 7.555368 0.5695046 -2.863111 0.1971712 0.5695046 -2.863111 7.555368 -3.91579e-6 -2.919203 0.1971712 -3.91579e-6 -2.919203 7.555368 -0.5695117 -2.863111 0.1971712 -0.5695117 -2.863111 7.555368 -1.117134 -2.696992 0.1971712 -1.117134 -2.696992 7.555368 -1.621826 -2.427228 0.1971712 -1.621826 -2.427228 7.555368 -2.064192 -2.064188 0.1971712 -2.064192 -2.064188 7.555368 -2.427232 -1.621823 0.1971712 -2.427232 -1.621823 7.555368 -2.696995 -1.117131 0.1971712 -2.696995 -1.117131 7.555368 -2.863115 -0.5695084 0.1971712 -2.863115 -0.5695084 7.555368 -2.919207 0 0.1971712 -2.919207 0 7.555368 -2.863115 0.5695086 0.1971712 -2.863115 0.5695086 7.555368 -2.696995 1.117131 0.1971712 -2.696995 1.117131 7.555368 -2.427232 1.621822 0.1971712 -2.427232 1.621822 7.555368 -2.064192 2.064188 0.1971712 -2.064192 2.064188 7.555368 -1.621826 2.427229 0.1971712 -1.621826 2.427229 7.555368 -1.117134 2.696992 0.1971712 -1.117134 2.696992 7.555368 -0.5695117 2.863111 0.1971712 -0.5695117 2.863111 7.555368</float_array>
          <technique_common>
            <accessor source="#Cylinder_006-mesh-positions-array" count="64" stride="3">
              <param name="X" type="float"/>
              <param name="Y" type="float"/>
              <param name="Z" type="float"/>
            </accessor>
          </technique_common>
        </source>
        <source id="Cylinder_006-mesh-normals">
          <float_array id="Cylinder_006-mesh-normals-array" count="285">0.09801733 0.9951848 0 0.2902846 0.9569405 0 0.4713966 0.8819214 0 0.6343934 0.7730105 0 0.7730107 0.634393 0 0.8819211 0.4713971 0 0.9569404 0.2902848 0 0.9951848 0.09801745 0 0.9951848 -0.09801751 0 0.9569404 -0.2902848 0 0.8819211 -0.4713972 0 0.7730107 -0.634393 0 0.6343934 -0.7730105 0 0.471397 -0.8819212 0 0.2902847 -0.9569404 0 0.09801685 -0.9951848 0 -0.09801697 -0.9951848 0 -0.2902848 -0.9569404 0 -0.4713968 -0.8819214 0 -0.6343931 -0.7730107 0 -0.7730103 -0.6343935 0 -0.8819208 -0.4713979 0 -0.9569404 -0.2902845 0 -0.9951848 -0.09801745 0 -0.9951848 0.09801745 0 -0.9569404 0.2902846 0 -0.8819215 0.4713964 0 -0.7730102 0.6343936 0 -0.6343934 0.7730104 0 -0.4713966 0.8819214 0 3.35732e-7 0 1 -0.2902848 0.9569404 0 -0.09801697 0.9951848 0 0 0 -1 0.09801733 0.9951848 0 0.2902845 0.9569405 0 0.4713968 0.8819213 0 0.7730106 0.6343933 0 0.8819215 0.4713965 0 0.9569404 0.2902848 0 0.9951848 0.09801745 0 0.9951847 -0.09801751 0 0.9569407 -0.290284 0 0.8819215 -0.4713965 0 0.7730105 -0.6343933 0 0.6343932 -0.7730106 0 0.4713968 -0.8819213 0 0.2902849 -0.9569403 0 0.09801685 -0.9951848 0 -0.09801703 -0.9951848 0 -0.2902848 -0.9569403 0 -0.4713969 -0.8819212 0 -0.6343933 -0.7730106 0 -0.7730108 -0.634393 0 -0.8819215 -0.4713965 0 -0.9951848 -0.09801745 0 -0.9951848 0.09801745 0 -0.9569402 0.2902854 0 -0.8819215 0.4713964 0 -0.7730112 0.6343925 0 -0.6343936 0.7730103 0 -0.4713965 0.8819215 0 0 0 1 3.73171e-6 0 1 -7.46341e-6 0 1 1.00804e-5 0 1 -1.4927e-5 0 1 1.4927e-5 0 1 1.86586e-6 0 1 -3.73173e-6 0 1 7.46348e-6 0 1 -1.4602e-6 0 1 -1.34905e-6 0 1 -7.30099e-7 0 1 -1.92088e-6 0 1 1.08071e-6 0 1 -2.23821e-7 0 1 -0.2902848 0.9569404 0 -0.09801697 0.9951848 0 0 0 -1 0 0 -1 0 0 -1 -4.66469e-7 0 -1 2.33234e-7 0 -1 0 0 -1 0 0 -1 0 0 -1 2.33234e-7 0 -1 2.33235e-7 0 -1 0 0 -1 0 0 -1 0 0 -1 0 0 -1 0 0 -1 0 0 -1</float_array>
          <technique_common>
            <accessor source="#Cylinder_006-mesh-normals-array" count="95" stride="3">
              <param name="X" type="float"/>
              <param name="Y" type="float"/>
              <param name="Z" type="float"/>
            </accessor>
          </technique_common>
        </source>
        <source id="Cylinder_006-mesh-map-0">
          <float_array id="Cylinder_006-mesh-map-0-array" count="744">1 1 0.96875 0.5 1 0.5 0.96875 1 0.9375 0.5 0.96875 0.5 0.9375 1 0.90625 0.5 0.9375 0.5 0.90625 1 0.875 0.5 0.90625 0.5 0.875 1 0.84375 0.5 0.875 0.5 0.84375 1 0.8125 0.5 0.84375 0.5 0.8125 1 0.78125 0.5 0.8125 0.5 0.78125 1 0.75 0.5 0.78125 0.5 0.75 1 0.71875 0.5 0.75 0.5 0.71875 1 0.6875 0.5 0.71875 0.5 0.6875 1 0.65625 0.5 0.6875 0.5 0.65625 1 0.625 0.5 0.65625 0.5 0.625 1 0.59375 0.5 0.625 0.5 0.59375 1 0.5625 0.5 0.59375 0.5 0.5625 1 0.53125 0.5 0.5625 0.5 0.53125 1 0.5 0.5 0.53125 0.5 0.5 1 0.46875 0.5 0.5 0.5 0.46875 1 0.4375 0.5 0.46875 0.5 0.4375 1 0.40625 0.5 0.4375 0.5 0.40625 1 0.375 0.5 0.40625 0.5 0.375 1 0.34375 0.5 0.375 0.5 0.34375 1 0.3125 0.5 0.34375 0.5 0.3125 1 0.28125 0.5 0.3125 0.5 0.28125 1 0.25 0.5 0.28125 0.5 0.25 1 0.21875 0.5 0.25 0.5 0.21875 1 0.1875 0.5 0.21875 0.5 0.1875 1 0.15625 0.5 0.1875 0.5 0.15625 1 0.125 0.5 0.15625 0.5 0.125 1 0.09375 0.5 0.125 0.5 0.09375 1 0.0625 0.5 0.09375 0.5 0.02826893 0.341844 0.1581559 0.02826887 0.4717311 0.1581559 0.0625 1 0.03125 0.5 0.0625 0.5 0.03125 1 0 0.5 0.03125 0.5 0.9853885 0.2968217 0.7968217 0.01461148 0.5146116 0.2031783 1 1 0.96875 1 0.96875 0.5 0.96875 1 0.9375 1 0.9375 0.5 0.9375 1 0.90625 1 0.90625 0.5 0.90625 1 0.875 1 0.875 0.5 0.875 1 0.84375 1 0.84375 0.5 0.84375 1 0.8125 1 0.8125 0.5 0.8125 1 0.78125 1 0.78125 0.5 0.78125 1 0.75 1 0.75 0.5 0.75 1 0.71875 1 0.71875 0.5 0.71875 1 0.6875 1 0.6875 0.5 0.6875 1 0.65625 1 0.65625 0.5 0.65625 1 0.625 1 0.625 0.5 0.625 1 0.59375 1 0.59375 0.5 0.59375 1 0.5625 1 0.5625 0.5 0.5625 1 0.53125 1 0.53125 0.5 0.53125 1 0.5 1 0.5 0.5 0.5 1 0.46875 1 0.46875 0.5 0.46875 1 0.4375 1 0.4375 0.5 0.4375 1 0.40625 1 0.40625 0.5 0.40625 1 0.375 1 0.375 0.5 0.375 1 0.34375 1 0.34375 0.5 0.34375 1 0.3125 1 0.3125 0.5 0.3125 1 0.28125 1 0.28125 0.5 0.28125 1 0.25 1 0.25 0.5 0.25 1 0.21875 1 0.21875 0.5 0.21875 1 0.1875 1 0.1875 0.5 0.1875 1 0.15625 1 0.15625 0.5 0.15625 1 0.125 1 0.125 0.5 0.125 1 0.09375 1 0.09375 0.5 0.09375 1 0.0625 1 0.0625 0.5 0.341844 0.4717311 0.2968217 0.4853885 0.1581559 0.4717311 0.2968217 0.4853885 0.25 0.49 0.1581559 0.4717311 0.25 0.49 0.2031783 0.4853885 0.1581559 0.4717311 0.1581559 0.4717311 0.1166631 0.4495527 0.08029431 0.4197056 0.08029431 0.4197056 0.05044722 0.3833368 0.1581559 0.4717311 0.05044722 0.3833368 0.02826893 0.341844 0.1581559 0.4717311 0.02826893 0.341844 0.01461154 0.2968217 0.00999999 0.25 0.00999999 0.25 0.01461154 0.2031783 0.02826887 0.1581559 0.02826887 0.1581559 0.05044728 0.116663 0.1581559 0.02826887 0.05044728 0.116663 0.08029437 0.08029437 0.1581559 0.02826887 0.08029437 0.08029437 0.1166631 0.05044728 0.1581559 0.02826887 0.1581559 0.02826887 0.2031783 0.01461148 0.25 0.00999999 0.25 0.00999999 0.2968217 0.01461148 0.341844 0.02826887 0.341844 0.02826887 0.3833369 0.05044728 0.4197056 0.08029437 0.4197056 0.08029437 0.4495527 0.1166631 0.4717311 0.1581559 0.4717311 0.1581559 0.4853885 0.2031783 0.4717311 0.341844 0.4853885 0.2031783 0.49 0.25 0.4717311 0.341844 0.49 0.25 0.4853885 0.2968217 0.4717311 0.341844 0.4717311 0.341844 0.4495527 0.3833369 0.4197056 0.4197056 0.4197056 0.4197056 0.3833369 0.4495527 0.341844 0.4717311 0.02826893 0.341844 0.00999999 0.25 0.1581559 0.02826887 0.00999999 0.25 0.02826887 0.1581559 0.1581559 0.02826887 0.1581559 0.02826887 0.25 0.00999999 0.341844 0.02826887 0.341844 0.02826887 0.4197056 0.08029437 0.1581559 0.02826887 0.4197056 0.08029437 0.4717311 0.1581559 0.1581559 0.02826887 0.4717311 0.341844 0.4197056 0.4197056 0.341844 0.4717311 0.341844 0.4717311 0.1581559 0.4717311 0.02826893 0.341844 0.4717311 0.1581559 0.4717311 0.341844 0.341844 0.4717311 0.341844 0.4717311 0.02826893 0.341844 0.4717311 0.1581559 0.0625 1 0.03125 1 0.03125 0.5 0.03125 1 0 1 0 0.5 0.7031784 0.4853885 0.75 0.49 0.7968217 0.4853885 0.7968217 0.4853885 0.841844 0.4717311 0.8833369 0.4495527 0.8833369 0.4495527 0.9197056 0.4197056 0.9495527 0.3833369 0.9495527 0.3833369 0.9717311 0.341844 0.9853885 0.2968217 0.9853885 0.2968217 0.99 0.25 0.9853885 0.2031783 0.9853885 0.2031783 0.9717311 0.1581559 0.9495527 0.1166631 0.9495527 0.1166631 0.9197056 0.08029437 0.8833369 0.05044728 0.8833369 0.05044728 0.841844 0.02826887 0.7968217 0.01461148 0.7968217 0.01461148 0.75 0.00999999 0.6166631 0.05044728 0.75 0.00999999 0.7031784 0.01461148 0.6166631 0.05044728 0.7031784 0.01461148 0.658156 0.02826887 0.6166631 0.05044728 0.6166631 0.05044728 0.5802944 0.08029437 0.5504474 0.116663 0.5504474 0.116663 0.5282689 0.1581559 0.5146116 0.2031783 0.5146116 0.2031783 0.51 0.25 0.5146116 0.2968217 0.5146116 0.2968217 0.5282689 0.341844 0.5504473 0.3833368 0.5504473 0.3833368 0.5802944 0.4197056 0.6166631 0.4495527 0.6166631 0.4495527 0.658156 0.4717311 0.5504473 0.3833368 0.658156 0.4717311 0.7031784 0.4853885 0.5504473 0.3833368 0.7031784 0.4853885 0.7968217 0.4853885 0.9853885 0.2968217 0.7968217 0.4853885 0.8833369 0.4495527 0.9853885 0.2968217 0.8833369 0.4495527 0.9495527 0.3833369 0.9853885 0.2968217 0.9853885 0.2968217 0.9853885 0.2031783 0.9495527 0.1166631 0.9495527 0.1166631 0.8833369 0.05044728 0.9853885 0.2968217 0.8833369 0.05044728 0.7968217 0.01461148 0.9853885 0.2968217 0.6166631 0.05044728 0.5504474 0.116663 0.5146116 0.2031783 0.5146116 0.2031783 0.5146116 0.2968217 0.5504473 0.3833368 0.7968217 0.01461148 0.6166631 0.05044728 0.5146116 0.2031783 0.5146116 0.2031783 0.5504473 0.3833368 0.7031784 0.4853885 0.7031784 0.4853885 0.9853885 0.2968217 0.5146116 0.2031783</float_array>
          <technique_common>
            <accessor source="#Cylinder_006-mesh-map-0-array" count="372" stride="2">
              <param name="S" type="float"/>
              <param name="T" type="float"/>
            </accessor>
          </technique_common>
        </source>
        <vertices id="Cylinder_006-mesh-vertices">
          <input semantic="POSITION" source="#Cylinder_006-mesh-positions"/>
        </vertices>
        <triangles material="Material_011-material" count="124">
          <input semantic="VERTEX" source="#Cylinder_006-mesh-vertices" offset="0"/>
          <input semantic="NORMAL" source="#Cylinder_006-mesh-normals" offset="1"/>
          <input semantic="TEXCOORD" source="#Cylinder_006-mesh-map-0" offset="2" set="0"/>
          <p>1 0 0 2 0 1 0 0 2 3 1 3 4 1 4 2 1 5 5 2 6 6 2 7 4 2 8 7 3 9 8 3 10 6 3 11 9 4 12 10 4 13 8 4 14 11 5 15 12 5 16 10 5 17 13 6 18 14 6 19 12 6 20 15 7 21 16 7 22 14 7 23 17 8 24 18 8 25 16 8 26 19 9 27 20 9 28 18 9 29 21 10 30 22 10 31 20 10 32 23 11 33 24 11 34 22 11 35 25 12 36 26 12 37 24 12 38 27 13 39 28 13 40 26 13 41 29 14 42 30 14 43 28 14 44 31 15 45 32 15 46 30 15 47 33 16 48 34 16 49 32 16 50 35 17 51 36 17 52 34 17 53 37 18 54 38 18 55 36 18 56 39 19 57 40 19 58 38 19 59 41 20 60 42 20 61 40 20 62 43 21 63 44 21 64 42 21 65 45 22 66 46 22 67 44 22 68 47 23 69 48 23 70 46 23 71 49 24 72 50 24 73 48 24 74 51 25 75 52 25 76 50 25 77 53 26 78 54 26 79 52 26 80 55 27 81 56 27 82 54 27 83 57 28 84 58 28 85 56 28 86 59 29 87 60 29 88 58 29 89 53 30 90 37 30 91 21 30 92 61 31 93 62 31 94 60 31 95 63 32 96 0 32 97 62 32 98 14 33 99 30 33 100 46 33 101 1 34 102 3 34 103 2 34 104 3 35 105 5 35 106 4 35 107 5 36 108 7 36 109 6 36 110 7 3 111 9 3 112 8 3 113 9 37 114 11 37 115 10 37 116 11 38 117 13 38 118 12 38 119 13 39 120 15 39 121 14 39 122 15 40 123 17 40 124 16 40 125 17 41 126 19 41 127 18 41 128 19 42 129 21 42 130 20 42 131 21 43 132 23 43 133 22 43 134 23 44 135 25 44 136 24 44 137 25 45 138 27 45 139 26 45 140 27 46 141 29 46 142 28 46 143 29 47 144 31 47 145 30 47 146 31 48 147 33 48 148 32 48 149 33 49 150 35 49 151 34 49 152 35 50 153 37 50 154 36 50 155 37 51 156 39 51 157 38 51 158 39 52 159 41 52 160 40 52 161 41 53 162 43 53 163 42 53 164 43 54 165 45 54 166 44 54 167 45 22 168 47 22 169 46 22 170 47 55 171 49 55 172 48 55 173 49 56 174 51 56 175 50 56 176 51 57 177 53 57 178 52 57 179 53 58 180 55 58 181 54 58 182 55 59 183 57 59 184 56 59 185 57 60 186 59 60 187 58 60 188 59 61 189 61 61 190 60 61 191 5 62 192 3 62 193 61 62 194 3 62 195 1 62 196 61 62 197 1 63 198 63 63 199 61 63 200 61 64 201 59 64 202 57 64 203 57 65 204 55 65 205 61 65 206 55 62 207 53 62 208 61 62 209 53 66 210 51 66 211 49 66 212 49 67 213 47 67 214 45 67 215 45 62 216 43 62 217 37 62 218 43 62 219 41 62 220 37 62 221 41 62 222 39 62 223 37 62 224 37 68 225 35 68 226 33 68 227 33 69 228 31 69 229 29 69 230 29 62 231 27 62 232 25 62 233 25 62 234 23 62 235 21 62 236 21 62 237 19 62 238 13 62 239 19 62 240 17 62 241 13 62 242 17 62 243 15 62 244 13 62 245 13 70 246 11 70 247 9 70 248 9 62 249 7 62 250 5 62 251 53 71 252 49 71 253 37 71 254 49 72 255 45 72 256 37 72 257 37 62 258 33 62 259 29 62 260 29 62 261 25 62 262 37 62 263 25 73 264 21 73 265 37 73 266 13 74 267 9 74 268 5 74 269 5 62 270 61 62 271 53 62 272 21 75 273 13 75 274 5 75 275 5 76 276 53 76 277 21 76 278 61 77 279 63 77 280 62 77 281 63 78 282 1 78 283 0 78 284 62 79 285 0 79 286 2 79 287 2 80 288 4 80 289 6 80 290 6 81 291 8 81 292 10 81 293 10 82 294 12 82 295 14 82 296 14 81 297 16 81 298 18 81 299 18 83 300 20 83 301 22 83 302 22 81 303 24 81 304 26 81 305 26 84 306 28 84 307 30 84 308 30 85 309 32 85 310 38 85 311 32 86 312 34 86 313 38 86 314 34 81 315 36 81 316 38 81 317 38 87 318 40 87 319 42 87 320 42 81 321 44 81 322 46 81 323 46 81 324 48 81 325 50 81 326 50 88 327 52 88 328 54 88 329 54 81 330 56 81 331 58 81 332 58 81 333 60 81 334 54 81 335 60 89 336 62 89 337 54 89 338 62 90 339 2 90 340 14 90 341 2 81 342 6 81 343 14 81 344 6 91 345 10 91 346 14 91 347 14 81 348 18 81 349 22 81 350 22 81 351 26 81 352 14 81 353 26 81 354 30 81 355 14 81 356 38 92 357 42 92 358 46 92 359 46 93 360 50 93 361 54 93 362 30 81 363 38 81 364 46 81 365 46 94 366 54 94 367 62 94 368 62 81 369 14 81 370 46 81 371</p>
        </triangles>
      </mesh>
    </geometry>
    <geometry id="Cube_003-mesh" name="Cube.003">
      <mesh>
        <source id="Cube_003-mesh-positions">
          <float_array id="Cube_003-mesh-positions-array" count="60">-1.895999 -1.212301 -1 -1.895999 -1.212301 0.5308942 -2.598225 4.919397 -1 -2.598225 4.919397 0.5308942 0.3857796 -2.332777 -1 0.3857796 -2.332777 0.5308942 -0.9515334 4.025739 -1 -0.9515334 4.025739 0.5308942 -1.897673 0.2521896 -1 -1.897673 0.2521897 0.5308942 1.268692 -1.163148 -1 1.268692 -1.163148 0.5308942 -1.359692 1.373349 0.5308942 2.010807 0.9446671 -1 -1.359692 1.373349 -1 2.010807 0.9446671 0.5308942 -2.713846 3.309683 0.5308942 1.178333 2.23457 -1 -2.713846 3.309683 -1 1.178333 2.23457 0.5308942</float_array>
          <technique_common>
            <accessor source="#Cube_003-mesh-positions-array" count="20" stride="3">
              <param name="X" type="float"/>
              <param name="Y" type="float"/>
              <param name="Z" type="float"/>
            </accessor>
          </technique_common>
        </source>
        <source id="Cube_003-mesh-normals">
          <float_array id="Cube_003-mesh-normals-array" count="75">-0.9974304 0.07164257 0 0.4769849 0.8789115 0 0.7981319 -0.6024828 0 -0.4407777 -0.8976163 0 0 0 -1 0 0 1 0 0 1 0 0 -1 0.9432457 -0.3320958 0 -0.9999994 -0.00114274 0 0.840214 0.5422549 0 0 0 1 -0.9015784 0.4326157 0 0 0 1 0.6436303 0.7653366 0 -0.8194864 -0.5730987 0 0.7981319 -0.6024829 0 -0.4407776 -0.8976163 0 0 0 1 0 0 1 0.9432457 -0.3320958 0 -0.9999994 -0.001143157 0 0 0 -1 -0.9015784 0.4326157 0 0 0 1</float_array>
          <technique_common>
            <accessor source="#Cube_003-mesh-normals-array" count="25" stride="3">
              <param name="X" type="float"/>
              <param name="Y" type="float"/>
              <param name="Z" type="float"/>
            </accessor>
          </technique_common>
        </source>
        <source id="Cube_003-mesh-map-0">
          <float_array id="Cube_003-mesh-map-0-array" count="216">0.625 0.1896148 0.375 0.25 0.375 0.1896148 0.625 0.25 0.375 0.5 0.375 0.25 0.625 0.6796368 0.375 0.75 0.375 0.6796368 0.625 0.75 0.375 1 0.375 0.75 0.375 0.6796368 0.125 0.75 0.125 0.6796368 0.625 0.6796368 0.875 0.75 0.625 0.75 0.875 0.6207703 0.625 0.6796368 0.625 0.6207703 0.125 0.6207703 0.375 0.6796368 0.125 0.6796368 0.625 0.6207703 0.375 0.6796368 0.375 0.6207703 0.625 0 0.375 0.07036316 0.375 0 0.625 0.5603851 0.375 0.6207703 0.375 0.5603852 0.375 0.5603852 0.125 0.6207703 0.125 0.5603852 0.625 0.5603851 0.875 0.6207703 0.625 0.6207703 0.375 0.07036316 0.625 0.1292297 0.375 0.1292297 0.625 0.5 0.875 0.5603852 0.625 0.5603851 0.375 0.5 0.125 0.5603852 0.125 0.5 0.625 0.5 0.375 0.5603852 0.375 0.5 0.625 0.1292297 0.375 0.1896148 0.375 0.1292297 0.625 0.1896148 0.625 0.25 0.375 0.25 0.625 0.25 0.625 0.5 0.375 0.5 0.625 0.6796368 0.625 0.75 0.375 0.75 0.625 0.75 0.625 1 0.375 1 0.375 0.6796368 0.375 0.75 0.125 0.75 0.625 0.6796368 0.875 0.6796368 0.875 0.75 0.875 0.6207703 0.875 0.6796368 0.625 0.6796368 0.125 0.6207703 0.375 0.6207703 0.375 0.6796368 0.625 0.6207703 0.625 0.6796368 0.375 0.6796368 0.625 0 0.625 0.07036316 0.375 0.07036316 0.625 0.5603851 0.625 0.6207703 0.375 0.6207703 0.375 0.5603852 0.375 0.6207703 0.125 0.6207703 0.625 0.5603851 0.875 0.5603852 0.875 0.6207703 0.375 0.07036316 0.625 0.07036316 0.625 0.1292297 0.625 0.5 0.875 0.5 0.875 0.5603852 0.375 0.5 0.375 0.5603852 0.125 0.5603852 0.625 0.5 0.625 0.5603851 0.375 0.5603852 0.625 0.1292297 0.625 0.1896148 0.375 0.1896148</float_array>
          <technique_common>
            <accessor source="#Cube_003-mesh-map-0-array" count="108" stride="2">
              <param name="S" type="float"/>
              <param name="T" type="float"/>
            </accessor>
          </technique_common>
        </source>
        <vertices id="Cube_003-mesh-vertices">
          <input semantic="POSITION" source="#Cube_003-mesh-positions"/>
        </vertices>
        <triangles material="Material_005-material" count="36">
          <input semantic="VERTEX" source="#Cube_003-mesh-vertices" offset="0"/>
          <input semantic="NORMAL" source="#Cube_003-mesh-normals" offset="1"/>
          <input semantic="TEXCOORD" source="#Cube_003-mesh-map-0" offset="2" set="0"/>
          <p>16 0 0 2 0 1 18 0 2 3 1 3 6 1 4 2 1 5 11 2 6 4 2 7 10 2 8 5 3 9 0 3 10 4 3 11 10 4 12 0 4 13 8 4 14 11 5 15 1 5 16 5 5 17 12 6 18 11 6 19 15 6 20 14 7 21 10 7 22 8 7 23 15 8 24 10 8 25 13 8 26 1 9 27 8 9 28 0 9 29 19 10 30 13 10 31 17 10 32 17 7 33 14 7 34 18 7 35 19 11 36 12 11 37 15 11 38 8 12 39 12 12 40 14 12 41 7 13 42 16 13 43 19 13 44 6 7 45 18 7 46 2 7 47 7 14 48 17 14 49 6 14 50 12 15 51 18 15 52 14 15 53 16 0 54 3 0 55 2 0 56 3 1 57 7 1 58 6 1 59 11 16 60 5 16 61 4 16 62 5 17 63 1 17 64 0 17 65 10 7 66 4 7 67 0 7 68 11 18 69 9 18 70 1 18 71 12 19 72 9 19 73 11 19 74 14 7 75 13 7 76 10 7 77 15 20 78 11 20 79 10 20 80 1 21 81 9 21 82 8 21 83 19 10 84 15 10 85 13 10 86 17 22 87 13 22 88 14 22 89 19 13 90 16 13 91 12 13 92 8 23 93 9 23 94 12 23 95 7 24 96 3 24 97 16 24 98 6 7 99 17 7 100 18 7 101 7 14 102 19 14 103 17 14 104 12 15 105 16 15 106 18 15 107</p>
        </triangles>
      </mesh>
    </geometry>
    <geometry id="Cube_002-mesh" name="Cube.002">
      <mesh>
        <source id="Cube_002-mesh-positions">
          <float_array id="Cube_002-mesh-positions-array" count="60">0.2901351 -1.898195 -1 0.2901351 -1.898195 -0.1946686 -1.293955 4.854074 -1 -1.293955 4.854074 -0.1946686 1.58791 -1.538917 -1 1.58791 -1.538917 -0.1946686 0.8856842 4.592781 -1 0.8856842 4.592781 -0.1946686 -1.282538 -0.1937199 -1 -1.282538 -0.1937198 -0.1946686 1.586236 -0.07442665 -1 1.586236 -0.07442677 -0.1946686 -1.28628 1.460429 -0.1946686 2.124216 1.046735 -1 -1.28628 1.460429 -1 2.124216 1.046735 -0.1946686 -2.106658 2.863297 -0.1946686 0.770063 2.983066 -1 -2.106658 2.863297 -1 0.770063 2.983066 -0.1946686</float_array>
          <technique_common>
            <accessor source="#Cube_002-mesh-positions-array" count="20" stride="3">
              <param name="X" type="float"/>
              <param name="Y" type="float"/>
              <param name="Z" type="float"/>
            </accessor>
          </technique_common>
        </source>
        <source id="Cube_002-mesh-normals">
          <float_array id="Cube_002-mesh-normals-array" count="81">-0.9258247 0.3779534 0 0.119027 0.9928911 0 0.9999994 0.001142561 0 0.2668063 -0.9637503 0 0 0 -1 0 0 1 0 0 1 0 0 -1 0.9015789 -0.4326148 0 -0.7349514 -0.6781198 0 0.8194862 0.573099 0 0 0 1 -0.9999975 -0.002261638 -1.47863e-7 0.9974305 -0.07164245 0 -0.8632323 -0.5048072 0 0.119027 0.9928911 0 0.9999994 0.00114274 0 0.2668062 -0.9637503 0 0 0 1 0.9015789 -0.4326148 0 -0.7349513 -0.6781198 -2.30578e-7 0.8194862 0.573099 0 0 0 1 -0.9999975 -0.002261638 0 0 0 1 0.9974305 -0.07164257 0 -0.8632323 -0.5048071 0</float_array>
          <technique_common>
            <accessor source="#Cube_002-mesh-normals-array" count="27" stride="3">
              <param name="X" type="float"/>
              <param name="Y" type="float"/>
              <param name="Z" type="float"/>
            </accessor>
          </technique_common>
        </source>
        <source id="Cube_002-mesh-map-0">
          <float_array id="Cube_002-mesh-map-0-array" count="216">0.625 0.1896148 0.375 0.25 0.375 0.1896148 0.625 0.25 0.375 0.5 0.375 0.25 0.625 0.6796368 0.375 0.75 0.375 0.6796368 0.625 0.75 0.375 1 0.375 0.75 0.375 0.6796368 0.125 0.75 0.125 0.6796368 0.625 0.6796368 0.875 0.75 0.625 0.75 0.875 0.6207703 0.625 0.6796368 0.625 0.6207703 0.125 0.6207703 0.375 0.6796368 0.125 0.6796368 0.625 0.6207703 0.375 0.6796368 0.375 0.6207703 0.625 0 0.375 0.07036316 0.375 0 0.625 0.5603851 0.375 0.6207703 0.375 0.5603852 0.375 0.5603852 0.125 0.6207703 0.125 0.5603852 0.625 0.5603851 0.875 0.6207703 0.625 0.6207703 0.625 0.07036316 0.375 0.1292297 0.375 0.07036316 0.875 0.5 0.625 0.5603851 0.625 0.5 0.125 0.5 0.375 0.5603852 0.125 0.5603852 0.625 0.5 0.375 0.5603852 0.375 0.5 0.625 0.1292297 0.375 0.1896148 0.375 0.1292297 0.625 0.1896148 0.625 0.25 0.375 0.25 0.625 0.25 0.625 0.5 0.375 0.5 0.625 0.6796368 0.625 0.75 0.375 0.75 0.625 0.75 0.625 1 0.375 1 0.375 0.6796368 0.375 0.75 0.125 0.75 0.625 0.6796368 0.875 0.6796368 0.875 0.75 0.875 0.6207703 0.875 0.6796368 0.625 0.6796368 0.125 0.6207703 0.375 0.6207703 0.375 0.6796368 0.625 0.6207703 0.625 0.6796368 0.375 0.6796368 0.625 0 0.625 0.07036316 0.375 0.07036316 0.625 0.5603851 0.625 0.6207703 0.375 0.6207703 0.375 0.5603852 0.375 0.6207703 0.125 0.6207703 0.625 0.5603851 0.875 0.5603852 0.875 0.6207703 0.625 0.07036316 0.625 0.1292297 0.375 0.1292297 0.875 0.5 0.875 0.5603852 0.625 0.5603851 0.125 0.5 0.375 0.5 0.375 0.5603852 0.625 0.5 0.625 0.5603851 0.375 0.5603852 0.625 0.1292297 0.625 0.1896148 0.375 0.1896148</float_array>
          <technique_common>
            <accessor source="#Cube_002-mesh-map-0-array" count="108" stride="2">
              <param name="S" type="float"/>
              <param name="T" type="float"/>
            </accessor>
          </technique_common>
        </source>
        <vertices id="Cube_002-mesh-vertices">
          <input semantic="POSITION" source="#Cube_002-mesh-positions"/>
        </vertices>
        <triangles material="Material_005-material" count="36">
          <input semantic="VERTEX" source="#Cube_002-mesh-vertices" offset="0"/>
          <input semantic="NORMAL" source="#Cube_002-mesh-normals" offset="1"/>
          <input semantic="TEXCOORD" source="#Cube_002-mesh-map-0" offset="2" set="0"/>
          <p>16 0 0 2 0 1 18 0 2 3 1 3 6 1 4 2 1 5 11 2 6 4 2 7 10 2 8 5 3 9 0 3 10 4 3 11 10 4 12 0 4 13 8 4 14 11 5 15 1 5 16 5 5 17 12 6 18 11 6 19 15 6 20 14 7 21 10 7 22 8 7 23 15 8 24 10 8 25 13 8 26 1 9 27 8 9 28 0 9 29 19 10 30 13 10 31 17 10 32 17 4 33 14 4 34 18 4 35 19 11 36 12 11 37 15 11 38 9 12 39 14 12 40 8 12 41 3 5 42 19 5 43 7 5 44 2 4 45 17 4 46 18 4 47 7 13 48 17 13 49 6 13 50 12 14 51 18 14 52 14 14 53 16 0 54 3 0 55 2 0 56 3 15 57 7 15 58 6 15 59 11 16 60 5 16 61 4 16 62 5 17 63 1 17 64 0 17 65 10 4 66 4 4 67 0 4 68 11 5 69 9 5 70 1 5 71 12 18 72 9 18 73 11 18 74 14 4 75 13 4 76 10 4 77 15 19 78 11 19 79 10 19 80 1 20 81 9 20 82 8 20 83 19 21 84 15 21 85 13 21 86 17 4 87 13 4 88 14 4 89 19 22 90 16 22 91 12 22 92 9 23 93 12 23 94 14 23 95 3 24 96 16 24 97 19 24 98 2 4 99 6 4 100 17 4 101 7 25 102 19 25 103 17 25 104 12 26 105 16 26 106 18 26 107</p>
        </triangles>
      </mesh>
    </geometry>
    <geometry id="Cylinder_005-mesh" name="Cylinder.005">
      <mesh>
        <source id="Cylinder_005-mesh-positions">
          <float_array id="Cylinder_005-mesh-positions-array" count="750">-3.66103e-6 2.919203 0.08799839 0.1004454 0.897727 1.314022 0.5695046 2.863111 0.08799839 0.3648575 0.8716847 1.314022 1.117127 2.696992 0.08799839 0.6191084 0.7945587 1.314022 1.621819 2.427229 0.08799839 0.8534268 0.669313 1.314022 2.064185 2.064188 0.08799839 1.058809 0.5007604 1.314022 2.427225 1.621822 0.08799839 1.227361 0.2953785 1.314022 2.696988 1.117131 0.08799839 1.352607 0.06105941 1.314022 2.863108 0.5695084 0.08799839 1.429733 -0.1931914 1.314022 2.919199 -1.2666e-7 0.08799839 1.455776 -0.457603 1.314022 2.863108 -0.5695083 0.08799839 1.429733 -0.7220145 1.314022 2.529076 -1.099573 0.08799821 1.395667 -0.8847637 1.314022 2.273907 -1.410497 0.08799839 1.35654 -1.054493 1.314022 1.268724 -1.232962 1.314022 1.117127 -2.696992 0.08799839 0.5695046 -2.863111 0.08799839 -3.91621e-6 -2.919203 0.08799839 -0.5695117 -2.863111 0.08799839 -1.117134 -2.696992 0.08799839 -0.5904548 -1.672087 1.314022 -1.621826 -2.427228 0.08799839 -0.8247738 -1.546841 1.314022 -2.064192 -2.064188 0.08799839 -0.9548011 -1.367524 1.314022 -2.427232 -1.621823 0.08799839 -1.02647 -1.210584 1.314022 -2.696995 -1.117131 0.08799839 -1.151716 -0.9762654 1.314022 -2.679214 -0.5784792 0.08799839 -1.228842 -0.722015 1.314022 -2.735306 -0.008970677 0.08799839 -1.254884 -0.4576028 1.314022 -2.679214 0.5605378 0.08799839 -1.228842 -0.193191 1.314022 -2.696995 1.117131 0.08799839 -1.151715 0.06105995 1.314022 -2.427232 1.621822 0.08799839 -1.02647 0.2953781 1.314022 -2.064192 2.064188 0.08799839 -0.8579174 0.5007603 1.314022 -1.621826 2.427229 0.08799839 -0.6525354 0.669313 1.314022 -1.117134 2.696992 0.08799839 -0.4182168 0.7945587 1.314022 -0.5695117 2.863111 0.08799839 -0.1639658 0.8716849 1.314022 0.5695046 2.863111 1.314022 -3.66103e-6 2.919203 1.314022 1.117127 2.696992 1.314022 1.621819 2.427229 1.314022 2.064185 2.064188 1.314022 2.427225 1.621822 1.314022 2.696988 1.117131 1.314022 2.863108 0.5695084 1.314022 2.919199 -1.2666e-7 1.314022 2.863108 -0.5695083 1.314022 2.529076 -1.099573 1.314022 2.273907 -1.410497 1.314022 2.0843 -1.765227 1.314022 -1.117134 -2.696992 1.314022 -1.621826 -2.427228 1.314022 -2.064192 -2.064188 1.314022 -2.427232 -1.621823 1.314022 -2.696995 -1.117131 1.314022 -2.421323 -0.5850099 1.314022 -2.477415 -0.01550137 1.314022 -2.421323 0.5540071 1.314022 -2.696995 1.117131 1.314022 -2.427232 1.621822 1.314022 -2.064192 2.064188 1.314022 -1.621826 2.427229 1.314022 -1.117134 2.696992 1.314022 -0.5695117 2.863111 1.314022 0.3648577 0.8716847 0.08799839 0.1004457 0.897727 0.08799839 0.6191087 0.7945587 0.08799839 0.8534271 0.669313 0.08799839 1.058809 0.5007604 0.08799839 1.227361 0.2953785 0.08799839 1.352607 0.06105941 0.08799839 1.429734 -0.1931914 0.08799839 1.455776 -0.457603 0.08799839 1.429734 -0.7220145 0.08799839 1.395667 -0.8847637 0.08799839 1.35654 -1.054493 0.08799839 1.268724 -1.232962 0.08799839 0.6783155 -1.709765 0.08799839 0.3648579 -1.786891 0.08799839 0.0520038 -1.823698 0.08799839 -0.276997 -1.786891 0.08799839 -0.5904545 -1.672087 0.08799839 -0.8247736 -1.546841 0.08799839 -0.9548008 -1.367524 0.08799839 -1.026469 -1.210584 0.08799839 -1.151715 -0.9762654 0.08799839 -1.228842 -0.722015 0.08799839 -1.254884 -0.4576028 0.08799839 -1.228842 -0.193191 0.08799839 -1.151715 0.06105995 0.08799839 -1.02647 0.2953781 0.08799839 -0.8579171 0.5007603 0.08799839 -0.6525352 0.669313 0.08799839 -0.4182165 0.7945587 0.08799839 -0.1639655 0.8716849 0.08799839 -0.6525353 0.669313 0.9053474 -0.6525352 0.669313 0.4966729 -0.4182167 0.7945587 0.4966729 -0.4182167 0.7945587 0.9053475 0.05200362 -1.823698 0.9053474 0.05200368 -1.823698 0.4966729 -0.2769971 -1.786891 0.4966729 -0.2769972 -1.786891 0.9053475 0.8534269 0.669313 0.9053474 0.8534269 0.669313 0.4966729 1.058809 0.5007604 0.4966729 1.058809 0.5007604 0.9053475 -0.1639656 0.8716849 0.4966729 -0.1639657 0.8716849 0.9053475 -0.5904546 -1.672087 0.4966729 -0.5904547 -1.672087 0.9053475 1.227361 0.2953785 0.4966729 1.227361 0.2953785 0.9053475 0.1004456 0.897727 0.4966729 0.1004455 0.897727 0.9053475 -0.8247737 -1.546841 0.4966729 -0.8247737 -1.546841 0.9053475 1.352607 0.06105941 0.4966729 1.352607 0.06105941 0.9053475 -0.9548009 -1.367524 0.4966729 -0.954801 -1.367524 0.9053475 1.429734 -0.1931914 0.4966729 1.429733 -0.1931914 0.9053475 -1.02647 -1.210584 0.4966729 -1.02647 -1.210584 0.9053475 1.455776 -0.457603 0.4966729 1.455776 -0.457603 0.9053475 -1.151715 -0.9762654 0.4966729 -1.151715 -0.9762654 0.9053475 1.429733 -0.7220145 0.4966729 1.429733 -0.7220145 0.9053475 -1.228842 -0.722015 0.4966729 -1.228842 -0.722015 0.9053475 1.395667 -0.8847637 0.4966729 1.395667 -0.8847637 0.9053475 -1.254884 -0.4576028 0.4966729 -1.254884 -0.4576028 0.9053475 1.35654 -1.054493 0.4966729 1.35654 -1.054493 0.9053475 -1.228842 -0.193191 0.4966729 -1.228842 -0.193191 0.9053475 1.268724 -1.232962 0.4966729 1.268724 -1.232962 0.9053475 -1.151715 0.06105995 0.4966729 -1.151715 0.06105995 0.9053475 -1.02647 0.2953781 0.4966729 -1.02647 0.2953781 0.9053475 0.6783154 -1.709765 0.4966729 0.3648577 0.8716847 0.4966729 0.3648576 0.8716847 0.9053475 -0.8579172 0.5007603 0.4966729 -0.8579173 0.5007603 0.9053475 0.3648578 -1.786891 0.4966729 0.6191086 0.7945587 0.4966729 0.6191084 0.7945587 0.9053475 -3.66103e-6 2.919203 0.4966729 -3.66103e-6 2.919203 0.9053475 0.5695046 2.863111 0.9053474 0.5695046 2.863111 0.4966729 1.117127 2.696992 0.9053474 1.117127 2.696992 0.4966729 1.621819 2.427229 0.9053474 1.621819 2.427229 0.4966729 2.064185 2.064188 0.9053474 2.064185 2.064188 0.4966729 2.427225 1.621822 0.9053474 2.427225 1.621822 0.4966729 2.696988 1.117131 0.9053474 2.696988 1.117131 0.4966729 2.863108 0.5695084 0.9053474 2.863108 0.5695084 0.4966729 2.919199 -1.2666e-7 0.9053474 2.919199 -1.2666e-7 0.4966729 2.863108 -0.5695083 0.9053474 2.863108 -0.5695083 0.4966729 2.529076 -1.099573 0.9053473 2.529076 -1.099573 0.4966728 2.273907 -1.410497 0.9053475 2.273907 -1.410497 0.4966729 2.0843 -1.765227 0.9053475 2.0843 -1.765227 0.4966729 2.0843 -1.765227 0.08799839 1.117127 -2.696992 0.4966729 0.5695046 -2.863111 0.4966729 -3.91621e-6 -2.919203 0.9053474 -3.91621e-6 -2.919203 0.4966729 -0.5695117 -2.863111 0.9053474 -0.5695117 -2.863111 0.4966729 -1.117134 -2.696992 0.9053474 -1.117134 -2.696992 0.4966729 -1.621826 -2.427228 0.9053474 -1.621826 -2.427228 0.4966729 -2.064192 -2.064188 0.9053474 -2.064192 -2.064188 0.4966729 -2.427232 -1.621823 0.9053474 -2.427232 -1.621823 0.4966729 -2.696995 -1.117131 0.9053474 -2.696995 -1.117131 0.4966729 -2.421323 -0.5850099 0.9053474 -2.863115 -0.5695084 0.4966729 -2.477415 -0.01550137 0.9053474 -3.353121 -0.5650231 0.4966729 -2.421323 0.5540071 0.9053474 -2.863115 0.5695086 0.4966729 -2.696995 1.117131 0.9053474 -2.696995 1.117131 0.4966729 -2.427232 1.621822 0.9053474 -2.427232 1.621822 0.4966729 -2.064192 2.064188 0.9053474 -2.064192 2.064188 0.4966729 -1.621826 2.427229 0.9053474 -1.621826 2.427229 0.4966729 -1.117134 2.696992 0.9053474 -1.117134 2.696992 0.4966729 -0.5695117 2.863111 0.9053474 -0.5695117 2.863111 0.4966729 -2.973742 -0.5784792 0.4966729 -2.973742 -0.5784792 0.08799839 -3.029834 -0.008970677 0.08799839 -3.029834 -0.008970677 0.4966729 -2.973742 0.5605378 0.08799839 -2.973742 0.5605378 0.4966729 -2.973742 -0.5784792 0.9053474 -3.029834 -0.008970677 0.9053474 -2.973742 0.5605378 0.9053474 -3.353121 -0.5650231 0.08799839 -3.409213 0.004485368 0.08799839 -3.409213 0.004485368 0.4966729 -3.353121 0.5739939 0.08799839 -3.353121 0.5739939 0.4966729</float_array>
          <technique_common>
            <accessor source="#Cylinder_005-mesh-positions-array" count="250" stride="3">
              <param name="X" type="float"/>
              <param name="Y" type="float"/>
              <param name="Z" type="float"/>
            </accessor>
          </technique_common>
        </source>
        <source id="Cylinder_005-mesh-normals">
          <float_array id="Cylinder_005-mesh-normals-array" count="1233">0.09801733 0.9951848 0 0.2902845 0.9569404 0 0.4713968 0.8819214 0 0.6343934 0.7730104 0 0.7730106 0.6343931 0 0.8819213 0.4713969 0 0.9569404 0.2902845 0 0.9951848 0.09801703 0 0.9951847 -0.09801709 0 0.8460259 -0.5331419 0 0.7730102 -0.6343936 0 0.8819213 -0.4713966 0 0 0 -1 0 0 -1 0 0 -1 0 0 -1 0 0 -1 0 0 -1 -0.4713968 -0.8819212 0 -0.6343931 -0.7730107 0 -0.7730105 -0.6343933 0 -0.8819208 -0.4713976 0 -0.8879197 0.4599987 0 -0.9951848 -0.09801757 0 -0.9951848 0.09801703 0 -0.8981536 -0.4396821 0 -0.8819213 0.4713968 0 -0.7730104 0.6343935 0 -0.6343933 0.7730104 0 -0.4713966 0.8819214 0 0.4713961 -0.8819217 0 -0.2902848 0.9569404 0 -0.09801697 0.9951848 0 0 0 1 -1.85512e-7 0 1 0 0 1 0 0 1 -2.35514e-7 0 1 -1.38761e-7 0 1 -1.47579e-7 0 1 0 -2.41058e-7 1 0 2.57097e-7 1 0 0 -1 0 0 -1 0 0 -1 -5.32098e-7 0 1 3.56099e-7 0 1 4.66328e-7 0 1 -2.44729e-7 0 1 0 0 -1 0.111182 0.9938001 -6.93344e-7 -0.6343935 -0.7730103 -1.37235e-7 0.2902849 -0.9569403 0 0.3439087 0.9390031 2.86536e-7 -0.7730104 -0.6343935 -1.37235e-7 0.09801661 -0.9951848 0 0.4713961 0.8819217 4.46088e-7 -0.8819218 -0.4713958 -2.40161e-7 0.8095628 0.5870334 3.48922e-7 -0.95694 -0.2902861 -2.7447e-7 0.9096392 0.4153995 3.4462e-7 -0.9951848 -0.09801667 -2.91625e-7 0.8819211 0.4713971 3.26586e-7 -0.9951847 0.09801787 -2.81639e-7 0.9569398 0.2902869 1.98684e-7 -0.9787871 0.2048802 -2.53543e-7 0.995185 0.09801542 2.81792e-7 -0.9744433 0.2246339 -2.87184e-7 0.9951847 -0.09801775 2.91625e-7 -0.8972629 0.4414969 -3.16658e-7 0.9569403 -0.2902848 2.83047e-7 0.998875 -0.0474202 2.32722e-7 0.8819222 -0.471395 2.40162e-7 0.8894341 -0.4570636 0 -0.09801721 -0.9951848 0 0.7730104 -0.6343933 1.37235e-7 -0.2389234 0.9710385 2.88858e-7 -0.2902842 -0.9569405 -2.7447e-7 0.6343935 -0.7730104 0 -0.1168438 0.9931504 2.44881e-7 -0.4713963 -0.8819216 -2.74471e-7 -0.4713963 -0.8819215 -2.74471e-7 -0.4713963 -0.8819216 0 0 0 -1 0.6343935 -0.7730103 1.37235e-7 0.6343935 -0.7730104 1.37235e-7 -0.2902842 -0.9569405 -2.7447e-7 -0.2902843 -0.9569405 0 0 0 -1 0.7730111 -0.6343926 1.37235e-7 0.7730106 -0.6343932 1.37235e-7 -0.09801721 -0.9951848 0 -0.09801727 -0.9951847 0 0 0 -1 -0.546532 -0.8374382 3.17759e-7 0.8819212 -0.4713968 2.40162e-7 0.8819218 -0.4713957 0 0 0 -1 -0.5465323 -0.8374381 0 0.9569401 -0.2902854 2.83047e-7 0.95694 -0.2902858 0 -0.8972616 0.4414993 -3.16657e-7 -0.8972623 0.4414981 0 0.9951848 -0.09801667 0 0.995185 -0.09801554 2.91625e-7 -0.9744433 0.2246339 0 0.995185 0.09801548 0 0.9951848 0.09801757 2.98946e-7 -0.9787877 0.204877 -2.53543e-7 -0.9787874 0.2048786 0 0.9569403 0.2902849 1.98684e-7 0.9569401 0.2902859 0 -0.9951847 0.09801781 -2.81639e-7 -0.9951847 0.09801781 0 0.8819215 0.4713962 3.26586e-7 0.8819217 0.4713962 0 -0.9951847 -0.09801781 -2.84303e-7 -0.9951847 -0.09801781 0 0.9096394 0.4153989 0 0.9096389 0.4154 3.4462e-7 -0.9569403 -0.2902851 0 -0.9569406 -0.290284 -2.7447e-7 0.8095631 0.5870329 -1.5477e-7 0.8095629 0.5870333 0 -0.8819213 -0.4713969 0 -0.8819215 -0.4713966 -2.40161e-7 0.4713962 0.8819216 0 0.4713962 0.8819216 0 0.09801667 -0.9951848 0 0.09801667 -0.9951848 2.74471e-7 -0.773011 -0.6343928 0 -0.773011 -0.6343926 -1.37235e-7 0 0 -1 0.3439088 0.9390031 -3.00746e-7 0.2902849 -0.9569403 0 0.2902849 -0.9569404 0 -0.6343928 -0.773011 -1.37235e-7 -0.6343933 -0.7730105 0 0 0 -1 0.111182 0.9938001 -5.05569e-7 0.4713963 -0.8819215 2.10616e-7 0.4713963 -0.8819215 2.10616e-7 -0.09801697 0.9951848 0 -0.09801697 0.9951848 0 -0.2902848 0.9569404 0 -0.4713965 0.8819214 0 -0.4713966 0.8819214 0 -0.6343936 0.7730103 0 -0.6343934 0.7730104 0 -0.7730106 0.6343932 0 -0.7730109 0.634393 0 -0.8819212 0.4713968 0 -0.8819212 0.4713969 0 -0.9994902 -0.03192931 0 -0.9569401 0.2902854 0 0.08082431 -0.9967284 0 0.01181745 0.9996141 0.02514147 0 -0.9997593 0.02194547 -0.9994556 0.03299164 0 -0.9569405 -0.2902843 0 -0.8819211 -0.4713973 0 -0.7730106 -0.634393 0 -0.634393 -0.7730107 0 -0.6343929 -0.7730108 0 -0.4713969 -0.8819212 0 -0.4713969 -0.8819213 0 -0.2902848 -0.9569404 0 -0.2902848 -0.9569403 0 -0.09801697 -0.9951848 0 -0.09801697 -0.9951848 0 0.09801685 -0.9951848 0 -0.5465324 -0.837438 0 0.2902848 -0.9569404 0 0.9137964 0.4061726 0 0 0 1 0 0 1 6.58003e-7 0 1 0.8819214 -0.4713967 -7.69382e-7 0.8819214 -0.4713966 0 0.7730104 -0.6343933 0 0.7730104 -0.6343934 0 0.8460261 -0.5331414 0 0.8460263 -0.5331414 0 0.9951848 -0.09801715 0 0.9951848 -0.09801715 0 0.9951847 0.09801703 0 0.9951847 0.09801805 0 0.9569405 0.2902846 0 0.9569404 0.2902846 0 0.8819212 0.4713969 0 0.8819215 0.4713965 0 0.7730108 0.6343929 0 0.6343935 0.7730103 0 0.4713968 0.8819212 0 0.4713968 0.8819214 0 0.2902845 0.9569404 0 0.2902845 0.9569404 0 0.09801733 0.9951848 0 0.09801733 0.9951848 0 0 0 -1 0 0 -1 0 2.71191e-7 -1 -1.82963e-7 -3.72184e-7 -1 0 0 -1 -0.03544646 -0.9993717 0 -0.9951847 0.09801805 0 0.03544646 0.9993717 0 -0.9951847 -0.09801709 0 -3.023e-7 0 1 -0.08082437 0.9967284 0 -3.78474e-7 0 1 -0.9951847 0.09801703 0 -0.9951847 -0.09801703 0 0 0 -1 0 0 -1 0 0 1 -2.74911e-7 0 1 0.4713966 0.8819214 0 0.7730107 0.6343932 0 0.9569401 0.2902854 0 0.9951848 0.09801703 0 0.9951848 -0.09801703 0 0.8460261 -0.5331416 0 0.8819215 -0.4713963 0 0 0 -1 0 0 -1 0 0 -1 -0.6343932 -0.7730106 0 -0.7730106 -0.6343932 0 -0.8819213 -0.4713969 0 -0.8879202 0.4599976 0 -0.9951848 -0.09801703 0 -0.9951847 0.09801751 0 -0.8981533 -0.4396825 0 -0.8819215 0.4713963 0 -0.7730113 0.6343924 0 -0.6343935 0.7730104 0 -0.4713965 0.8819215 0 0.4713962 -0.8819217 0 -0.2902848 0.9569404 0 -0.09801697 0.9951848 0 5.07267e-7 0 1 -5.33038e-7 0 1 0 0 1 0 0 1 3.51374e-7 0 1 0 0 -1 0 0 -1 0 0 -1 0 0 -1 0 0 1 0 0 1 -1.77542e-7 0 1 0 0 1 0 0 1 0 0 1 0 0 1 3.08854e-7 0 1 0 0 -1 0.111182 0.9938001 8.81119e-7 -0.6343935 -0.7730103 -2.34536e-7 0.2902849 -0.9569403 0 0.3439087 0.9390032 0 -0.7730103 -0.6343935 -2.7614e-7 0.09801661 -0.9951848 0 0.4713963 0.8819215 -5.4894e-7 -0.8819214 -0.4713967 -2.71184e-7 0.8095631 0.587033 0 -0.9569403 -0.2902851 -2.79884e-7 0.9096394 0.4153987 2.11339e-7 -0.9951848 -0.09801673 -2.96282e-7 0.8819214 0.4713967 2.7447e-7 -0.9951847 0.09801781 -2.91625e-7 0.9569404 0.2902844 4.11706e-7 -0.9787878 0.2048769 -3.2893e-7 0.9951849 0.09801542 2.91624e-7 -0.9744436 0.2246323 -3.14004e-7 0.995185 -0.09801554 2.84303e-7 -0.8972623 0.4414981 -1.83315e-7 0.9569403 -0.2902848 2.78389e-7 0.9988752 -0.04742014 0 0.8819213 -0.4713968 2.77633e-7 0.8894339 -0.4570638 1.66016e-7 -0.09801721 -0.9951848 0 0.7730105 -0.6343933 3.12066e-7 -0.2389233 0.9710385 -9.03629e-7 -0.2902842 -0.9569405 0 0.6343935 -0.7730103 2.72801e-7 -0.1168438 0.9931504 0 -0.4713966 -0.8819214 0 -0.4713967 -0.8819213 0 -0.4713963 -0.8819215 0 0 0 -1 0.6343935 -0.7730104 1.36401e-7 0.6343935 -0.7730104 2.72801e-7 -0.2902842 -0.9569405 0 -0.2902842 -0.9569405 0 0 0 -1 0.7730106 -0.6343932 1.74831e-7 0.7730107 -0.634393 0 -0.09801715 -0.9951847 0 -0.09801721 -0.9951848 -2.29244e-7 -0.5465328 -0.8374378 0 0.8819222 -0.471395 2.77633e-7 0.8819217 -0.4713959 0 -0.5465322 -0.8374381 0 0.9569398 -0.2902863 0 0.95694 -0.2902857 2.78389e-7 -0.897263 0.4414967 0 -0.8972629 0.4414968 -1.83315e-7 0.9951848 -0.09801661 0 0.9951847 -0.09801775 2.84303e-7 -0.9744433 0.2246338 -3.14003e-7 -0.9744433 0.2246338 0 0.9951848 0.09801757 2.7447e-7 0.9951849 0.09801542 0 -0.9787871 0.2048802 -3.2893e-7 0.9569399 0.2902864 4.11706e-7 0.9569402 0.2902854 0 -0.9951847 0.09801787 -2.91625e-7 0.8819215 0.4713963 0 0.8819215 0.4713963 2.7447e-7 -0.9951847 -0.09801775 0 -0.9951847 -0.09801781 -2.96282e-7 0.9096391 0.4153994 2.11339e-7 0.9096395 0.4153987 2.11339e-7 -0.9569404 -0.290285 0 -0.9569399 -0.290286 -2.79884e-7 0.8095624 0.5870339 3.29231e-7 0.8095629 0.5870332 0 -0.8819215 -0.4713966 0 -0.8819214 -0.4713966 -2.71184e-7 0.4713963 0.8819215 5.4894e-7 0.4713961 0.8819217 0 0.09801661 -0.9951848 0 0.09801661 -0.9951848 0 -0.773011 -0.6343928 -2.7614e-7 0.3439087 0.9390032 8.73818e-7 0.2902848 -0.9569403 0 0.2902848 -0.9569403 0 -0.6343933 -0.7730105 -2.34536e-7 -0.6343935 -0.7730103 0 0.111182 0.9938001 8.81119e-7 0.4713961 -0.8819217 0 0.4713961 -0.8819217 2.74471e-7 -0.09801697 0.9951848 0 -0.2902848 0.9569404 0 -0.2902848 0.9569404 0 -0.4713965 0.8819215 0 -0.6343936 0.7730103 0 -0.8819217 0.4713961 0 -0.8819214 0.4713965 0 -0.8768728 0.2659971 -0.4004246 -0.6497774 -0.3180925 0.690367 -0.01181745 -0.9996141 -0.02514147 -0.08082431 0.9967284 0 0.08082437 -0.9967284 0 -0.8809416 -0.2672304 -0.3905509 -0.6350135 0.3289769 0.6989507 -0.8819211 -0.4713969 0 -0.8819212 -0.4713971 0 -0.6343933 -0.7730105 0 -0.4713968 -0.8819213 0 -0.4713969 -0.8819212 0 -0.2902848 -0.9569404 0 -0.09801697 -0.9951848 0 -0.09801703 -0.9951848 0 0.09801685 -0.9951848 0 -0.5465322 -0.8374381 -4.59481e-7 0.2902848 -0.9569404 0 0.9137965 0.4061725 5.40001e-7 -2.00862e-7 0 1 -1.42068e-7 0 1 1.6233e-7 0 1 0.8819214 -0.4713967 0 0.8819213 -0.4713968 0 0.7730108 -0.634393 0 0.8460257 -0.5331421 0 0.846026 -0.5331417 0 0.9951847 -0.09801816 0 0.9569402 0.2902855 0 0.8819216 0.4713962 0 0.8819212 0.4713971 0 0.7730103 0.6343935 0 0.7730104 0.6343934 0 0.6343933 0.7730104 0 0.6343932 0.7730106 0 0.4713965 0.8819215 0 0.4713966 0.8819214 0 0.2902844 0.9569404 0 0.09801733 0.9951847 0 0.09801733 0.9951847 0 0 0 -1 0 0 -1 0 0 -1 0 0 -1 -1.26262e-7 0 -1 0 0 -1 0 0 -1 -0.03544646 -0.9993717 0 -0.9951847 0.09801709 0 0.03544646 0.9993717 0 -0.9951847 -0.09801805 0 3.79357e-7 0 1 0 0.9997593 -0.02194547 3.01597e-7 0 1 -0.9951848 0.09801703 0 0 0 -1 0 0 -1 2.76839e-7 0 1 0 0 1</float_array>
          <technique_common>
            <accessor source="#Cylinder_005-mesh-normals-array" count="411" stride="3">
              <param name="X" type="float"/>
              <param name="Y" type="float"/>
              <param name="Z" type="float"/>
            </accessor>
          </technique_common>
        </source>
        <source id="Cylinder_005-mesh-map-0">
          <float_array id="Cylinder_005-mesh-map-0-array" count="2976">1 0.8333333 0.96875 1 0.9687501 0.8333333 0.96875 1 0.9375 0.8333333 0.9687501 0.8333333 0.9375 1 0.90625 0.8333333 0.9375 0.8333333 0.90625 1 0.875 0.8333333 0.90625 0.8333333 0.875 1 0.84375 0.8333333 0.875 0.8333333 0.84375 1 0.8125 0.8333333 0.84375 0.8333333 0.8125 1 0.78125 0.8333333 0.8125 0.8333333 0.78125 1 0.75 0.8333333 0.78125 0.8333333 0.75 1 0.71875 0.8333333 0.75 0.8333333 0.71875 0.8333333 0.6875 1 0.6875 0.8333333 0.6875 1 0.65625 0.8333333 0.6875 0.8333333 0.65625 1 0.625 0.8333333 0.65625 0.8333333 0.125 0.5 0.1913393 0.3377919 0.1753391 0.3246608 0.15625 0.5 0.1753391 0.3246608 0.1622081 0.3086607 0.1875 0.5 0.1622081 0.3086607 0.1524509 0.2904062 0.21875 0.5 0.1524509 0.2904062 0.1464424 0.2705989 0.25 0.5 0.1464424 0.2705989 0.1444135 0.25 0.1444135 0.25 0.28125 0.5 0.25 0.5 0.4375 1 0.40625 0.8333333 0.4375 0.8333333 0.40625 1 0.375 0.8333333 0.40625 0.8333333 0.375 1 0.34375 0.8333333 0.375 0.8333333 0.34375 1 0.3125 0.8333333 0.34375 0.8333333 0.3125 1 0.28125 0.8333333 0.3125 0.8333333 0.28125 1 0.25 0.8333333 0.28125 0.8333333 0.25 1 0.21875 0.8333333 0.25 0.8333333 0.21875 1 0.1875 0.8333333 0.21875 0.8333333 0.1875 1 0.15625 0.8333333 0.1875 0.8333333 0.15625 1 0.125 0.8333333 0.15625 0.8333333 0.125 1 0.09375 0.8333333 0.125 0.8333333 0.09375 1 0.0625 0.8333333 0.09375 0.8333333 0.2095937 0.3475491 0.1913393 0.3377919 0.2095938 0.3475491 0.0625 1 0.03125 0.8333333 0.0625 0.8333333 0.03125 1 0 0.8333333 0.03125 0.8333333 0.2499999 0.3555863 0.2968217 0.4853885 0.25 0.49 0.270599 0.3535575 0.341844 0.4717311 0.2968217 0.4853885 0.2904062 0.3475491 0.3833369 0.4495527 0.341844 0.4717311 0.3086606 0.3377918 0.4197056 0.4197056 0.3833369 0.4495527 0.3246608 0.3246609 0.4495527 0.3833369 0.4197056 0.4197056 0.3377919 0.3086607 0.4717311 0.341844 0.4495527 0.3833369 0.3475491 0.2904062 0.4853885 0.2968217 0.4717311 0.341844 0.3535575 0.2705988 0.49 0.25 0.4853885 0.2968217 0.3555864 0.25 0.4853885 0.2031783 0.49 0.25 0.3535575 0.2294011 0.4717311 0.1581559 0.4853885 0.2031783 0.3475492 0.2095938 0.4495527 0.1166631 0.4717311 0.1581559 0.3377918 0.1913393 0.4197056 0.08029437 0.4495527 0.1166631 0.90625 0.5 0.2904062 0.3475491 0.9375 0.5 0.9375 0.5 0.270599 0.3535575 0.96875 0.5 0.96875 0.5 0.2499999 0.3555863 0 0.5 0 0.5 0.2294011 0.3535575 0.03125 0.5 0.0625 0.5 0.2294011 0.3535575 0.2095938 0.3475491 0.09375 0.5 0.2095938 0.3475491 0.1913393 0.3377919 0.1913393 0.1622081 0.1581559 0.02826887 0.2095938 0.1524509 0.1753391 0.1753391 0.1166631 0.05044728 0.1913393 0.1622081 0.1622081 0.1913393 0.08029437 0.08029437 0.1753391 0.1753391 0.1524509 0.2095938 0.05044728 0.116663 0.1622081 0.1913393 0.1524509 0.2095938 0.01461154 0.2031783 0.02826887 0.1581559 0.1444135 0.25 0.01461154 0.2031783 0.1464424 0.2294011 0.1464424 0.2705989 0.00999999 0.25 0.1444135 0.25 0.1524509 0.2904062 0.01461154 0.2968217 0.1464424 0.2705989 0.1622081 0.3086607 0.02826893 0.341844 0.1524509 0.2904062 0.1753391 0.3246608 0.05044722 0.3833368 0.1622081 0.3086607 0.1913393 0.3377919 0.08029431 0.4197056 0.1753391 0.3246608 0.2095938 0.3475491 0.1166631 0.4495527 0.1913393 0.3377919 0.2294011 0.3535575 0.1581559 0.4717311 0.2095938 0.3475491 0.2294011 0.3535575 0.25 0.49 0.2031783 0.4853885 0.5 0.5 0.2294011 0.1464424 0.25 0.1444136 0.25 0.1444136 0.2294011 0.1464424 0.2294011 0.1464424 0.3246608 0.3246609 0.3086606 0.3377918 0.3246608 0.3246609 0.2294011 0.3535575 0.2095938 0.3475491 0.2294011 0.3535575 0.2294011 0.1464424 0.2095938 0.1524509 0.2095938 0.1524509 0.3377919 0.3086607 0.3246608 0.3246609 0.3377919 0.3086607 0.2499999 0.3555863 0.2294011 0.3535575 0.2499999 0.3555863 0.2095938 0.1524509 0.1913393 0.1622081 0.1913393 0.1622081 0.3475491 0.2904062 0.3377919 0.3086607 0.3475491 0.2904062 0.1913393 0.1622081 0.1753391 0.1753391 0.1753391 0.1753391 0.3535575 0.2705988 0.3475491 0.2904062 0.3535575 0.2705988 0.1753391 0.1753391 0.1622081 0.1913393 0.1622081 0.1913393 0.3555864 0.25 0.3535575 0.2705988 0.3555864 0.25 0.1622081 0.1913393 0.1524509 0.2095938 0.1524509 0.2095938 0.3555864 0.25 0.3535575 0.2294011 0.3535575 0.2294011 0.1524509 0.2095938 0.1464424 0.2294011 0.1464424 0.2294011 0.3535575 0.2294011 0.3475492 0.2095938 0.3475492 0.2095938 0.1464424 0.2294011 0.1444135 0.25 0.1444135 0.25 0.3475492 0.2095938 0.3377918 0.1913393 0.3377918 0.1913393 0.1464424 0.2705989 0.1444135 0.25 0.1464424 0.2705989 0.3377918 0.1913393 0.3246608 0.1753392 0.3246608 0.1753392 0.1524509 0.2904062 0.1464424 0.2705989 0.1524509 0.2904062 0.2499999 0.1444136 0.5 0.6666666 0.25 0.1444136 0.1622081 0.3086607 0.1524509 0.2904062 0.1622081 0.3086607 0.4375 0.8333333 0.2095938 0.1524509 0.4375 1 0.270599 0.3535575 0.2499999 0.3555863 0.270599 0.3535575 0.1753391 0.3246608 0.1622081 0.3086607 0.1753391 0.3246608 0.2904062 0.1524509 0.2705988 0.1464424 0.2705988 0.1464424 0.2904062 0.347549 0.270599 0.3535575 0.2904062 0.3475491 0.1913393 0.3377919 0.1753391 0.3246608 0.1913393 0.3377919 0.2705988 0.1464424 0.25 0.1444136 0.25 0.1444136 0.3086606 0.3377918 0.2904062 0.3475491 0.3086606 0.3377918 0.3086606 0.3377918 0.2904062 0.347549 0.3086606 0.3377918 0.3086606 0.3377918 0.2904062 0.347549 0.3086606 0.3377918 0.1464424 0.2294011 0.3125 0.5 0.28125 0.5 0.53125 0.5 0.25 0.1444136 0.2705988 0.1464424 0.1913393 0.3377919 0.1753391 0.3246608 0.1913393 0.3377918 0.1913393 0.3377918 0.1753391 0.3246608 0.1913393 0.3377919 0.2904062 0.3475491 0.270599 0.3535575 0.2904062 0.347549 0.2904062 0.347549 0.270599 0.3535575 0.2904062 0.347549 0.34375 0.5 0.1524509 0.2095938 0.1622081 0.1913393 0.2904062 0.1524509 0.53125 0.5 0.2705988 0.1464424 0.1753391 0.3246608 0.1622081 0.3086607 0.1753391 0.3246608 0.1753391 0.3246608 0.1622081 0.3086607 0.1753391 0.3246608 0.270599 0.3535575 0.2499999 0.3555863 0.270599 0.3535575 0.270599 0.3535575 0.2499999 0.3555863 0.270599 0.3535575 0.375 0.5 0.1622081 0.1913393 0.1753391 0.1753391 0.3246608 0.1753392 0.625 0.5 0.625 0.6666666 0.1622081 0.3086607 0.1524509 0.2904062 0.1622081 0.3086607 0.1524509 0.2904062 0.1622081 0.3086607 0.1622081 0.3086607 0.40625 0.5 0.1753391 0.1753391 0.1913393 0.1622081 0.3246608 0.1753392 0.625 0.6666666 0.625 0.8333333 0.1524509 0.2904062 0.1464424 0.2705989 0.1524509 0.2904062 0.1524509 0.2904062 0.1464424 0.2705989 0.1524509 0.2904062 0.3377918 0.1913393 0.3246608 0.1753392 0.3246608 0.1753392 0.3377918 0.1913393 0.3246608 0.1753392 0.3246608 0.1753392 0.1444135 0.25 0.1464424 0.2705989 0.1464424 0.2705989 0.1464424 0.2705989 0.1444135 0.25 0.1464424 0.2705989 0.3475492 0.2095938 0.3377918 0.1913393 0.3377918 0.1913393 0.3475492 0.2095938 0.3377918 0.1913393 0.3377918 0.1913393 0.1464424 0.2294011 0.1444135 0.25 0.1444135 0.25 0.1464424 0.2294011 0.1444135 0.25 0.1444135 0.25 0.3535575 0.2294011 0.3475492 0.2095938 0.3475492 0.2095938 0.3535575 0.2294011 0.3475492 0.2095938 0.3475492 0.2095938 0.1524509 0.2095938 0.1464424 0.2294011 0.1464424 0.2294011 0.1524509 0.2095938 0.1464424 0.2294011 0.1464424 0.2294011 0.3555864 0.25 0.3535575 0.2294011 0.3535575 0.2294011 0.3555864 0.25 0.3535575 0.2294011 0.3535575 0.2294011 0.1622081 0.1913393 0.1524509 0.2095938 0.1524509 0.2095938 0.1622081 0.1913393 0.1524509 0.2095938 0.1524509 0.2095938 0.3535575 0.2705988 0.3555864 0.25 0.3555864 0.25 0.3555864 0.25 0.3535575 0.2705988 0.3555864 0.25 0.1753391 0.1753391 0.1622081 0.1913393 0.1622081 0.1913393 0.1753391 0.1753391 0.1622081 0.1913393 0.1622081 0.1913393 0.3475491 0.2904062 0.3535575 0.2705988 0.3535575 0.2705988 0.3535575 0.2705988 0.3475491 0.2904062 0.3535575 0.2705988 0.1913393 0.1622081 0.1753391 0.1753391 0.1753391 0.1753391 0.1913393 0.162208 0.1753391 0.1753391 0.1753391 0.1753391 0.3377919 0.3086607 0.347549 0.2904062 0.3475491 0.2904062 0.347549 0.2904062 0.3377919 0.3086607 0.3475491 0.2904062 0.2095938 0.1524509 0.1913393 0.162208 0.1913393 0.1622081 0.2095938 0.1524509 0.1913393 0.1622081 0.1913393 0.162208 0.2499999 0.3555863 0.2294011 0.3535575 0.2499999 0.3555863 0.2499999 0.3555863 0.2294011 0.3535575 0.2499999 0.3555863 0.3377919 0.3086607 0.3246608 0.3246608 0.3377919 0.3086607 0.3377919 0.3086607 0.3246608 0.3246609 0.3377919 0.3086607 0.4375 0.5 0.1913393 0.1622081 0.2095938 0.1524509 0.2294011 0.1464424 0.2095938 0.1524509 0.2095938 0.1524509 0.2294011 0.3535575 0.2095938 0.3475491 0.2294011 0.3535575 0.2294011 0.3535575 0.2095937 0.3475491 0.2294011 0.3535575 0.3246608 0.3246609 0.3086606 0.3377918 0.3246608 0.3246608 0.3086606 0.3377918 0.3246608 0.3246609 0.3246608 0.3246608 0.46875 0.5 0.2095938 0.1524509 0.2294011 0.1464424 0.2499999 0.1444136 0.2294011 0.1464424 0.2294011 0.1464424 0.1913393 0.3377919 0.2095938 0.3475491 0.2095938 0.3475491 0.1913393 0.3377918 0.2095937 0.3475491 0.2095938 0.3475491 0.03125 0.6666666 0 0.5 0.03125 0.5 0.03125 0.8333333 0 0.6666666 0.03125 0.6666666 0.0625 0.6666666 0.03125 0.5 0.0625 0.5 0.0625 0.8333333 0.03125 0.6666666 0.0625 0.6666666 0.09375 0.6666666 0.0625 0.5 0.09375 0.5 0.09375 0.8333333 0.0625 0.6666666 0.09375 0.6666666 0.125 0.6666666 0.09375 0.5 0.125 0.5 0.125 0.8333333 0.09375 0.6666666 0.125 0.6666666 0.15625 0.6666666 0.125 0.5 0.15625 0.5 0.15625 0.8333333 0.125 0.6666666 0.15625 0.6666666 0.1875 0.6666666 0.15625 0.5 0.1875 0.5 0.1875 0.8333333 0.15625 0.6666666 0.1875 0.6666666 0.21875 0.5 0.1875 0.6666666 0.1875 0.5 0.21875 0.6666666 0.1875 0.8333333 0.1875 0.6666666 0.25 0.5 0.28125 0.5 0.25 0.5 0.28125 0.6666666 0.28125 0.8333333 0.28125 0.6666666 0.21875 0.6666666 0.21875 0.8333333 0.21875 0.8333333 0.28125 0.6666666 0.28125 0.5 0.28125 0.5 0.3125 0.6666666 0.28125 0.5 0.3125 0.5 0.3125 0.8333333 0.28125 0.6666666 0.3125 0.6666666 0.34375 0.6666666 0.3125 0.5 0.34375 0.5 0.34375 0.8333333 0.3125 0.6666666 0.34375 0.6666666 0.375 0.6666666 0.34375 0.5 0.375 0.5 0.375 0.8333333 0.34375 0.6666666 0.375 0.6666666 0.40625 0.6666666 0.375 0.5 0.40625 0.5 0.40625 0.8333333 0.375 0.6666666 0.40625 0.6666666 0.4375 0.6666666 0.40625 0.5 0.4375 0.5 0.4375 0.8333333 0.40625 0.6666666 0.4375 0.6666666 0.46875 0.6666666 0.4375 0.5 0.46875 0.5 0.46875 0.8333333 0.4375 0.6666666 0.46875 0.6666666 0.5 0.6666666 0.46875 0.5 0.5 0.5 0.5 0.8333333 0.46875 0.6666666 0.5 0.6666666 0.53125 0.6666666 0.5 0.5 0.53125 0.5 0.625 1 0.3246608 0.1753392 0.625 0.8333333 0.5625 0.6666666 0.53125 0.5 0.5625 0.5 0.2904062 0.1524509 0.5625 0.6666666 0.5625 0.5 0.46875 0.8333333 0.2095938 0.1524509 0.4375 0.8333333 0.2904062 0.1524509 0.53125 0.6666666 0.5625 0.6666666 0.2294011 0.1464424 0.5 0.8333333 0.2499999 0.1444136 0.53125 0.6666666 0.25 0.1444136 0.5 0.6666666 0.65625 0.5 0.625 0.6666666 0.625 0.5 0.65625 0.8333333 0.625 0.6666666 0.65625 0.6666666 0.6875 0.6666666 0.65625 0.5 0.6875 0.5 0.6875 0.8333333 0.65625 0.6666666 0.6875 0.6666666 0.71875 0.5 0.6875 0.6666666 0.6875 0.5 0.71875 0.6666666 0.6875 0.8333333 0.6875 0.6666666 0.75 0.6666666 0.71875 0.5 0.75 0.5 0.75 0.8333333 0.71875 0.6666666 0.75 0.6666666 0.78125 0.6666666 0.75 0.5 0.78125 0.5 0.78125 0.8333333 0.75 0.6666666 0.78125 0.6666666 0.8125 0.6666666 0.78125 0.5 0.8125 0.5 0.8125 0.8333333 0.78125 0.6666666 0.8125 0.6666666 0.84375 0.6666666 0.8125 0.5 0.84375 0.5 0.84375 0.8333333 0.8125 0.6666666 0.84375 0.6666666 0.875 0.6666666 0.84375 0.5 0.875 0.5 0.875 0.8333333 0.84375 0.6666666 0.875 0.6666666 0.90625 0.6666666 0.875 0.5 0.90625 0.5 0.90625 0.8333333 0.875 0.6666666 0.90625 0.6666666 0.9375 0.6666666 0.90625 0.5 0.9375 0.5 0.9375 0.8333333 0.90625 0.6666666 0.9375 0.6666666 0.9687501 0.6666666 0.9375 0.5 0.96875 0.5 0.9687501 0.8333333 0.9375 0.6666666 0.9687501 0.6666666 1 0.6666666 0.96875 0.5 1 0.5 1 0.6666666 0.9687501 0.8333333 0.9687501 0.6666666 0.875 0.5 0.3086606 0.3377918 0.90625 0.5 0.84375 0.5 0.3246608 0.3246609 0.875 0.5 0.8125 0.5 0.3377919 0.3086607 0.84375 0.5 0.78125 0.5 0.3475491 0.2904062 0.8125 0.5 0.75 0.5 0.3535575 0.2705988 0.78125 0.5 0.71875 0.5 0.3555864 0.25 0.75 0.5 0.6875 0.5 0.3535575 0.2294011 0.71875 0.5 0.65625 0.5 0.3475492 0.2095938 0.6875 0.5 0.3377918 0.1913393 0.625 0.5 0.3246608 0.1753392 0.28125 0.6666666 0.28125 0.5 0.28125 0.5 0.25 0.8333333 0.21875 0.6666666 0.25 0.6666666 0.21875 0.5 0.21875 0.6666666 0.21875 0.6666666 0.28125 0.8333333 0.25 0.6666666 0.28125 0.6666666 0.25 0.8333333 0.28125 0.8333333 0.28125 0.8333333 0.21875 0.6666666 0.21875 0.5 0.21875 0.6666666 0.25 0.8333333 0.21875 0.8333333 0.25 0.8333333 0.25 0.5 0.21875 0.5 0.21875 0.5 0.25 0.6666666 0.21875 0.5 0.25 0.5 0.28125 0.6666666 0.25 0.5 0.28125 0.5 0.25 0.5 0.21875 0.5 0.21875 0.5 0.25 0.5 0.28125 0.5 0.25 0.5 0.25 0.6666666 0.28125 0.6666666 0.28125 0.6666666 0.25 0.6666666 0.21875 0.6666666 0.25 0.6666666 1 0.8333333 1 1 0.96875 1 0.96875 1 0.9375 1 0.9375 0.8333333 0.9375 1 0.90625 1 0.90625 0.8333333 0.90625 1 0.875 1 0.875 0.8333333 0.875 1 0.84375 1 0.84375 0.8333333 0.84375 1 0.8125 1 0.8125 0.8333333 0.8125 1 0.78125 1 0.78125 0.8333333 0.78125 1 0.75 1 0.75 0.8333333 0.75 1 0.71875 1 0.71875 0.8333333 0.71875 0.8333333 0.71875 1 0.6875 1 0.6875 1 0.65625 1 0.65625 0.8333333 0.65625 1 0.625 1 0.625 0.8333333 0.125 0.5 0.09375 0.5 0.1913393 0.3377919 0.15625 0.5 0.125 0.5 0.1753391 0.3246608 0.1875 0.5 0.15625 0.5 0.1622081 0.3086607 0.21875 0.5 0.1875 0.5 0.1524509 0.2904062 0.25 0.5 0.21875 0.5 0.1464424 0.2705989 0.1444135 0.25 0.1464424 0.2294011 0.28125 0.5 0.4375 1 0.40625 1 0.40625 0.8333333 0.40625 1 0.375 1 0.375 0.8333333 0.375 1 0.34375 1 0.34375 0.8333333 0.34375 1 0.3125 1 0.3125 0.8333333 0.3125 1 0.28125 1 0.28125 0.8333333 0.28125 1 0.25 1 0.25 0.8333333 0.25 1 0.21875 1 0.21875 0.8333333 0.21875 1 0.1875 1 0.1875 0.8333333 0.1875 1 0.15625 1 0.15625 0.8333333 0.15625 1 0.125 1 0.125 0.8333333 0.125 1 0.09375 1 0.09375 0.8333333 0.09375 1 0.0625 1 0.0625 0.8333333 0.2095937 0.3475491 0.1913393 0.3377919 0.1913393 0.3377919 0.0625 1 0.03125 1 0.03125 0.8333333 0.03125 1 0 1 0 0.8333333 0.2499999 0.3555863 0.270599 0.3535575 0.2968217 0.4853885 0.270599 0.3535575 0.2904062 0.3475491 0.341844 0.4717311 0.2904062 0.3475491 0.3086606 0.3377918 0.3833369 0.4495527 0.3086606 0.3377918 0.3246608 0.3246609 0.4197056 0.4197056 0.3246608 0.3246609 0.3377919 0.3086607 0.4495527 0.3833369 0.3377919 0.3086607 0.3475491 0.2904062 0.4717311 0.341844 0.3475491 0.2904062 0.3535575 0.2705988 0.4853885 0.2968217 0.3535575 0.2705988 0.3555864 0.25 0.49 0.25 0.3555864 0.25 0.3535575 0.2294011 0.4853885 0.2031783 0.3535575 0.2294011 0.3475492 0.2095938 0.4717311 0.1581559 0.3475492 0.2095938 0.3377918 0.1913393 0.4495527 0.1166631 0.3377918 0.1913393 0.3246608 0.1753392 0.4197056 0.08029437 0.90625 0.5 0.3086606 0.3377918 0.2904062 0.3475491 0.9375 0.5 0.2904062 0.3475491 0.270599 0.3535575 0.96875 0.5 0.270599 0.3535575 0.2499999 0.3555863 0 0.5 0.2499999 0.3555863 0.2294011 0.3535575 0.0625 0.5 0.03125 0.5 0.2294011 0.3535575 0.09375 0.5 0.0625 0.5 0.2095938 0.3475491 0.1913393 0.1622081 0.1166631 0.05044728 0.1581559 0.02826887 0.1753391 0.1753391 0.08029437 0.08029437 0.1166631 0.05044728 0.1622081 0.1913393 0.05044728 0.116663 0.08029437 0.08029437 0.1524509 0.2095938 0.02826887 0.1581559 0.05044728 0.116663 0.1524509 0.2095938 0.1464424 0.2294011 0.01461154 0.2031783 0.1444135 0.25 0.00999999 0.25 0.01461154 0.2031783 0.1464424 0.2705989 0.01461154 0.2968217 0.00999999 0.25 0.1524509 0.2904062 0.02826893 0.341844 0.01461154 0.2968217 0.1622081 0.3086607 0.05044722 0.3833368 0.02826893 0.341844 0.1753391 0.3246608 0.08029431 0.4197056 0.05044722 0.3833368 0.1913393 0.3377919 0.1166631 0.4495527 0.08029431 0.4197056 0.2095938 0.3475491 0.1581559 0.4717311 0.1166631 0.4495527 0.2294011 0.3535575 0.2031783 0.4853885 0.1581559 0.4717311 0.2294011 0.3535575 0.2499999 0.3555863 0.25 0.49 0.5 0.5 0.46875 0.5 0.2294011 0.1464424 0.25 0.1444136 0.25 0.1444136 0.2294011 0.1464424 0.3246608 0.3246609 0.3086606 0.3377918 0.3086606 0.3377918 0.2294011 0.3535575 0.2095937 0.3475491 0.2095938 0.3475491 0.2294011 0.1464424 0.2294011 0.1464424 0.2095938 0.1524509 0.3377919 0.3086607 0.3246608 0.3246609 0.3246608 0.3246609 0.2499999 0.3555863 0.2294011 0.3535575 0.2294011 0.3535575 0.2095938 0.1524509 0.2095938 0.1524509 0.1913393 0.1622081 0.3475491 0.2904062 0.3377919 0.3086607 0.3377919 0.3086607 0.1913393 0.1622081 0.1913393 0.1622081 0.1753391 0.1753391 0.3535575 0.2705988 0.3475491 0.2904062 0.3475491 0.2904062 0.1753391 0.1753391 0.1753391 0.1753391 0.1622081 0.1913393 0.3555864 0.25 0.3535575 0.2705988 0.3535575 0.2705988 0.1622081 0.1913393 0.1622081 0.1913393 0.1524509 0.2095938 0.3555864 0.25 0.3555864 0.25 0.3535575 0.2294011 0.1524509 0.2095938 0.1524509 0.2095938 0.1464424 0.2294011 0.3535575 0.2294011 0.3535575 0.2294011 0.3475492 0.2095938 0.1464424 0.2294011 0.1464424 0.2294011 0.1444135 0.25 0.3475492 0.2095938 0.3475492 0.2095938 0.3377918 0.1913393 0.1464424 0.2705989 0.1444135 0.25 0.1444135 0.25 0.3377918 0.1913393 0.3377918 0.1913393 0.3246608 0.1753392 0.1524509 0.2904062 0.1464424 0.2705989 0.1464424 0.2705989 0.2499999 0.1444136 0.5 0.8333333 0.5 0.6666666 0.1622081 0.3086607 0.1524509 0.2904062 0.1524509 0.2904062 0.4375 0.8333333 0.2095938 0.1524509 0.2095938 0.1524509 0.270599 0.3535575 0.2499999 0.3555863 0.2499999 0.3555863 0.1753391 0.3246608 0.1622081 0.3086607 0.1622081 0.3086607 0.2904062 0.1524509 0.2904062 0.1524509 0.2705988 0.1464424 0.2904062 0.347549 0.270599 0.3535575 0.270599 0.3535575 0.1913393 0.3377919 0.1753391 0.3246608 0.1753391 0.3246608 0.2705988 0.1464424 0.2705988 0.1464424 0.25 0.1444136 0.3086606 0.3377918 0.2904062 0.347549 0.2904062 0.3475491 0.3086606 0.3377918 0.2904062 0.3475491 0.2904062 0.347549 0.3086606 0.3377918 0.2904062 0.347549 0.2904062 0.347549 0.1464424 0.2294011 0.1524509 0.2095938 0.3125 0.5 0.53125 0.5 0.5 0.5 0.25 0.1444136 0.1913393 0.3377919 0.1753391 0.3246608 0.1753391 0.3246608 0.1913393 0.3377918 0.1753391 0.3246608 0.1753391 0.3246608 0.2904062 0.3475491 0.270599 0.3535575 0.270599 0.3535575 0.2904062 0.347549 0.270599 0.3535575 0.270599 0.3535575 0.34375 0.5 0.3125 0.5 0.1524509 0.2095938 0.2904062 0.1524509 0.5625 0.5 0.53125 0.5 0.1753391 0.3246608 0.1622081 0.3086607 0.1622081 0.3086607 0.1753391 0.3246608 0.1622081 0.3086607 0.1622081 0.3086607 0.270599 0.3535575 0.2499999 0.3555863 0.2499999 0.3555863 0.270599 0.3535575 0.2499999 0.3555863 0.2499999 0.3555863 0.375 0.5 0.34375 0.5 0.1622081 0.1913393 0.3246608 0.1753392 0.3246608 0.1753392 0.625 0.5 0.1622081 0.3086607 0.1524509 0.2904062 0.1524509 0.2904062 0.1524509 0.2904062 0.1524509 0.2904062 0.1622081 0.3086607 0.40625 0.5 0.375 0.5 0.1753391 0.1753391 0.3246608 0.1753392 0.3246608 0.1753392 0.625 0.6666666 0.1524509 0.2904062 0.1464424 0.2705989 0.1464424 0.2705989 0.1524509 0.2904062 0.1464424 0.2705989 0.1464424 0.2705989 0.3377918 0.1913393 0.3377918 0.1913393 0.3246608 0.1753392 0.3377918 0.1913393 0.3377918 0.1913393 0.3246608 0.1753392 0.1444135 0.25 0.1444135 0.25 0.1464424 0.2705989 0.1464424 0.2705989 0.1444135 0.25 0.1444135 0.25 0.3475492 0.2095938 0.3475492 0.2095938 0.3377918 0.1913393 0.3475492 0.2095938 0.3475492 0.2095938 0.3377918 0.1913393 0.1464424 0.2294011 0.1464424 0.2294011 0.1444135 0.25 0.1464424 0.2294011 0.1464424 0.2294011 0.1444135 0.25 0.3535575 0.2294011 0.3535575 0.2294011 0.3475492 0.2095938 0.3535575 0.2294011 0.3535575 0.2294011 0.3475492 0.2095938 0.1524509 0.2095938 0.1524509 0.2095938 0.1464424 0.2294011 0.1524509 0.2095938 0.1524509 0.2095938 0.1464424 0.2294011 0.3555864 0.25 0.3555864 0.25 0.3535575 0.2294011 0.3555864 0.25 0.3555864 0.25 0.3535575 0.2294011 0.1622081 0.1913393 0.1622081 0.1913393 0.1524509 0.2095938 0.1622081 0.1913393 0.1622081 0.1913393 0.1524509 0.2095938 0.3535575 0.2705988 0.3535575 0.2705988 0.3555864 0.25 0.3555864 0.25 0.3535575 0.2705988 0.3535575 0.2705988 0.1753391 0.1753391 0.1753391 0.1753391 0.1622081 0.1913393 0.1753391 0.1753391 0.1753391 0.1753391 0.1622081 0.1913393 0.3475491 0.2904062 0.347549 0.2904062 0.3535575 0.2705988 0.3535575 0.2705988 0.347549 0.2904062 0.3475491 0.2904062 0.1913393 0.1622081 0.1913393 0.162208 0.1753391 0.1753391 0.1913393 0.162208 0.1913393 0.1622081 0.1753391 0.1753391 0.3377919 0.3086607 0.3377919 0.3086607 0.347549 0.2904062 0.347549 0.2904062 0.3377919 0.3086607 0.3377919 0.3086607 0.2095938 0.1524509 0.2095938 0.1524509 0.1913393 0.162208 0.2095938 0.1524509 0.2095938 0.1524509 0.1913393 0.1622081 0.2499999 0.3555863 0.2294011 0.3535575 0.2294011 0.3535575 0.2499999 0.3555863 0.2294011 0.3535575 0.2294011 0.3535575 0.3377919 0.3086607 0.3246608 0.3246609 0.3246608 0.3246608 0.3377919 0.3086607 0.3246608 0.3246608 0.3246608 0.3246609 0.4375 0.5 0.40625 0.5 0.1913393 0.1622081 0.2294011 0.1464424 0.2294011 0.1464424 0.2095938 0.1524509 0.2294011 0.3535575 0.2095938 0.3475491 0.2095938 0.3475491 0.2294011 0.3535575 0.2095938 0.3475491 0.2095937 0.3475491 0.3246608 0.3246609 0.3086606 0.3377918 0.3086606 0.3377918 0.3086606 0.3377918 0.3086606 0.3377918 0.3246608 0.3246609 0.46875 0.5 0.4375 0.5 0.2095938 0.1524509 0.2499999 0.1444136 0.25 0.1444136 0.2294011 0.1464424 0.1913393 0.3377919 0.1913393 0.3377918 0.2095938 0.3475491 0.1913393 0.3377918 0.1913393 0.3377919 0.2095937 0.3475491 0.03125 0.6666666 0 0.6666666 0 0.5 0.03125 0.8333333 0 0.8333333 0 0.6666666 0.0625 0.6666666 0.03125 0.6666666 0.03125 0.5 0.0625 0.8333333 0.03125 0.8333333 0.03125 0.6666666 0.09375 0.6666666 0.0625 0.6666666 0.0625 0.5 0.09375 0.8333333 0.0625 0.8333333 0.0625 0.6666666 0.125 0.6666666 0.09375 0.6666666 0.09375 0.5 0.125 0.8333333 0.09375 0.8333333 0.09375 0.6666666 0.15625 0.6666666 0.125 0.6666666 0.125 0.5 0.15625 0.8333333 0.125 0.8333333 0.125 0.6666666 0.1875 0.6666666 0.15625 0.6666666 0.15625 0.5 0.1875 0.8333333 0.15625 0.8333333 0.15625 0.6666666 0.21875 0.5 0.21875 0.6666666 0.1875 0.6666666 0.21875 0.6666666 0.21875 0.8333333 0.1875 0.8333333 0.25 0.5 0.28125 0.5 0.28125 0.5 0.28125 0.6666666 0.28125 0.8333333 0.28125 0.8333333 0.21875 0.6666666 0.21875 0.6666666 0.21875 0.8333333 0.28125 0.6666666 0.28125 0.6666666 0.28125 0.5 0.3125 0.6666666 0.28125 0.6666666 0.28125 0.5 0.3125 0.8333333 0.28125 0.8333333 0.28125 0.6666666 0.34375 0.6666666 0.3125 0.6666666 0.3125 0.5 0.34375 0.8333333 0.3125 0.8333333 0.3125 0.6666666 0.375 0.6666666 0.34375 0.6666666 0.34375 0.5 0.375 0.8333333 0.34375 0.8333333 0.34375 0.6666666 0.40625 0.6666666 0.375 0.6666666 0.375 0.5 0.40625 0.8333333 0.375 0.8333333 0.375 0.6666666 0.4375 0.6666666 0.40625 0.6666666 0.40625 0.5 0.4375 0.8333333 0.40625 0.8333333 0.40625 0.6666666 0.46875 0.6666666 0.4375 0.6666666 0.4375 0.5 0.46875 0.8333333 0.4375 0.8333333 0.4375 0.6666666 0.5 0.6666666 0.46875 0.6666666 0.46875 0.5 0.5 0.8333333 0.46875 0.8333333 0.46875 0.6666666 0.53125 0.6666666 0.5 0.6666666 0.5 0.5 0.625 1 0.3246608 0.1753392 0.3246608 0.1753392 0.5625 0.6666666 0.53125 0.6666666 0.53125 0.5 0.2904062 0.1524509 0.2904062 0.1524509 0.5625 0.6666666 0.46875 0.8333333 0.2294011 0.1464424 0.2095938 0.1524509 0.2904062 0.1524509 0.2705988 0.1464424 0.53125 0.6666666 0.2294011 0.1464424 0.46875 0.8333333 0.5 0.8333333 0.53125 0.6666666 0.2705988 0.1464424 0.25 0.1444136 0.65625 0.5 0.65625 0.6666666 0.625 0.6666666 0.65625 0.8333333 0.625 0.8333333 0.625 0.6666666 0.6875 0.6666666 0.65625 0.6666666 0.65625 0.5 0.6875 0.8333333 0.65625 0.8333333 0.65625 0.6666666 0.71875 0.5 0.71875 0.6666666 0.6875 0.6666666 0.71875 0.6666666 0.71875 0.8333333 0.6875 0.8333333 0.75 0.6666666 0.71875 0.6666666 0.71875 0.5 0.75 0.8333333 0.71875 0.8333333 0.71875 0.6666666 0.78125 0.6666666 0.75 0.6666666 0.75 0.5 0.78125 0.8333333 0.75 0.8333333 0.75 0.6666666 0.8125 0.6666666 0.78125 0.6666666 0.78125 0.5 0.8125 0.8333333 0.78125 0.8333333 0.78125 0.6666666 0.84375 0.6666666 0.8125 0.6666666 0.8125 0.5 0.84375 0.8333333 0.8125 0.8333333 0.8125 0.6666666 0.875 0.6666666 0.84375 0.6666666 0.84375 0.5 0.875 0.8333333 0.84375 0.8333333 0.84375 0.6666666 0.90625 0.6666666 0.875 0.6666666 0.875 0.5 0.90625 0.8333333 0.875 0.8333333 0.875 0.6666666 0.9375 0.6666666 0.90625 0.6666666 0.90625 0.5 0.9375 0.8333333 0.90625 0.8333333 0.90625 0.6666666 0.9687501 0.6666666 0.9375 0.6666666 0.9375 0.5 0.9687501 0.8333333 0.9375 0.8333333 0.9375 0.6666666 1 0.6666666 0.9687501 0.6666666 0.96875 0.5 1 0.6666666 1 0.8333333 0.9687501 0.8333333 0.875 0.5 0.3246608 0.3246609 0.3086606 0.3377918 0.84375 0.5 0.3377919 0.3086607 0.3246608 0.3246609 0.8125 0.5 0.3475491 0.2904062 0.3377919 0.3086607 0.78125 0.5 0.3535575 0.2705988 0.3475491 0.2904062 0.75 0.5 0.3555864 0.25 0.3535575 0.2705988 0.71875 0.5 0.3535575 0.2294011 0.3555864 0.25 0.6875 0.5 0.3475492 0.2095938 0.3535575 0.2294011 0.65625 0.5 0.3377918 0.1913393 0.3475492 0.2095938 0.3377918 0.1913393 0.65625 0.5 0.625 0.5 0.28125 0.6666666 0.28125 0.6666666 0.28125 0.5 0.25 0.8333333 0.21875 0.8333333 0.21875 0.6666666 0.21875 0.5 0.21875 0.5 0.21875 0.6666666 0.28125 0.8333333 0.25 0.8333333 0.25 0.6666666 0.25 0.8333333 0.25 0.8333333 0.28125 0.8333333 0.21875 0.6666666 0.21875 0.5 0.21875 0.5 0.25 0.8333333 0.21875 0.8333333 0.21875 0.8333333 0.25 0.5 0.25 0.5 0.21875 0.5 0.25 0.6666666 0.21875 0.6666666 0.21875 0.5 0.28125 0.6666666 0.25 0.6666666 0.25 0.5 0.25 0.5 0.25 0.5 0.21875 0.5 0.25 0.5 0.28125 0.5 0.28125 0.5 0.25 0.6666666 0.25 0.6666666 0.28125 0.6666666 0.25 0.6666666 0.21875 0.6666666 0.21875 0.6666666</float_array>
          <technique_common>
            <accessor source="#Cylinder_005-mesh-map-0-array" count="1488" stride="2">
              <param name="S" type="float"/>
              <param name="T" type="float"/>
            </accessor>
          </technique_common>
        </source>
        <vertices id="Cylinder_005-mesh-vertices">
          <input semantic="POSITION" source="#Cylinder_005-mesh-positions"/>
        </vertices>
        <triangles material="Material_005-material" count="496">
          <input semantic="VERTEX" source="#Cylinder_005-mesh-vertices" offset="0"/>
          <input semantic="NORMAL" source="#Cylinder_005-mesh-normals" offset="1"/>
          <input semantic="TEXCOORD" source="#Cylinder_005-mesh-map-0" offset="2" set="0"/>
          <p>176 0 0 57 0 1 177 0 2 57 1 3 179 1 4 177 1 5 59 2 6 181 2 7 179 2 8 60 3 9 183 3 10 181 3 11 61 4 12 185 4 13 183 4 14 62 5 15 187 5 16 185 5 17 63 6 18 189 6 19 187 6 20 64 7 21 191 7 22 189 7 23 65 8 24 193 8 25 191 8 26 193 9 27 67 9 28 195 9 29 67 10 30 197 10 31 195 10 32 68 11 33 199 11 34 197 11 35 49 12 36 112 12 37 111 12 38 47 13 39 111 13 40 110 13 41 45 14 42 110 14 43 109 14 44 43 15 45 109 15 46 108 15 47 41 16 48 108 16 49 107 16 50 107 17 51 39 17 52 41 17 53 70 18 54 210 18 55 208 18 56 71 19 57 212 19 58 210 19 59 72 20 60 214 20 61 212 20 62 73 21 63 216 21 64 214 21 65 74 22 66 218 22 67 216 22 68 75 23 69 220 23 70 218 23 71 76 24 72 222 24 73 220 24 74 77 25 75 224 25 76 222 25 77 78 26 78 226 26 79 224 26 80 79 27 81 228 27 82 226 27 83 80 28 84 230 28 85 228 28 86 81 29 87 232 29 88 230 29 89 117 30 90 112 30 91 113 30 92 82 31 93 234 31 94 232 31 95 83 32 96 176 32 97 234 32 98 1 33 99 57 33 100 58 33 101 3 34 102 59 34 103 57 34 104 5 35 105 60 35 106 59 35 107 7 36 108 61 36 109 60 36 110 9 37 111 62 37 112 61 37 113 11 36 114 63 36 115 62 36 116 13 36 117 64 36 118 63 36 119 15 38 120 65 38 121 64 38 122 17 39 123 66 39 124 65 39 125 19 40 126 67 40 127 66 40 128 21 41 129 68 41 130 67 41 131 23 36 132 69 36 133 68 36 134 6 42 135 86 42 136 4 42 137 4 42 138 84 42 139 2 42 140 2 42 141 85 42 142 0 42 143 0 43 144 114 43 145 55 43 146 53 42 147 114 42 148 113 42 149 51 44 150 113 44 151 112 44 152 32 36 153 70 36 154 30 36 155 34 36 156 71 36 157 32 36 158 36 45 159 72 45 160 34 45 161 38 36 162 73 36 163 36 36 164 38 36 165 75 36 166 74 36 167 42 36 168 75 36 169 40 36 170 44 46 171 76 46 172 42 46 173 46 36 174 77 36 175 44 36 176 48 36 177 78 36 178 46 36 179 50 47 180 79 47 181 48 47 182 52 36 183 80 36 184 50 36 185 54 36 186 81 36 187 52 36 188 56 36 189 82 36 190 54 36 191 56 48 192 58 48 193 83 48 194 27 49 195 100 49 196 99 49 197 120 50 198 100 50 199 121 50 200 125 51 201 87 51 202 88 51 203 127 52 204 113 52 205 114 52 206 121 53 207 101 53 208 129 53 209 131 54 210 88 54 211 89 54 212 133 55 213 114 55 214 85 55 215 129 56 216 102 56 217 135 56 218 137 57 219 89 57 220 90 57 221 135 58 222 103 58 223 139 58 224 141 59 225 90 59 226 91 59 227 139 60 228 104 60 229 143 60 230 145 61 231 91 61 232 92 61 233 143 62 234 105 62 235 147 62 236 145 63 237 93 63 238 149 63 239 147 64 240 106 64 241 151 64 242 149 65 243 94 65 244 153 65 245 151 66 246 107 66 247 155 66 248 153 67 249 95 67 250 157 67 251 159 68 252 107 68 253 108 68 254 157 69 255 96 69 256 161 69 257 163 70 258 108 70 259 109 70 260 119 71 261 205 71 262 120 71 263 165 72 264 109 72 265 110 72 266 208 73 267 30 73 268 70 73 269 168 74 270 85 74 271 84 74 272 170 75 273 110 75 274 111 75 275 167 76 276 98 76 277 172 76 278 173 77 279 84 77 280 86 77 281 116 78 282 111 78 283 112 78 284 172 79 285 99 79 286 120 79 287 124 80 288 86 80 289 87 80 290 7 81 291 174 81 292 123 81 293 123 82 294 173 82 295 124 82 296 106 42 297 37 42 298 39 42 299 26 83 300 99 83 301 98 83 302 52 84 303 171 84 304 115 84 305 115 85 306 170 85 307 116 85 308 5 86 309 169 86 310 174 86 311 174 87 312 168 87 313 173 87 314 35 42 315 105 42 316 104 42 317 97 88 318 26 88 319 98 88 320 50 89 321 166 89 322 171 89 323 171 90 324 165 90 325 170 90 326 3 91 327 134 91 328 169 91 329 169 92 330 133 92 331 168 92 332 33 93 333 104 93 334 103 93 335 161 94 336 201 94 337 200 94 338 48 95 339 164 95 340 166 95 341 164 96 342 165 96 343 166 96 344 31 97 345 103 97 346 102 97 347 162 98 348 200 98 349 199 98 350 46 99 351 160 99 352 164 99 353 164 100 354 159 100 355 163 100 356 23 101 357 162 101 358 24 101 359 158 102 360 161 102 361 162 102 362 42 103 363 160 103 364 44 103 365 160 104 366 155 104 367 159 104 368 21 105 369 158 105 370 23 105 371 154 67 372 157 67 373 158 67 374 40 106 375 156 106 376 42 106 377 152 107 378 155 107 379 156 107 380 19 108 381 154 108 382 21 108 383 150 109 384 153 109 385 154 109 386 38 110 387 152 110 388 40 110 389 148 111 390 151 111 391 152 111 392 17 112 393 150 112 394 19 112 395 146 113 396 149 113 397 150 113 398 36 114 399 148 114 400 38 114 401 144 115 402 147 115 403 148 115 404 15 116 405 146 116 406 17 116 407 146 117 408 141 117 409 145 117 410 34 118 411 144 118 412 36 118 413 140 119 414 143 119 415 144 119 416 13 120 417 142 120 418 15 120 419 142 121 420 137 121 421 141 121 422 32 122 423 140 122 424 34 122 425 136 123 426 139 123 427 140 123 428 11 124 429 138 124 430 13 124 431 138 125 432 131 125 433 137 125 434 30 126 435 136 126 436 32 126 437 130 127 438 135 127 439 136 127 440 1 128 441 128 128 442 134 128 443 134 129 444 127 129 445 133 129 446 11 130 447 126 130 448 132 130 449 132 131 450 125 131 451 131 131 452 29 132 453 102 132 454 101 132 455 122 133 456 129 133 457 130 133 458 56 134 459 118 134 460 128 134 461 128 135 462 117 135 463 127 135 464 9 136 465 123 136 466 126 136 467 123 137 468 125 137 469 126 137 470 28 138 471 101 138 472 100 138 473 119 139 474 121 139 475 122 139 476 52 140 477 118 140 478 54 140 479 115 141 480 117 141 481 118 141 482 235 142 483 0 142 484 55 142 485 234 143 486 175 143 487 235 143 488 233 144 489 55 144 490 53 144 491 232 144 492 235 144 493 233 144 494 231 145 495 53 145 496 51 145 497 230 146 498 233 146 499 231 146 500 229 147 501 51 147 502 49 147 503 228 148 504 231 148 505 229 148 506 227 149 507 49 149 508 47 149 509 226 150 510 229 150 511 227 150 512 225 151 513 47 151 514 45 151 515 224 152 516 227 152 517 225 152 518 43 153 519 225 153 520 45 153 521 223 154 522 224 154 523 225 154 524 41 42 525 237 42 526 238 42 527 219 155 528 242 155 529 236 155 530 223 156 531 244 156 532 222 156 533 219 157 534 237 157 535 39 157 536 217 158 537 39 158 538 37 158 539 216 159 540 219 159 541 217 159 542 215 160 543 37 160 544 35 160 545 214 160 546 217 160 547 215 160 548 213 20 549 35 20 550 33 20 551 212 161 552 215 161 553 213 161 554 211 162 555 33 162 556 31 162 557 210 163 558 213 163 559 211 163 560 209 164 561 31 164 562 29 164 563 208 165 564 211 165 565 209 165 566 207 166 567 29 166 568 28 166 569 206 167 570 209 167 571 207 167 572 205 168 573 28 168 574 27 168 575 204 169 576 207 169 577 205 169 578 203 170 579 27 170 580 26 170 581 69 171 582 162 171 583 199 171 584 202 172 585 26 172 586 25 172 587 97 173 588 202 173 589 25 173 590 206 174 591 130 174 592 208 174 593 167 175 594 203 175 595 202 175 596 122 176 597 204 176 598 119 176 599 203 36 600 120 36 601 205 36 602 22 177 603 200 177 604 201 177 605 197 178 606 200 178 607 198 178 608 196 179 609 22 179 610 20 179 611 195 180 612 198 180 613 196 180 614 18 181 615 196 181 616 20 181 617 194 182 618 195 182 619 196 182 620 192 183 621 18 183 622 16 183 623 191 184 624 194 184 625 192 184 626 190 185 627 16 185 628 14 185 629 189 186 630 192 186 631 190 186 632 188 187 633 14 187 634 12 187 635 187 188 636 190 188 637 188 188 638 186 189 639 12 189 640 10 189 641 185 190 642 188 190 643 186 190 644 184 4 645 10 4 646 8 4 647 183 191 648 186 191 649 184 191 650 182 192 651 8 192 652 6 192 653 181 192 654 184 192 655 182 192 656 180 193 657 6 193 658 4 193 659 179 194 660 182 194 661 180 194 662 178 195 663 4 195 664 2 195 665 177 196 666 180 196 667 178 196 668 175 197 669 2 197 670 0 197 671 175 198 672 177 198 673 178 198 674 8 42 675 87 42 676 6 42 677 10 42 678 88 42 679 8 42 680 12 199 681 89 199 682 10 199 683 14 200 684 90 200 685 12 200 686 16 42 687 91 42 688 14 42 689 18 42 690 92 42 691 16 42 692 20 201 693 93 201 694 18 201 695 22 202 696 94 202 697 20 202 698 95 203 699 201 203 700 96 203 701 236 204 702 245 204 703 237 204 704 243 205 705 241 205 706 239 205 707 240 206 708 249 206 709 241 206 710 242 207 711 239 207 712 236 207 713 220 208 714 242 208 715 218 208 716 223 209 717 240 209 718 241 209 719 220 210 720 244 210 721 243 210 722 41 42 723 240 42 724 43 42 725 247 211 726 248 211 727 246 211 728 221 212 729 246 212 730 245 212 731 238 213 732 248 213 733 240 213 734 238 214 735 245 214 736 246 214 737 239 215 738 221 215 739 236 215 740 239 216 741 249 216 742 247 216 743 176 197 744 58 197 745 57 197 746 57 1 747 59 1 748 179 1 749 59 217 750 60 217 751 181 217 752 60 3 753 61 3 754 183 3 755 61 218 756 62 218 757 185 218 758 62 5 759 63 5 760 187 5 761 63 219 762 64 219 763 189 219 764 64 220 765 65 220 766 191 220 767 65 221 768 66 221 769 193 221 770 193 222 771 66 222 772 67 222 773 67 179 774 68 179 775 197 179 776 68 223 777 69 223 778 199 223 779 49 42 780 51 42 781 112 42 782 47 42 783 49 42 784 111 42 785 45 224 786 47 224 787 110 224 788 43 225 789 45 225 790 109 225 791 41 226 792 43 226 793 108 226 794 107 42 795 106 42 796 39 42 797 70 165 798 71 165 799 210 165 800 71 227 801 72 227 802 212 227 803 72 228 804 73 228 805 214 228 806 73 229 807 74 229 808 216 229 809 74 230 810 75 230 811 218 230 812 75 231 813 76 231 814 220 231 815 76 232 816 77 232 817 222 232 818 77 233 819 78 233 820 224 233 821 78 234 822 79 234 823 226 234 824 79 235 825 80 235 826 228 235 827 80 236 828 81 236 829 230 236 830 81 237 831 82 237 832 232 237 833 117 238 834 116 238 835 112 238 836 82 239 837 83 239 838 234 239 839 83 240 840 58 240 841 176 240 842 1 36 843 3 36 844 57 36 845 3 36 846 5 36 847 59 36 848 5 36 849 7 36 850 60 36 851 7 36 852 9 36 853 61 36 854 9 241 855 11 241 856 62 241 857 11 242 858 13 242 859 63 242 860 13 36 861 15 36 862 64 36 863 15 36 864 17 36 865 65 36 866 17 243 867 19 243 868 66 243 869 19 244 870 21 244 871 67 244 872 21 245 873 23 245 874 68 245 875 23 36 876 24 36 877 69 36 878 6 246 879 87 246 880 86 246 881 4 247 882 86 247 883 84 247 884 2 248 885 84 248 886 85 248 887 0 249 888 85 249 889 114 249 890 53 42 891 55 42 892 114 42 893 51 42 894 53 42 895 113 42 896 32 36 897 71 36 898 70 36 899 34 250 900 72 250 901 71 250 902 36 36 903 73 36 904 72 36 905 38 36 906 74 36 907 73 36 908 38 251 909 40 251 910 75 251 911 42 252 912 76 252 913 75 252 914 44 36 915 77 36 916 76 36 917 46 36 918 78 36 919 77 36 920 48 253 921 79 253 922 78 253 923 50 254 924 80 254 925 79 254 926 52 255 927 81 255 928 80 255 929 54 256 930 82 256 931 81 256 932 56 257 933 83 257 934 82 257 935 56 36 936 1 36 937 58 36 938 27 258 939 28 258 940 100 258 941 120 259 942 99 259 943 100 259 944 125 260 945 124 260 946 87 260 947 127 261 948 117 261 949 113 261 950 121 262 951 100 262 952 101 262 953 131 263 954 125 263 955 88 263 956 133 264 957 127 264 958 114 264 959 129 265 960 101 265 961 102 265 962 137 266 963 131 266 964 89 266 965 135 267 966 102 267 967 103 267 968 141 268 969 137 268 970 90 268 971 139 269 972 103 269 973 104 269 974 145 270 975 141 270 976 91 270 977 143 271 978 104 271 979 105 271 980 145 272 981 92 272 982 93 272 983 147 273 984 105 273 985 106 273 986 149 274 987 93 274 988 94 274 989 151 275 990 106 275 991 107 275 992 153 276 993 94 276 994 95 276 995 159 277 996 155 277 997 107 277 998 157 278 999 95 278 1000 96 278 1001 163 279 1002 159 279 1003 108 279 1004 119 280 1005 204 280 1006 205 280 1007 165 281 1008 163 281 1009 109 281 1010 208 282 1011 130 282 1012 30 282 1013 168 283 1014 133 283 1015 85 283 1016 170 284 1017 165 284 1018 110 284 1019 167 285 1020 97 285 1021 98 285 1022 173 286 1023 168 286 1024 84 286 1025 116 287 1026 170 287 1027 111 287 1028 172 288 1029 98 288 1030 99 288 1031 124 289 1032 173 289 1033 86 289 1034 7 290 1035 5 290 1036 174 290 1037 123 291 1038 174 291 1039 173 291 1040 106 292 1041 105 292 1042 37 292 1043 26 42 1044 27 42 1045 99 42 1046 52 293 1047 50 293 1048 171 293 1049 115 294 1050 171 294 1051 170 294 1052 5 295 1053 3 295 1054 169 295 1055 174 296 1056 169 296 1057 168 296 1058 35 297 1059 37 297 1060 105 297 1061 97 42 1062 25 42 1063 26 42 1064 50 298 1065 48 298 1066 166 298 1067 171 299 1068 166 299 1069 165 299 1070 3 300 1071 1 300 1072 134 300 1073 169 301 1074 134 301 1075 133 301 1076 33 42 1077 35 42 1078 104 42 1079 161 302 1080 96 302 1081 201 302 1082 48 303 1083 46 303 1084 164 303 1085 164 304 1086 163 304 1087 165 304 1088 31 42 1089 33 42 1090 103 42 1091 162 305 1092 161 305 1093 200 305 1094 46 306 1095 44 306 1096 160 306 1097 164 307 1098 160 307 1099 159 307 1100 23 308 1101 158 308 1102 162 308 1103 158 309 1104 157 309 1105 161 309 1106 42 310 1107 156 310 1108 160 310 1109 160 311 1110 156 311 1111 155 311 1112 21 312 1113 154 312 1114 158 312 1115 154 313 1116 153 313 1117 157 313 1118 40 314 1119 152 314 1120 156 314 1121 152 315 1122 151 315 1123 155 315 1124 19 316 1125 150 316 1126 154 316 1127 150 109 1128 149 109 1129 153 109 1130 38 317 1131 148 317 1132 152 317 1133 148 318 1134 147 318 1135 151 318 1136 17 319 1137 146 319 1138 150 319 1139 146 113 1140 145 113 1141 149 113 1142 36 320 1143 144 320 1144 148 320 1145 144 321 1146 143 321 1147 147 321 1148 15 322 1149 142 322 1150 146 322 1151 146 323 1152 142 323 1153 141 323 1154 34 324 1155 140 324 1156 144 324 1157 140 325 1158 139 325 1159 143 325 1160 13 326 1161 138 326 1162 142 326 1163 142 327 1164 138 327 1165 137 327 1166 32 328 1167 136 328 1168 140 328 1169 136 329 1170 135 329 1171 139 329 1172 11 330 1173 132 330 1174 138 330 1175 138 331 1176 132 331 1177 131 331 1178 30 332 1179 130 332 1180 136 332 1181 130 333 1182 129 333 1183 135 333 1184 1 334 1185 56 334 1186 128 334 1187 134 335 1188 128 335 1189 127 335 1190 11 336 1191 9 336 1192 126 336 1193 132 130 1194 126 130 1195 125 130 1196 29 42 1197 31 42 1198 102 42 1199 122 337 1200 121 337 1201 129 337 1202 56 338 1203 54 338 1204 118 338 1205 128 339 1206 118 339 1207 117 339 1208 9 340 1209 7 340 1210 123 340 1211 123 341 1212 124 341 1213 125 341 1214 28 42 1215 29 42 1216 101 42 1217 119 342 1218 120 342 1219 121 342 1220 52 343 1221 115 343 1222 118 343 1223 115 344 1224 116 344 1225 117 344 1226 235 240 1227 175 240 1228 0 240 1229 234 345 1230 176 345 1231 175 345 1232 233 346 1233 235 346 1234 55 346 1235 232 347 1236 234 347 1237 235 347 1238 231 237 1239 233 237 1240 53 237 1241 230 348 1242 232 348 1243 233 348 1244 229 349 1245 231 349 1246 51 349 1247 228 349 1248 230 349 1249 231 349 1250 227 150 1251 229 150 1252 49 150 1253 226 150 1254 228 150 1255 229 150 1256 225 350 1257 227 350 1258 47 350 1259 224 351 1260 226 351 1261 227 351 1262 43 352 1263 223 352 1264 225 352 1265 223 353 1266 222 353 1267 224 353 1268 41 42 1269 39 42 1270 237 42 1271 219 354 1272 218 354 1273 242 354 1274 223 355 1275 241 355 1276 244 355 1277 219 356 1278 236 356 1279 237 356 1280 217 357 1281 219 357 1282 39 357 1283 216 358 1284 218 358 1285 219 358 1286 215 359 1287 217 359 1288 37 359 1289 214 360 1290 216 360 1291 217 360 1292 213 161 1293 215 161 1294 35 161 1295 212 20 1296 214 20 1297 215 20 1298 211 361 1299 213 361 1300 33 361 1301 210 361 1302 212 361 1303 213 361 1304 209 362 1305 211 362 1306 31 362 1307 208 363 1308 210 363 1309 211 363 1310 207 364 1311 209 364 1312 29 364 1313 206 166 1314 208 166 1315 209 166 1316 205 365 1317 207 365 1318 28 365 1319 204 366 1320 206 366 1321 207 366 1322 203 367 1323 205 367 1324 27 367 1325 69 368 1326 24 368 1327 162 368 1328 202 369 1329 203 369 1330 26 369 1331 97 370 1332 167 370 1333 202 370 1334 206 371 1335 122 371 1336 130 371 1337 167 36 1338 172 36 1339 203 36 1340 122 372 1341 206 372 1342 204 372 1343 203 373 1344 172 373 1345 120 373 1346 22 374 1347 198 374 1348 200 374 1349 197 375 1350 199 375 1351 200 375 1352 196 376 1353 198 376 1354 22 376 1355 195 299 1356 197 299 1357 198 299 1358 18 377 1359 194 377 1360 196 377 1361 194 378 1362 193 378 1363 195 378 1364 192 183 1365 194 183 1366 18 183 1367 191 379 1368 193 379 1369 194 379 1370 190 7 1371 192 7 1372 16 7 1373 189 7 1374 191 7 1375 192 7 1376 188 380 1377 190 380 1378 14 380 1379 187 188 1380 189 188 1381 190 188 1382 186 381 1383 188 381 1384 12 381 1385 185 382 1386 187 382 1387 188 382 1388 184 383 1389 186 383 1390 10 383 1391 183 384 1392 185 384 1393 186 384 1394 182 385 1395 184 385 1396 8 385 1397 181 386 1398 183 386 1399 184 386 1400 180 387 1401 182 387 1402 6 387 1403 179 388 1404 181 388 1405 182 388 1406 178 196 1407 180 196 1408 4 196 1409 177 389 1410 179 389 1411 180 389 1412 175 390 1413 178 390 1414 2 390 1415 175 391 1416 176 391 1417 177 391 1418 8 392 1419 88 392 1420 87 392 1421 10 393 1422 89 393 1423 88 393 1424 12 394 1425 90 394 1426 89 394 1427 14 42 1428 91 42 1429 90 42 1430 16 395 1431 92 395 1432 91 395 1433 18 42 1434 93 42 1435 92 42 1436 20 396 1437 94 396 1438 93 396 1439 22 397 1440 95 397 1441 94 397 1442 95 398 1443 22 398 1444 201 398 1445 236 399 1446 221 399 1447 245 399 1448 243 400 1449 244 400 1450 241 400 1451 240 401 1452 248 401 1453 249 401 1454 242 402 1455 243 402 1456 239 402 1457 220 403 1458 243 403 1459 242 403 1460 223 404 1461 43 404 1462 240 404 1463 220 405 1464 222 405 1465 244 405 1466 41 42 1467 238 42 1468 240 42 1469 247 406 1470 249 406 1471 248 406 1472 221 231 1473 247 231 1474 246 231 1475 238 407 1476 246 407 1477 248 407 1478 238 408 1479 237 408 1480 245 408 1481 239 409 1482 247 409 1483 221 409 1484 239 410 1485 241 410 1486 249 410 1487</p>
        </triangles>
      </mesh>
    </geometry>
    <geometry id="Cylinder_004-mesh" name="Cylinder.004">
      <mesh>
        <source id="Cylinder_004-mesh-positions">
          <float_array id="Cylinder_004-mesh-positions-array" count="192">-3.6539e-6 3.045985 -3.22024 -3.6539e-6 3.045985 7.25481 0.5942386 2.987457 -3.22024 0.5942386 2.987457 7.25481 1.165645 2.814123 -3.22024 1.165645 2.814123 7.25481 1.692255 2.532644 -3.22024 1.692255 2.532644 7.25481 2.153833 2.153837 -3.22024 2.153833 2.153837 7.25481 2.53264 1.692259 -3.22024 2.53264 1.692259 7.25481 2.81412 1.165648 -3.22024 2.81412 1.165648 7.25481 2.987454 0.5942424 -3.22024 2.987454 0.5942424 7.25481 3.045982 -1.33144e-7 -3.22024 3.045982 -1.33144e-7 7.25481 2.987454 -0.5942423 -3.22024 2.987454 -0.5942423 7.25481 2.81412 -1.165648 -3.22024 2.81412 -1.165648 7.25481 2.532641 -1.692259 -3.22024 2.532641 -1.692259 7.25481 2.153833 -2.153837 -3.22024 2.153833 -2.153837 7.25481 1.692255 -2.532644 -3.22024 1.692255 -2.532644 7.25481 1.165645 -2.814123 -3.22024 1.165645 -2.814123 7.25481 0.5942386 -2.987458 -3.22024 0.5942386 -2.987458 7.25481 -3.92018e-6 -3.045985 -3.22024 -3.92018e-6 -3.045985 7.25481 -0.5942457 -2.987458 -3.22024 -0.5942457 -2.987458 7.25481 -1.165652 -2.814123 -3.22024 -1.165652 -2.814123 7.25481 -1.692263 -2.532644 -3.22024 -1.692263 -2.532644 7.25481 -2.153841 -2.153837 -3.22024 -2.153841 -2.153837 7.25481 -2.532647 -1.692259 -3.22024 -2.532647 -1.692259 7.25481 -2.814127 -1.165649 -3.22024 -2.814127 -1.165649 7.25481 -2.987461 -0.5942425 -3.22024 -2.987461 -0.5942425 7.25481 -3.045989 0 -3.22024 -3.045989 0 7.25481 -2.987461 0.5942426 -3.22024 -2.987461 0.5942426 7.25481 -2.814127 1.165649 -3.22024 -2.814127 1.165649 7.25481 -2.532648 1.692258 -3.22024 -2.532648 1.692258 7.25481 -2.153841 2.153837 -3.22024 -2.153841 2.153837 7.25481 -1.692263 2.532644 -3.22024 -1.692263 2.532644 7.25481 -1.165652 2.814123 -3.22024 -1.165652 2.814123 7.25481 -0.5942456 2.987458 -3.22024 -0.5942456 2.987458 7.25481</float_array>
          <technique_common>
            <accessor source="#Cylinder_004-mesh-positions-array" count="64" stride="3">
              <param name="X" type="float"/>
              <param name="Y" type="float"/>
              <param name="Z" type="float"/>
            </accessor>
          </technique_common>
        </source>
        <source id="Cylinder_004-mesh-normals">
          <float_array id="Cylinder_004-mesh-normals-array" count="252">0.09801703 0.9951848 0 0.2902847 0.9569404 0 0.4713967 0.8819214 0 0.6343934 0.7730105 0 0.7730106 0.6343932 0 0.8819216 0.4713962 0 0.9569401 0.2902856 0 0.9951848 0.09801739 0 0.9951848 -0.09801739 0 0.9569405 -0.2902845 0 0.8819215 -0.4713963 0 0.7730104 -0.6343933 0 0.6343931 -0.7730107 0 0.4713967 -0.8819214 0 0.290285 -0.9569402 0 0.09801661 -0.9951848 0 -0.09801673 -0.9951848 0 -0.2902851 -0.9569403 0 -0.4713968 -0.8819214 0 -0.6343929 -0.7730108 0 -0.7730107 -0.634393 0 -0.8819211 -0.4713972 0 -0.9569404 -0.2902849 0 -0.9951848 -0.09801739 0 -0.9951848 0.09801614 0 -0.9569403 0.2902849 0 -0.8819215 0.4713963 0 -0.7730111 0.6343926 0 -0.6343933 0.7730105 0 -0.4713964 0.8819215 0 0 0 1 -0.2902849 0.9569403 0 -0.09801673 0.9951848 0 0 0 -1 0.09801703 0.9951847 0 0.4713964 0.8819215 0 0.6343931 0.7730107 0 0.773011 0.6343928 0 0.8819211 0.4713971 0 0.9569405 0.2902845 0 0.9951847 0.09801733 0 0.9951848 -0.09801739 0 0.9569403 -0.2902851 0 0.8819214 -0.4713968 0 0.7730108 -0.634393 0 0.4713968 -0.8819213 0 0.2902851 -0.9569403 0 0.09801661 -0.9951848 0 -0.2902849 -0.9569403 0 -0.6343929 -0.7730109 0 -0.773011 -0.6343927 0 -0.8819211 -0.4713971 0 -0.9951848 -0.09801614 0 -0.9951847 0.09801733 0 -0.9569401 0.2902855 0 -0.8819213 0.4713968 0 -0.7730108 0.634393 0 -0.4713964 0.8819215 0 2.57067e-6 0 1 -6.85516e-6 0 1 -4.72008e-6 0 1 -1.37102e-5 0 1 1.37102e-5 0 1 -8.56883e-7 0 1 4.62937e-6 0 1 -1.37102e-5 0 1 -4.62936e-6 0 1 4.11154e-7 0 1 -4.96307e-7 0 1 -0.290285 0.9569404 0 -0.09801667 0.9951848 0 4.28448e-7 0 -1 0 0 -1 3.42757e-6 0 -1 3.42755e-6 0 -1 -4.62938e-6 0 -1 -3.42755e-6 0 -1 -1.71379e-6 0 -1 -3.42753e-6 0 -1 3.42755e-6 0 -1 -2.36004e-6 0 -1 2.31469e-6 0 -1 8.82153e-7 0 -1 2.48153e-7 0 -1</float_array>
          <technique_common>
            <accessor source="#Cylinder_004-mesh-normals-array" count="84" stride="3">
              <param name="X" type="float"/>
              <param name="Y" type="float"/>
              <param name="Z" type="float"/>
            </accessor>
          </technique_common>
        </source>
        <source id="Cylinder_004-mesh-map-0">
          <float_array id="Cylinder_004-mesh-map-0-array" count="744">1 1 0.96875 0.5 1 0.5 0.96875 1 0.9375 0.5 0.96875 0.5 0.9375 1 0.90625 0.5 0.9375 0.5 0.90625 1 0.875 0.5 0.90625 0.5 0.875 1 0.84375 0.5 0.875 0.5 0.84375 1 0.8125 0.5 0.84375 0.5 0.8125 1 0.78125 0.5 0.8125 0.5 0.78125 1 0.75 0.5 0.78125 0.5 0.75 1 0.71875 0.5 0.75 0.5 0.71875 1 0.6875 0.5 0.71875 0.5 0.6875 1 0.65625 0.5 0.6875 0.5 0.65625 1 0.625 0.5 0.65625 0.5 0.625 1 0.59375 0.5 0.625 0.5 0.59375 1 0.5625 0.5 0.59375 0.5 0.5625 1 0.53125 0.5 0.5625 0.5 0.53125 1 0.5 0.5 0.53125 0.5 0.5 1 0.46875 0.5 0.5 0.5 0.46875 1 0.4375 0.5 0.46875 0.5 0.4375 1 0.40625 0.5 0.4375 0.5 0.40625 1 0.375 0.5 0.40625 0.5 0.375 1 0.34375 0.5 0.375 0.5 0.34375 1 0.3125 0.5 0.34375 0.5 0.3125 1 0.28125 0.5 0.3125 0.5 0.28125 1 0.25 0.5 0.28125 0.5 0.25 1 0.21875 0.5 0.25 0.5 0.21875 1 0.1875 0.5 0.21875 0.5 0.1875 1 0.15625 0.5 0.1875 0.5 0.15625 1 0.125 0.5 0.15625 0.5 0.125 1 0.09375 0.5 0.125 0.5 0.09375 1 0.0625 0.5 0.09375 0.5 0.4717311 0.1581559 0.4717311 0.341844 0.341844 0.4717311 0.0625 1 0.03125 0.5 0.0625 0.5 0.03125 1 0 0.5 0.03125 0.5 0.9853885 0.2968217 0.7968217 0.01461148 0.5146116 0.2031783 1 1 0.96875 1 0.96875 0.5 0.96875 1 0.9375 1 0.9375 0.5 0.9375 1 0.90625 1 0.90625 0.5 0.90625 1 0.875 1 0.875 0.5 0.875 1 0.84375 1 0.84375 0.5 0.84375 1 0.8125 1 0.8125 0.5 0.8125 1 0.78125 1 0.78125 0.5 0.78125 1 0.75 1 0.75 0.5 0.75 1 0.71875 1 0.71875 0.5 0.71875 1 0.6875 1 0.6875 0.5 0.6875 1 0.65625 1 0.65625 0.5 0.65625 1 0.625 1 0.625 0.5 0.625 1 0.59375 1 0.59375 0.5 0.59375 1 0.5625 1 0.5625 0.5 0.5625 1 0.53125 1 0.53125 0.5 0.53125 1 0.5 1 0.5 0.5 0.5 1 0.46875 1 0.46875 0.5 0.46875 1 0.4375 1 0.4375 0.5 0.4375 1 0.40625 1 0.40625 0.5 0.40625 1 0.375 1 0.375 0.5 0.375 1 0.34375 1 0.34375 0.5 0.34375 1 0.3125 1 0.3125 0.5 0.3125 1 0.28125 1 0.28125 0.5 0.28125 1 0.25 1 0.25 0.5 0.25 1 0.21875 1 0.21875 0.5 0.21875 1 0.1875 1 0.1875 0.5 0.1875 1 0.15625 1 0.15625 0.5 0.15625 1 0.125 1 0.125 0.5 0.125 1 0.09375 1 0.09375 0.5 0.09375 1 0.0625 1 0.0625 0.5 0.341844 0.4717311 0.2968217 0.4853885 0.25 0.49 0.25 0.49 0.2031783 0.4853885 0.1581559 0.4717311 0.1581559 0.4717311 0.1166631 0.4495527 0.08029431 0.4197056 0.08029431 0.4197056 0.05044722 0.3833368 0.1581559 0.4717311 0.05044722 0.3833368 0.02826893 0.341844 0.1581559 0.4717311 0.02826893 0.341844 0.01461154 0.2968217 0.00999999 0.25 0.00999999 0.25 0.01461154 0.2031783 0.02826887 0.1581559 0.02826887 0.1581559 0.05044728 0.116663 0.1581559 0.02826887 0.05044728 0.116663 0.08029437 0.08029437 0.1581559 0.02826887 0.08029437 0.08029437 0.1166631 0.05044728 0.1581559 0.02826887 0.1581559 0.02826887 0.2031783 0.01461148 0.25 0.00999999 0.25 0.00999999 0.2968217 0.01461148 0.341844 0.02826887 0.341844 0.02826887 0.3833369 0.05044728 0.4717311 0.1581559 0.3833369 0.05044728 0.4197056 0.08029437 0.4717311 0.1581559 0.4197056 0.08029437 0.4495527 0.1166631 0.4717311 0.1581559 0.4717311 0.1581559 0.4853885 0.2031783 0.4717311 0.341844 0.4853885 0.2031783 0.49 0.25 0.4717311 0.341844 0.49 0.25 0.4853885 0.2968217 0.4717311 0.341844 0.4717311 0.341844 0.4495527 0.3833369 0.341844 0.4717311 0.4495527 0.3833369 0.4197056 0.4197056 0.341844 0.4717311 0.4197056 0.4197056 0.3833369 0.4495527 0.341844 0.4717311 0.341844 0.4717311 0.25 0.49 0.1581559 0.4717311 0.02826893 0.341844 0.00999999 0.25 0.02826887 0.1581559 0.1581559 0.02826887 0.25 0.00999999 0.341844 0.02826887 0.341844 0.4717311 0.1581559 0.4717311 0.1581559 0.02826887 0.1581559 0.4717311 0.02826893 0.341844 0.1581559 0.02826887 0.02826893 0.341844 0.02826887 0.1581559 0.1581559 0.02826887 0.1581559 0.02826887 0.341844 0.02826887 0.341844 0.4717311 0.341844 0.02826887 0.4717311 0.1581559 0.341844 0.4717311 0.0625 1 0.03125 1 0.03125 0.5 0.03125 1 0 1 0 0.5 0.7031784 0.4853885 0.75 0.49 0.7968217 0.4853885 0.7968217 0.4853885 0.841844 0.4717311 0.7031784 0.4853885 0.841844 0.4717311 0.8833369 0.4495527 0.7031784 0.4853885 0.8833369 0.4495527 0.9197056 0.4197056 0.9495527 0.3833369 0.9495527 0.3833369 0.9717311 0.341844 0.9853885 0.2968217 0.9853885 0.2968217 0.99 0.25 0.9853885 0.2031783 0.9853885 0.2031783 0.9717311 0.1581559 0.9853885 0.2968217 0.9717311 0.1581559 0.9495527 0.1166631 0.9853885 0.2968217 0.9495527 0.1166631 0.9197056 0.08029437 0.8833369 0.05044728 0.8833369 0.05044728 0.841844 0.02826887 0.7968217 0.01461148 0.7968217 0.01461148 0.75 0.00999999 0.6166631 0.05044728 0.75 0.00999999 0.7031784 0.01461148 0.6166631 0.05044728 0.7031784 0.01461148 0.658156 0.02826887 0.6166631 0.05044728 0.6166631 0.05044728 0.5802944 0.08029437 0.5504474 0.116663 0.5504474 0.116663 0.5282689 0.1581559 0.5146116 0.2031783 0.5146116 0.2031783 0.51 0.25 0.5146116 0.2968217 0.5146116 0.2968217 0.5282689 0.341844 0.5146116 0.2031783 0.5282689 0.341844 0.5504473 0.3833368 0.5146116 0.2031783 0.5504473 0.3833368 0.5802944 0.4197056 0.6166631 0.4495527 0.6166631 0.4495527 0.658156 0.4717311 0.5504473 0.3833368 0.658156 0.4717311 0.7031784 0.4853885 0.5504473 0.3833368 0.8833369 0.4495527 0.9495527 0.3833369 0.7031784 0.4853885 0.9495527 0.3833369 0.9853885 0.2968217 0.7031784 0.4853885 0.9495527 0.1166631 0.8833369 0.05044728 0.9853885 0.2968217 0.8833369 0.05044728 0.7968217 0.01461148 0.9853885 0.2968217 0.6166631 0.05044728 0.5504474 0.116663 0.5146116 0.2031783 0.7968217 0.01461148 0.6166631 0.05044728 0.5146116 0.2031783 0.5146116 0.2031783 0.5504473 0.3833368 0.7031784 0.4853885 0.7031784 0.4853885 0.9853885 0.2968217 0.5146116 0.2031783</float_array>
          <technique_common>
            <accessor source="#Cylinder_004-mesh-map-0-array" count="372" stride="2">
              <param name="S" type="float"/>
              <param name="T" type="float"/>
            </accessor>
          </technique_common>
        </source>
        <vertices id="Cylinder_004-mesh-vertices">
          <input semantic="POSITION" source="#Cylinder_004-mesh-positions"/>
        </vertices>
        <triangles material="Material_015-material" count="124">
          <input semantic="VERTEX" source="#Cylinder_004-mesh-vertices" offset="0"/>
          <input semantic="NORMAL" source="#Cylinder_004-mesh-normals" offset="1"/>
          <input semantic="TEXCOORD" source="#Cylinder_004-mesh-map-0" offset="2" set="0"/>
          <p>1 0 0 2 0 1 0 0 2 3 1 3 4 1 4 2 1 5 5 2 6 6 2 7 4 2 8 7 3 9 8 3 10 6 3 11 9 4 12 10 4 13 8 4 14 11 5 15 12 5 16 10 5 17 13 6 18 14 6 19 12 6 20 15 7 21 16 7 22 14 7 23 17 8 24 18 8 25 16 8 26 19 9 27 20 9 28 18 9 29 21 10 30 22 10 31 20 10 32 23 11 33 24 11 34 22 11 35 25 12 36 26 12 37 24 12 38 27 13 39 28 13 40 26 13 41 29 14 42 30 14 43 28 14 44 31 15 45 32 15 46 30 15 47 33 16 48 34 16 49 32 16 50 35 17 51 36 17 52 34 17 53 37 18 54 38 18 55 36 18 56 39 19 57 40 19 58 38 19 59 41 20 60 42 20 61 40 20 62 43 21 63 44 21 64 42 21 65 45 22 66 46 22 67 44 22 68 47 23 69 48 23 70 46 23 71 49 24 72 50 24 73 48 24 74 51 25 75 52 25 76 50 25 77 53 26 78 54 26 79 52 26 80 55 27 81 56 27 82 54 27 83 57 28 84 58 28 85 56 28 86 59 29 87 60 29 88 58 29 89 21 30 90 13 30 91 5 30 92 61 31 93 62 31 94 60 31 95 63 32 96 0 32 97 62 32 98 14 33 99 30 33 100 46 33 101 1 34 102 3 34 103 2 34 104 3 1 105 5 1 106 4 1 107 5 35 108 7 35 109 6 35 110 7 36 111 9 36 112 8 36 113 9 37 114 11 37 115 10 37 116 11 38 117 13 38 118 12 38 119 13 39 120 15 39 121 14 39 122 15 40 123 17 40 124 16 40 125 17 41 126 19 41 127 18 41 128 19 42 129 21 42 130 20 42 131 21 43 132 23 43 133 22 43 134 23 44 135 25 44 136 24 44 137 25 12 138 27 12 139 26 12 140 27 45 141 29 45 142 28 45 143 29 46 144 31 46 145 30 46 146 31 47 147 33 47 148 32 47 149 33 16 150 35 16 151 34 16 152 35 48 153 37 48 154 36 48 155 37 18 156 39 18 157 38 18 158 39 49 159 41 49 160 40 49 161 41 50 162 43 50 163 42 50 164 43 51 165 45 51 166 44 51 167 45 22 168 47 22 169 46 22 170 47 52 171 49 52 172 48 52 173 49 53 174 51 53 175 50 53 176 51 54 177 53 54 178 52 54 179 53 55 180 55 55 181 54 55 182 55 56 183 57 56 184 56 56 185 57 28 186 59 28 187 58 28 188 59 57 189 61 57 190 60 57 191 5 58 192 3 58 193 1 58 194 1 30 195 63 30 196 61 30 197 61 59 198 59 59 199 57 59 200 57 30 201 55 30 202 61 30 203 55 60 204 53 60 205 61 60 206 53 61 207 51 61 208 49 61 209 49 62 210 47 62 211 45 62 212 45 30 213 43 30 214 37 30 215 43 30 216 41 30 217 37 30 218 41 30 219 39 30 220 37 30 221 37 63 222 35 63 223 33 63 224 33 30 225 31 30 226 29 30 227 29 30 228 27 30 229 21 30 230 27 64 231 25 64 232 21 64 233 25 30 234 23 30 235 21 30 236 21 30 237 19 30 238 13 30 239 19 30 240 17 30 241 13 30 242 17 65 243 15 65 244 13 65 245 13 30 246 11 30 247 5 30 248 11 66 249 9 66 250 5 66 251 9 30 252 7 30 253 5 30 254 5 30 255 1 30 256 61 30 257 53 30 258 49 30 259 45 30 260 37 30 261 33 30 262 29 30 263 5 30 264 61 30 265 37 30 266 61 67 267 53 67 268 37 67 269 53 68 270 45 68 271 37 68 272 37 30 273 29 30 274 5 30 275 29 30 276 21 30 277 5 30 278 61 69 279 63 69 280 62 69 281 63 70 282 1 70 283 0 70 284 62 71 285 0 71 286 2 71 287 2 72 288 4 72 289 62 72 290 4 72 291 6 72 292 62 72 293 6 72 294 8 72 295 10 72 296 10 73 297 12 73 298 14 73 299 14 74 300 16 74 301 18 74 302 18 75 303 20 75 304 14 75 305 20 72 306 22 72 307 14 72 308 22 76 309 24 76 310 26 76 311 26 77 312 28 77 313 30 77 314 30 72 315 32 72 316 38 72 317 32 72 318 34 72 319 38 72 320 34 72 321 36 72 322 38 72 323 38 78 324 40 78 325 42 78 326 42 79 327 44 79 328 46 79 329 46 72 330 48 72 331 50 72 332 50 72 333 52 72 334 46 72 335 52 80 336 54 80 337 46 80 338 54 72 339 56 72 340 58 72 341 58 81 342 60 81 343 54 81 344 60 72 345 62 72 346 54 72 347 6 72 348 10 72 349 62 72 350 10 72 351 14 72 352 62 72 353 22 72 354 26 72 355 14 72 356 26 72 357 30 72 358 14 72 359 38 82 360 42 82 361 46 82 362 30 83 363 38 83 364 46 83 365 46 72 366 54 72 367 62 72 368 62 33 369 14 33 370 46 33 371</p>
        </triangles>
      </mesh>
    </geometry>
    <geometry id="Cylinder_003-mesh" name="Cylinder.003">
      <mesh>
        <source id="Cylinder_003-mesh-positions">
          <float_array id="Cylinder_003-mesh-positions-array" count="192">-4.51241e-6 6.029164 0.1971716 -4.51241e-6 6.029164 2.79402 1.176228 5.913315 0.1971716 1.176228 5.913315 2.79402 2.307259 5.570221 0.1971716 2.307259 5.570221 2.79402 3.349622 5.013066 0.1971716 3.349622 5.013066 2.79402 4.263261 4.263262 0.1971716 4.263261 4.263262 2.79402 5.013066 3.349622 0.1971716 5.013066 3.349622 2.79402 5.57022 2.307259 0.1971716 5.57022 2.307259 2.79402 5.913315 1.176229 0.1971716 5.913315 1.176229 2.79402 6.029164 -4.32752e-6 0.1971716 6.029164 -4.32752e-6 2.79402 5.913315 -1.176236 0.1971716 5.913315 -1.176236 2.79402 5.570221 -2.307267 0.1971716 5.570221 -2.307267 2.79402 5.013066 -3.34963 0.1971716 5.013066 -3.34963 2.79402 4.263261 -4.26327 0.1971716 4.263261 -4.26327 2.79402 3.349622 -5.013074 0.1971716 3.349622 -5.013074 2.79402 2.307259 -5.57023 0.1971716 2.307259 -5.57023 2.79402 1.176228 -5.913324 0.1971716 1.176228 -5.913324 2.79402 -5.03949e-6 -6.029172 0.1971716 -5.03949e-6 -6.029172 2.79402 -1.176236 -5.913324 0.1971716 -1.176236 -5.913324 2.79402 -2.307267 -5.57023 0.1971716 -2.307267 -5.57023 2.79402 -3.349632 -5.013074 0.1971716 -3.349632 -5.013074 2.79402 -4.26327 -4.26327 0.1971716 -4.26327 -4.26327 2.79402 -5.013074 -3.349632 0.1971716 -5.013074 -3.349632 2.79402 -5.57023 -2.307268 0.1971716 -5.57023 -2.307268 2.79402 -5.913324 -1.176237 0.1971716 -5.913324 -1.176237 2.79402 -6.029173 -3.99208e-6 0.1971716 -6.029173 -3.99208e-6 2.79402 -5.913324 1.176229 0.1971716 -5.913324 1.176229 2.79402 -5.570229 2.30726 0.1971716 -5.570229 2.30726 2.79402 -5.013075 3.349622 0.1971716 -5.013075 3.349622 2.79402 -4.263271 4.263261 0.1971716 -4.263271 4.263261 2.79402 -3.349632 5.013066 0.1971716 -3.349632 5.013066 2.79402 -2.307267 5.570221 0.1971716 -2.307267 5.570221 2.79402 -1.176236 5.913316 0.1971716 -1.176236 5.913316 2.79402</float_array>
          <technique_common>
            <accessor source="#Cylinder_003-mesh-positions-array" count="64" stride="3">
              <param name="X" type="float"/>
              <param name="Y" type="float"/>
              <param name="Z" type="float"/>
            </accessor>
          </technique_common>
        </source>
        <source id="Cylinder_003-mesh-normals">
          <float_array id="Cylinder_003-mesh-normals-array" count="276">0.09801733 0.9951847 0 0.2902842 0.9569405 0 0.4713971 0.8819212 0 0.6343935 0.7730104 0 0.7730104 0.6343933 0 0.8819214 0.4713965 0 0.9569403 0.2902849 0 0.9951847 0.09801793 0 0.9951848 -0.09801673 0 0.9569403 -0.2902849 0 0.8819214 -0.4713966 0 0.7730103 -0.6343935 0 0.6343932 -0.7730106 0 0.4713971 -0.8819212 0 0.2902845 -0.9569404 0 0.09801685 -0.9951848 0 -0.09801703 -0.9951848 0 -0.2902846 -0.9569404 0 -0.4713971 -0.8819211 0 -0.6343933 -0.7730105 0 -0.7730105 -0.6343933 0 -0.8819212 -0.4713969 0 -0.9569406 -0.2902842 0 -0.9951848 -0.09801727 0 -0.9951848 0.09801727 0 -0.9569402 0.2902854 0 -0.8819213 0.4713968 0 -0.7730106 0.6343931 0 -0.6343932 0.7730107 0 -0.4713965 0.8819215 0 0 0 1 -0.2902845 0.9569404 0 -0.09801697 0.9951848 0 0 0 -1 0.09801733 0.9951847 0 0.2902843 0.9569405 0 0.4713968 0.8819213 0 0.6343932 0.7730106 0 0.8819214 0.4713966 0 0.9569403 0.2902849 0 0.9951848 0.09801667 0 0.9951847 -0.09801793 0 0.9569405 -0.2902843 0 0.8819214 -0.4713966 0 0.7730106 -0.6343932 0 0.4713971 -0.8819211 0 0.2902846 -0.9569404 0 -0.09801697 -0.9951848 0 -0.2902846 -0.9569404 0 -0.4713969 -0.8819213 0 -0.634393 -0.7730107 0 -0.7730104 -0.6343933 0 -0.9569402 -0.2902853 0 -0.9951848 -0.09801727 0 -0.9951848 0.09801727 0 -0.9569404 0.2902848 0 -0.8819215 0.4713962 0 -0.7730109 0.6343928 0 -0.6343937 0.7730102 0 -0.4713968 0.8819213 0 4.37416e-7 0 1 -1.74967e-6 0 1 -3.49933e-6 0 1 2.36316e-6 0 1 -1.20473e-6 0 1 2.18708e-7 0 1 -4.37416e-7 0 1 1.20473e-6 0 1 -1.18158e-6 0 1 -1.74966e-6 0 1 2.5335e-7 0 1 0 0 1 -0.2902845 0.9569405 0 -0.09801697 0.9951848 0 0 0 -1 0 0 -1 1.47698e-7 0 -1 0 0 -1 1.47698e-7 0 -1 0 0 -1 0 0 -1 0 0 -1 0 0 -1 0 0 -1 0 0 -1 0 0 -1 0 0 -1 0 0 -1 0 0 -1 0 0 -1 0 0 -1 0 0 -1</float_array>
          <technique_common>
            <accessor source="#Cylinder_003-mesh-normals-array" count="92" stride="3">
              <param name="X" type="float"/>
              <param name="Y" type="float"/>
              <param name="Z" type="float"/>
            </accessor>
          </technique_common>
        </source>
        <source id="Cylinder_003-mesh-map-0">
          <float_array id="Cylinder_003-mesh-map-0-array" count="744">1 1 0.96875 0.5 1 0.5 0.96875 1 0.9375 0.5 0.96875 0.5 0.9375 1 0.90625 0.5 0.9375 0.5 0.90625 1 0.875 0.5 0.90625 0.5 0.875 1 0.84375 0.5 0.875 0.5 0.84375 1 0.8125 0.5 0.84375 0.5 0.8125 1 0.78125 0.5 0.8125 0.5 0.78125 1 0.75 0.5 0.78125 0.5 0.75 1 0.71875 0.5 0.75 0.5 0.71875 1 0.6875 0.5 0.71875 0.5 0.6875 1 0.65625 0.5 0.6875 0.5 0.65625 1 0.625 0.5 0.65625 0.5 0.625 1 0.59375 0.5 0.625 0.5 0.59375 1 0.5625 0.5 0.59375 0.5 0.5625 1 0.53125 0.5 0.5625 0.5 0.53125 1 0.5 0.5 0.53125 0.5 0.5 1 0.46875 0.5 0.5 0.5 0.46875 1 0.4375 0.5 0.46875 0.5 0.4375 1 0.40625 0.5 0.4375 0.5 0.40625 1 0.375 0.5 0.40625 0.5 0.375 1 0.34375 0.5 0.375 0.5 0.34375 1 0.3125 0.5 0.34375 0.5 0.3125 1 0.28125 0.5 0.3125 0.5 0.28125 1 0.25 0.5 0.28125 0.5 0.25 1 0.21875 0.5 0.25 0.5 0.21875 1 0.1875 0.5 0.21875 0.5 0.1875 1 0.15625 0.5 0.1875 0.5 0.15625 1 0.125 0.5 0.15625 0.5 0.125 1 0.09375 0.5 0.125 0.5 0.09375 1 0.0625 0.5 0.09375 0.5 0.1581559 0.02826887 0.4717311 0.1581559 0.341844 0.4717311 0.0625 1 0.03125 0.5 0.0625 0.5 0.03125 1 0 0.5 0.03125 0.5 0.9853885 0.2968217 0.7968217 0.01461148 0.5146116 0.2031783 1 1 0.96875 1 0.96875 0.5 0.96875 1 0.9375 1 0.9375 0.5 0.9375 1 0.90625 1 0.90625 0.5 0.90625 1 0.875 1 0.875 0.5 0.875 1 0.84375 1 0.84375 0.5 0.84375 1 0.8125 1 0.8125 0.5 0.8125 1 0.78125 1 0.78125 0.5 0.78125 1 0.75 1 0.75 0.5 0.75 1 0.71875 1 0.71875 0.5 0.71875 1 0.6875 1 0.6875 0.5 0.6875 1 0.65625 1 0.65625 0.5 0.65625 1 0.625 1 0.625 0.5 0.625 1 0.59375 1 0.59375 0.5 0.59375 1 0.5625 1 0.5625 0.5 0.5625 1 0.53125 1 0.53125 0.5 0.53125 1 0.5 1 0.5 0.5 0.5 1 0.46875 1 0.46875 0.5 0.46875 1 0.4375 1 0.4375 0.5 0.4375 1 0.40625 1 0.40625 0.5 0.40625 1 0.375 1 0.375 0.5 0.375 1 0.34375 1 0.34375 0.5 0.34375 1 0.3125 1 0.3125 0.5 0.3125 1 0.28125 1 0.28125 0.5 0.28125 1 0.25 1 0.25 0.5 0.25 1 0.21875 1 0.21875 0.5 0.21875 1 0.1875 1 0.1875 0.5 0.1875 1 0.15625 1 0.15625 0.5 0.15625 1 0.125 1 0.125 0.5 0.125 1 0.09375 1 0.09375 0.5 0.09375 1 0.0625 1 0.0625 0.5 0.341844 0.4717311 0.2968217 0.4853885 0.1581559 0.4717311 0.2968217 0.4853885 0.25 0.49 0.1581559 0.4717311 0.25 0.49 0.2031783 0.4853885 0.1581559 0.4717311 0.1581559 0.4717311 0.1166631 0.4495527 0.08029431 0.4197056 0.08029431 0.4197056 0.05044722 0.3833368 0.1581559 0.4717311 0.05044722 0.3833368 0.02826893 0.341844 0.1581559 0.4717311 0.02826893 0.341844 0.01461154 0.2968217 0.00999999 0.25 0.00999999 0.25 0.01461154 0.2031783 0.02826893 0.341844 0.01461154 0.2031783 0.02826887 0.1581559 0.02826893 0.341844 0.02826887 0.1581559 0.05044728 0.116663 0.08029437 0.08029437 0.08029437 0.08029437 0.1166631 0.05044728 0.02826887 0.1581559 0.1166631 0.05044728 0.1581559 0.02826887 0.02826887 0.1581559 0.1581559 0.02826887 0.2031783 0.01461148 0.25 0.00999999 0.25 0.00999999 0.2968217 0.01461148 0.341844 0.02826887 0.341844 0.02826887 0.3833369 0.05044728 0.4197056 0.08029437 0.4197056 0.08029437 0.4495527 0.1166631 0.4717311 0.1581559 0.4717311 0.1581559 0.4853885 0.2031783 0.4717311 0.341844 0.4853885 0.2031783 0.49 0.25 0.4717311 0.341844 0.49 0.25 0.4853885 0.2968217 0.4717311 0.341844 0.4717311 0.341844 0.4495527 0.3833369 0.4197056 0.4197056 0.4197056 0.4197056 0.3833369 0.4495527 0.341844 0.4717311 0.1581559 0.02826887 0.25 0.00999999 0.341844 0.02826887 0.341844 0.02826887 0.4197056 0.08029437 0.1581559 0.02826887 0.4197056 0.08029437 0.4717311 0.1581559 0.1581559 0.02826887 0.4717311 0.341844 0.4197056 0.4197056 0.4717311 0.1581559 0.4197056 0.4197056 0.341844 0.4717311 0.4717311 0.1581559 0.341844 0.4717311 0.1581559 0.4717311 0.02826893 0.341844 0.02826893 0.341844 0.02826887 0.1581559 0.1581559 0.02826887 0.341844 0.4717311 0.02826893 0.341844 0.1581559 0.02826887 0.0625 1 0.03125 1 0.03125 0.5 0.03125 1 0 1 0 0.5 0.7031784 0.4853885 0.75 0.49 0.7968217 0.4853885 0.7968217 0.4853885 0.841844 0.4717311 0.8833369 0.4495527 0.8833369 0.4495527 0.9197056 0.4197056 0.9495527 0.3833369 0.9495527 0.3833369 0.9717311 0.341844 0.8833369 0.4495527 0.9717311 0.341844 0.9853885 0.2968217 0.8833369 0.4495527 0.9853885 0.2968217 0.99 0.25 0.9853885 0.2031783 0.9853885 0.2031783 0.9717311 0.1581559 0.9853885 0.2968217 0.9717311 0.1581559 0.9495527 0.1166631 0.9853885 0.2968217 0.9495527 0.1166631 0.9197056 0.08029437 0.8833369 0.05044728 0.8833369 0.05044728 0.841844 0.02826887 0.7968217 0.01461148 0.7968217 0.01461148 0.75 0.00999999 0.7031784 0.01461148 0.7031784 0.01461148 0.658156 0.02826887 0.6166631 0.05044728 0.6166631 0.05044728 0.5802944 0.08029437 0.5504474 0.116663 0.5504474 0.116663 0.5282689 0.1581559 0.5146116 0.2031783 0.5146116 0.2031783 0.51 0.25 0.5146116 0.2968217 0.5146116 0.2968217 0.5282689 0.341844 0.5146116 0.2031783 0.5282689 0.341844 0.5504473 0.3833368 0.5146116 0.2031783 0.5504473 0.3833368 0.5802944 0.4197056 0.6166631 0.4495527 0.6166631 0.4495527 0.658156 0.4717311 0.7031784 0.4853885 0.7031784 0.4853885 0.7968217 0.4853885 0.9853885 0.2968217 0.7968217 0.4853885 0.8833369 0.4495527 0.9853885 0.2968217 0.9495527 0.1166631 0.8833369 0.05044728 0.9853885 0.2968217 0.8833369 0.05044728 0.7968217 0.01461148 0.9853885 0.2968217 0.7968217 0.01461148 0.7031784 0.01461148 0.5146116 0.2031783 0.7031784 0.01461148 0.6166631 0.05044728 0.5146116 0.2031783 0.6166631 0.05044728 0.5504474 0.116663 0.5146116 0.2031783 0.5504473 0.3833368 0.6166631 0.4495527 0.7031784 0.4853885 0.5146116 0.2031783 0.5504473 0.3833368 0.7031784 0.4853885 0.7031784 0.4853885 0.9853885 0.2968217 0.5146116 0.2031783</float_array>
          <technique_common>
            <accessor source="#Cylinder_003-mesh-map-0-array" count="372" stride="2">
              <param name="S" type="float"/>
              <param name="T" type="float"/>
            </accessor>
          </technique_common>
        </source>
        <vertices id="Cylinder_003-mesh-vertices">
          <input semantic="POSITION" source="#Cylinder_003-mesh-positions"/>
        </vertices>
        <triangles material="Material_004-material" count="94">
          <input semantic="VERTEX" source="#Cylinder_003-mesh-vertices" offset="0"/>
          <input semantic="NORMAL" source="#Cylinder_003-mesh-normals" offset="1"/>
          <input semantic="TEXCOORD" source="#Cylinder_003-mesh-map-0" offset="2" set="0"/>
          <p>1 0 0 2 0 1 0 0 2 3 1 3 4 1 4 2 1 5 5 2 6 6 2 7 4 2 8 7 3 9 8 3 10 6 3 11 9 4 12 10 4 13 8 4 14 11 5 15 12 5 16 10 5 17 13 6 18 14 6 19 12 6 20 15 7 21 16 7 22 14 7 23 17 8 24 18 8 25 16 8 26 19 9 27 20 9 28 18 9 29 21 10 30 22 10 31 20 10 32 23 11 33 24 11 34 22 11 35 47 23 69 48 23 70 46 23 71 49 24 72 50 24 73 48 24 74 51 25 75 52 25 76 50 25 77 53 26 78 54 26 79 52 26 80 55 27 81 56 27 82 54 27 83 37 30 90 21 30 91 5 30 92 14 33 99 30 33 100 46 33 101 1 34 102 3 34 103 2 34 104 3 35 105 5 35 106 4 35 107 5 36 108 7 36 109 6 36 110 7 37 111 9 37 112 8 37 113 9 4 114 11 4 115 10 4 116 11 38 117 13 38 118 12 38 119 13 39 120 15 39 121 14 39 122 15 40 123 17 40 124 16 40 125 17 41 126 19 41 127 18 41 128 19 42 129 21 42 130 20 42 131 21 43 132 23 43 133 22 43 134 23 44 135 25 44 136 24 44 137 47 53 171 49 53 172 48 53 173 49 54 174 51 54 175 50 54 176 51 55 177 53 55 178 52 55 179 53 56 180 55 56 181 54 56 182 55 57 183 57 57 184 56 57 185 5 30 192 3 30 193 61 30 194 3 30 195 1 30 196 61 30 197 1 60 198 63 60 199 61 60 200 61 61 201 59 61 202 57 61 203 57 30 204 55 30 205 61 30 206 55 30 207 53 30 208 61 30 209 53 62 210 51 62 211 49 62 212 49 63 213 47 63 214 53 63 215 47 64 216 45 64 217 53 64 218 45 30 219 43 30 220 41 30 221 41 30 222 39 30 223 45 30 224 39 30 225 37 30 226 45 30 227 37 65 228 35 65 229 33 65 230 33 66 231 31 66 232 29 66 233 29 30 234 27 30 235 25 30 236 25 30 237 23 30 238 21 30 239 21 67 240 19 67 241 13 67 242 19 68 243 17 68 244 13 68 245 17 69 246 15 69 247 13 69 248 13 30 249 11 30 250 9 30 251 9 30 252 7 30 253 5 30 254 37 30 255 33 30 256 29 30 257 29 30 258 25 30 259 37 30 260 25 30 261 21 30 262 37 30 263 13 30 264 9 30 265 21 30 266 9 30 267 5 30 268 21 30 269 5 30 270 61 30 271 53 30 272 53 70 273 45 70 274 37 70 275 5 71 276 53 71 277 37 71 278 62 74 285 0 74 286 2 74 287 2 74 288 4 74 289 6 74 290 6 75 291 8 75 292 10 75 293 10 76 294 12 76 295 6 76 296 12 77 297 14 77 298 6 77 299 14 74 300 16 74 301 18 74 302 18 78 303 20 78 304 14 78 305 20 79 306 22 79 307 14 79 308 22 80 309 24 80 310 26 80 311 26 81 312 28 81 313 30 81 314 30 74 315 32 74 316 34 74 317 34 82 318 36 82 319 38 82 320 38 83 321 40 83 322 42 83 323 42 74 324 44 74 325 46 74 326 46 74 327 48 74 328 50 74 329 50 74 330 52 74 331 46 74 332 52 74 333 54 74 334 46 74 335 54 84 336 56 84 337 58 84 338 58 85 339 60 85 340 62 85 341 62 74 342 2 74 343 14 74 344 2 86 345 6 86 346 14 86 347 22 87 348 26 87 349 14 87 350 26 74 351 30 74 352 14 74 353 30 74 354 34 74 355 46 74 356 34 88 357 38 88 358 46 88 359 38 89 360 42 89 361 46 89 362 54 74 363 58 74 364 62 74 365 46 90 366 54 90 367 62 90 368 62 91 369 14 91 370 46 91 371</p>
        </triangles>
        <triangles material="Material_005-material" count="30">
          <input semantic="VERTEX" source="#Cylinder_003-mesh-vertices" offset="0"/>
          <input semantic="NORMAL" source="#Cylinder_003-mesh-normals" offset="1"/>
          <input semantic="TEXCOORD" source="#Cylinder_003-mesh-map-0" offset="2" set="0"/>
          <p>25 12 36 26 12 37 24 12 38 27 13 39 28 13 40 26 13 41 29 14 42 30 14 43 28 14 44 31 15 45 32 15 46 30 15 47 33 16 48 34 16 49 32 16 50 35 17 51 36 17 52 34 17 53 37 18 54 38 18 55 36 18 56 39 19 57 40 19 58 38 19 59 41 20 60 42 20 61 40 20 62 43 21 63 44 21 64 42 21 65 45 22 66 46 22 67 44 22 68 57 28 84 58 28 85 56 28 86 59 29 87 60 29 88 58 29 89 61 31 93 62 31 94 60 31 95 63 32 96 0 32 97 62 32 98 25 12 138 27 12 139 26 12 140 27 45 141 29 45 142 28 45 143 29 46 144 31 46 145 30 46 146 31 15 147 33 15 148 32 15 149 33 47 150 35 47 151 34 47 152 35 48 153 37 48 154 36 48 155 37 49 156 39 49 157 38 49 158 39 50 159 41 50 160 40 50 161 41 51 162 43 51 163 42 51 164 43 21 165 45 21 166 44 21 167 45 52 168 47 52 169 46 52 170 57 58 186 59 58 187 58 58 188 59 59 189 61 59 190 60 59 191 61 72 279 63 72 280 62 72 281 63 73 282 1 73 283 0 73 284</p>
        </triangles>
      </mesh>
    </geometry>
    <geometry id="Cylinder_002-mesh" name="Cylinder.002">
      <mesh>
        <source id="Cylinder_002-mesh-positions">
          <float_array id="Cylinder_002-mesh-positions-array" count="192">-2.61975e-7 1.137351 0.1971715 -2.08151e-7 0.9036753 1.232383 0.2218858 1.115497 0.1971715 0.176298 0.8863114 1.232383 0.435245 1.050775 0.1971715 0.3458213 0.8348872 1.232383 0.6318778 0.9456728 0.1971715 0.5020548 0.7513787 1.232383 0.8042281 0.8042286 0.1971715 0.6389946 0.638995 1.232383 0.945672 0.6318784 0.1971715 0.7513781 0.5020552 1.232383 1.050775 0.4352455 0.1971715 0.8348867 0.3458217 1.232383 1.115496 0.2218863 0.1971715 0.886311 0.1762985 1.232383 1.13735 2.41341e-7 0.1971715 0.9036749 1.91756e-7 1.232383 1.115496 -0.2218858 0.1971715 0.886311 -0.176298 1.232383 1.050775 -0.4352449 0.1971715 0.8348867 -0.3458212 1.232383 0.9456722 -0.6318777 0.1971715 0.7513782 -0.5020547 1.232383 0.8042281 -0.804228 0.1971715 0.6389946 -0.6389945 1.232383 0.6318778 -0.945672 0.1971715 0.5020548 -0.7513781 1.232383 0.435245 -1.050775 0.1971715 0.3458213 -0.8348867 1.232383 0.2218858 -1.115496 0.1971715 0.176298 -0.886311 1.232383 -3.61405e-7 -1.13735 0.1971715 -2.87153e-7 -0.9036749 1.232383 -0.2218862 -1.115496 0.1971715 -0.1762984 -0.886311 1.232383 -0.4352455 -1.050775 0.1971715 -0.3458217 -0.8348867 1.232383 -0.6318784 -0.945672 0.1971715 -0.5020552 -0.7513781 1.232383 -0.8042286 -0.8042281 0.1971715 -0.638995 -0.6389946 1.232383 -0.9456725 -0.631878 0.1971715 -0.7513785 -0.5020549 1.232383 -1.050775 -0.4352451 0.1971715 -0.834887 -0.3458214 1.232383 -1.115497 -0.2218858 0.1971715 -0.8863113 -0.176298 1.232383 -1.137351 3.04619e-7 0.1971715 -0.9036752 2.42034e-7 1.232383 -1.115497 0.2218865 0.1971715 -0.8863113 0.1762986 1.232383 -1.050775 0.4352456 0.1971715 -0.834887 0.3458218 1.232383 -0.9456728 0.6318782 0.1971715 -0.7513787 0.5020551 1.232383 -0.8042287 0.8042284 0.1971715 -0.6389951 0.6389949 1.232383 -0.6318784 0.9456728 0.1971715 -0.5020552 0.7513787 1.232383 -0.4352455 1.050775 0.1971715 -0.3458217 0.8348872 1.232383 -0.2218862 1.115497 0.1971715 -0.1762983 0.8863115 1.232383</float_array>
          <technique_common>
            <accessor source="#Cylinder_002-mesh-positions-array" count="64" stride="3">
              <param name="X" type="float"/>
              <param name="Y" type="float"/>
              <param name="Z" type="float"/>
            </accessor>
          </technique_common>
        </source>
        <source id="Cylinder_002-mesh-normals">
          <float_array id="Cylinder_002-mesh-normals-array" count="258">0.09563398 0.9709867 0.2191782 0.2832259 0.9336723 0.2191783 0.4599345 0.8604772 0.2191783 0.6189681 0.7542145 0.2191782 0.754215 0.6189676 0.2191782 0.8604772 0.4599348 0.2191781 0.9336721 0.283227 0.2191781 0.9709867 0.0956335 0.2191782 0.9709866 -0.09563452 0.2191781 0.9336721 -0.283227 0.2191781 0.8604775 -0.4599344 0.2191781 0.7542148 -0.6189677 0.2191781 0.6189672 -0.7542152 0.219178 0.4599352 -0.860477 0.219178 0.2832264 -0.9336722 0.2191781 0.09563356 -0.9709867 0.2191783 -0.09563356 -0.9709867 0.2191784 -0.2832265 -0.9336721 0.2191783 -0.4599348 -0.8604772 0.2191783 -0.6189679 -0.7542146 0.2191782 -0.7542147 -0.6189678 0.2191783 -0.8604771 -0.4599351 0.2191781 -0.9336724 -0.2832259 0.2191783 -0.9709867 -0.09563452 0.2191782 -0.9709867 0.09563446 0.2191782 -0.9336724 0.283226 0.2191783 -0.8604773 0.4599345 0.2191783 -0.7542146 0.6189681 0.2191782 -0.6189686 0.7542141 0.2191783 -0.4599344 0.8604774 0.2191783 0 0 1 -0.2832264 0.9336722 0.2191782 -0.0956335 0.9709867 0.2191782 0 0 -1 0.09563404 0.9709867 0.2191783 0.2832261 0.9336724 0.2191781 0.4599345 0.8604773 0.2191783 0.6189677 0.7542149 0.2191782 0.7542151 0.6189672 0.2191782 0.8604772 0.4599349 0.2191781 0.9336723 0.2832266 0.2191782 0.9709867 0.09563416 0.2191782 0.9709867 -0.09563291 0.2191782 0.9336721 -0.2832267 0.2191781 0.8604774 -0.4599344 0.2191781 0.754215 -0.6189675 0.2191783 0.618968 -0.7542147 0.2191783 0.4599351 -0.860477 0.2191783 0.2832262 -0.9336724 0.2191781 0.09563368 -0.9709867 0.219178 -0.0956338 -0.9709868 0.219178 -0.2832266 -0.9336723 0.2191782 -0.4599348 -0.8604773 0.2191781 -0.6189673 -0.7542153 0.219178 -0.7542144 -0.6189683 0.219178 -0.8604774 -0.4599342 0.2191782 -0.9336722 -0.2832263 0.2191782 -0.9709868 -0.09563291 0.2191783 -0.9709867 0.09563285 0.2191783 -0.9336719 0.2832277 0.2191782 -0.8604776 0.459934 0.2191782 -0.7542151 0.6189673 0.2191782 -0.618968 0.7542145 0.2191783 -0.4599342 0.8604774 0.2191782 0 0 1 2.43387e-6 0 1 -4.86773e-6 0 1 1.21693e-6 0 1 -2.43387e-6 0 1 -3.28724e-6 0 1 1.64363e-6 0 1 3.52421e-7 0 1 -1.45977e-7 0 1 -0.2832263 0.9336722 0.2191784 -0.09563374 0.9709867 0.2191781 0 0 -1 0 0 -1 -5.28976e-7 0 -1 -1.92062e-7 0 -1 1.32244e-7 0 -1 -2.59404e-7 0 -1 3.84125e-7 0 -1 3.84124e-7 0 -1 1.38863e-7 0 -1 0 0 -1 0 0 -1</float_array>
          <technique_common>
            <accessor source="#Cylinder_002-mesh-normals-array" count="86" stride="3">
              <param name="X" type="float"/>
              <param name="Y" type="float"/>
              <param name="Z" type="float"/>
            </accessor>
          </technique_common>
        </source>
        <source id="Cylinder_002-mesh-map-0">
          <float_array id="Cylinder_002-mesh-map-0-array" count="744">1 1 0.96875 0.5 1 0.5 0.96875 0.5 0.9375 1 0.9375 0.5 0.9375 1 0.90625 0.5 0.9375 0.5 0.90625 1 0.875 0.5 0.90625 0.5 0.875 1 0.84375 0.5 0.875 0.5 0.84375 1 0.8125 0.5 0.84375 0.5 0.8125 1 0.78125 0.5 0.8125 0.5 0.78125 1 0.75 0.5 0.78125 0.5 0.75 1 0.71875 0.5 0.75 0.5 0.71875 1 0.6875 0.5 0.71875 0.5 0.6875 1 0.65625 0.5 0.6875 0.5 0.65625 1 0.625 0.5 0.65625 0.5 0.625 1 0.59375 0.5 0.625 0.5 0.59375 0.5 0.5625 1 0.5625 0.5 0.5625 1 0.53125 0.5 0.5625 0.5 0.53125 1 0.5 0.5 0.53125 0.5 0.5 0.5 0.46875 1 0.46875 0.5 0.46875 1 0.4375 0.5 0.46875 0.5 0.4375 0.5 0.40625 1 0.40625 0.5 0.40625 0.5 0.375 1 0.375 0.5 0.375 1 0.34375 0.5 0.375 0.5 0.34375 0.5 0.3125 1 0.3125 0.5 0.3125 1 0.28125 0.5 0.3125 0.5 0.28125 0.5 0.25 1 0.25 0.5 0.25 1 0.21875 0.5 0.25 0.5 0.21875 0.5 0.1875 1 0.1875 0.5 0.1875 0.5 0.15625 1 0.15625 0.5 0.15625 0.5 0.125 1 0.125 0.5 0.125 1 0.09375 0.5 0.125 0.5 0.09375 1 0.0625 0.5 0.09375 0.5 0.02826893 0.341844 0.1581559 0.02826887 0.4717311 0.1581559 0.0625 1 0.03125 0.5 0.0625 0.5 0.03125 1 0 0.5 0.03125 0.5 0.9853885 0.2968217 0.7968217 0.01461148 0.5146116 0.2031783 1 1 0.96875 1 0.96875 0.5 0.96875 0.5 0.96875 1 0.9375 1 0.9375 1 0.90625 1 0.90625 0.5 0.90625 1 0.875 1 0.875 0.5 0.875 1 0.84375 1 0.84375 0.5 0.84375 1 0.8125 1 0.8125 0.5 0.8125 1 0.78125 1 0.78125 0.5 0.78125 1 0.75 1 0.75 0.5 0.75 1 0.71875 1 0.71875 0.5 0.71875 1 0.6875 1 0.6875 0.5 0.6875 1 0.65625 1 0.65625 0.5 0.65625 1 0.625 1 0.625 0.5 0.625 1 0.59375 1 0.59375 0.5 0.59375 0.5 0.59375 1 0.5625 1 0.5625 1 0.53125 1 0.53125 0.5 0.53125 1 0.5 1 0.5 0.5 0.5 0.5 0.5 1 0.46875 1 0.46875 1 0.4375 1 0.4375 0.5 0.4375 0.5 0.4375 1 0.40625 1 0.40625 0.5 0.40625 1 0.375 1 0.375 1 0.34375 1 0.34375 0.5 0.34375 0.5 0.34375 1 0.3125 1 0.3125 1 0.28125 1 0.28125 0.5 0.28125 0.5 0.28125 1 0.25 1 0.25 1 0.21875 1 0.21875 0.5 0.21875 0.5 0.21875 1 0.1875 1 0.1875 0.5 0.1875 1 0.15625 1 0.15625 0.5 0.15625 1 0.125 1 0.125 1 0.09375 1 0.09375 0.5 0.09375 1 0.0625 1 0.0625 0.5 0.341844 0.4717311 0.2968217 0.4853885 0.1581559 0.4717311 0.2968217 0.4853885 0.25 0.49 0.1581559 0.4717311 0.25 0.49 0.2031783 0.4853885 0.1581559 0.4717311 0.1581559 0.4717311 0.1166631 0.4495527 0.08029431 0.4197056 0.08029431 0.4197056 0.05044722 0.3833368 0.02826893 0.341844 0.02826893 0.341844 0.01461154 0.2968217 0.00999999 0.25 0.00999999 0.25 0.01461154 0.2031783 0.02826887 0.1581559 0.02826887 0.1581559 0.05044728 0.116663 0.08029437 0.08029437 0.08029437 0.08029437 0.1166631 0.05044728 0.02826887 0.1581559 0.1166631 0.05044728 0.1581559 0.02826887 0.02826887 0.1581559 0.1581559 0.02826887 0.2031783 0.01461148 0.25 0.00999999 0.25 0.00999999 0.2968217 0.01461148 0.341844 0.02826887 0.341844 0.02826887 0.3833369 0.05044728 0.4717311 0.1581559 0.3833369 0.05044728 0.4197056 0.08029437 0.4717311 0.1581559 0.4197056 0.08029437 0.4495527 0.1166631 0.4717311 0.1581559 0.4717311 0.1581559 0.4853885 0.2031783 0.49 0.25 0.49 0.25 0.4853885 0.2968217 0.4717311 0.1581559 0.4853885 0.2968217 0.4717311 0.341844 0.4717311 0.1581559 0.4717311 0.341844 0.4495527 0.3833369 0.341844 0.4717311 0.4495527 0.3833369 0.4197056 0.4197056 0.341844 0.4717311 0.4197056 0.4197056 0.3833369 0.4495527 0.341844 0.4717311 0.1581559 0.4717311 0.08029431 0.4197056 0.02826893 0.341844 0.02826893 0.341844 0.00999999 0.25 0.1581559 0.02826887 0.00999999 0.25 0.02826887 0.1581559 0.1581559 0.02826887 0.1581559 0.02826887 0.25 0.00999999 0.4717311 0.1581559 0.25 0.00999999 0.341844 0.02826887 0.4717311 0.1581559 0.341844 0.4717311 0.1581559 0.4717311 0.02826893 0.341844 0.4717311 0.1581559 0.4717311 0.341844 0.341844 0.4717311 0.341844 0.4717311 0.02826893 0.341844 0.4717311 0.1581559 0.0625 1 0.03125 1 0.03125 0.5 0.03125 1 0 1 0 0.5 0.7031784 0.4853885 0.75 0.49 0.7968217 0.4853885 0.7968217 0.4853885 0.841844 0.4717311 0.8833369 0.4495527 0.8833369 0.4495527 0.9197056 0.4197056 0.9495527 0.3833369 0.9495527 0.3833369 0.9717311 0.341844 0.9853885 0.2968217 0.9853885 0.2968217 0.99 0.25 0.9853885 0.2031783 0.9853885 0.2031783 0.9717311 0.1581559 0.9853885 0.2968217 0.9717311 0.1581559 0.9495527 0.1166631 0.9853885 0.2968217 0.9495527 0.1166631 0.9197056 0.08029437 0.8833369 0.05044728 0.8833369 0.05044728 0.841844 0.02826887 0.7968217 0.01461148 0.7968217 0.01461148 0.75 0.00999999 0.6166631 0.05044728 0.75 0.00999999 0.7031784 0.01461148 0.6166631 0.05044728 0.7031784 0.01461148 0.658156 0.02826887 0.6166631 0.05044728 0.6166631 0.05044728 0.5802944 0.08029437 0.5504474 0.116663 0.5504474 0.116663 0.5282689 0.1581559 0.5146116 0.2031783 0.5146116 0.2031783 0.51 0.25 0.5146116 0.2968217 0.5146116 0.2968217 0.5282689 0.341844 0.5146116 0.2031783 0.5282689 0.341844 0.5504473 0.3833368 0.5146116 0.2031783 0.5504473 0.3833368 0.5802944 0.4197056 0.6166631 0.4495527 0.6166631 0.4495527 0.658156 0.4717311 0.5504473 0.3833368 0.658156 0.4717311 0.7031784 0.4853885 0.5504473 0.3833368 0.7031784 0.4853885 0.7968217 0.4853885 0.8833369 0.4495527 0.8833369 0.4495527 0.9495527 0.3833369 0.7031784 0.4853885 0.9495527 0.3833369 0.9853885 0.2968217 0.7031784 0.4853885 0.9495527 0.1166631 0.8833369 0.05044728 0.9853885 0.2968217 0.8833369 0.05044728 0.7968217 0.01461148 0.9853885 0.2968217 0.6166631 0.05044728 0.5504474 0.116663 0.5146116 0.2031783 0.7968217 0.01461148 0.6166631 0.05044728 0.5146116 0.2031783 0.5146116 0.2031783 0.5504473 0.3833368 0.7031784 0.4853885 0.7031784 0.4853885 0.9853885 0.2968217 0.5146116 0.2031783</float_array>
          <technique_common>
            <accessor source="#Cylinder_002-mesh-map-0-array" count="372" stride="2">
              <param name="S" type="float"/>
              <param name="T" type="float"/>
            </accessor>
          </technique_common>
        </source>
        <vertices id="Cylinder_002-mesh-vertices">
          <input semantic="POSITION" source="#Cylinder_002-mesh-positions"/>
        </vertices>
        <triangles material="Material_003-material" count="124">
          <input semantic="VERTEX" source="#Cylinder_002-mesh-vertices" offset="0"/>
          <input semantic="NORMAL" source="#Cylinder_002-mesh-normals" offset="1"/>
          <input semantic="TEXCOORD" source="#Cylinder_002-mesh-map-0" offset="2" set="0"/>
          <p>1 0 0 2 0 1 0 0 2 2 1 3 5 1 4 4 1 5 5 2 6 6 2 7 4 2 8 7 3 9 8 3 10 6 3 11 9 4 12 10 4 13 8 4 14 11 5 15 12 5 16 10 5 17 13 6 18 14 6 19 12 6 20 15 7 21 16 7 22 14 7 23 17 8 24 18 8 25 16 8 26 19 9 27 20 9 28 18 9 29 21 10 30 22 10 31 20 10 32 23 11 33 24 11 34 22 11 35 25 12 36 26 12 37 24 12 38 26 13 39 29 13 40 28 13 41 29 14 42 30 14 43 28 14 44 31 15 45 32 15 46 30 15 47 32 16 48 35 16 49 34 16 50 35 17 51 36 17 52 34 17 53 36 18 54 39 18 55 38 18 56 38 19 57 41 19 58 40 19 59 41 20 60 42 20 61 40 20 62 42 21 63 45 21 64 44 21 65 45 22 66 46 22 67 44 22 68 46 23 69 49 23 70 48 23 71 49 24 72 50 24 73 48 24 74 50 25 75 53 25 76 52 25 77 52 26 78 55 26 79 54 26 80 54 27 81 57 27 82 56 27 83 57 28 84 58 28 85 56 28 86 59 29 87 60 29 88 58 29 89 53 30 90 37 30 91 21 30 92 61 31 93 62 31 94 60 31 95 63 32 96 0 32 97 62 32 98 14 33 99 30 33 100 46 33 101 1 34 102 3 34 103 2 34 104 2 35 105 3 35 106 5 35 107 5 36 108 7 36 109 6 36 110 7 37 111 9 37 112 8 37 113 9 38 114 11 38 115 10 38 116 11 39 117 13 39 118 12 39 119 13 40 120 15 40 121 14 40 122 15 41 123 17 41 124 16 41 125 17 42 126 19 42 127 18 42 128 19 43 129 21 43 130 20 43 131 21 44 132 23 44 133 22 44 134 23 45 135 25 45 136 24 45 137 25 46 138 27 46 139 26 46 140 26 47 141 27 47 142 29 47 143 29 48 144 31 48 145 30 48 146 31 49 147 33 49 148 32 49 149 32 50 150 33 50 151 35 50 152 35 51 153 37 51 154 36 51 155 36 52 156 37 52 157 39 52 158 38 53 159 39 53 160 41 53 161 41 54 162 43 54 163 42 54 164 42 55 165 43 55 166 45 55 167 45 56 168 47 56 169 46 56 170 46 57 171 47 57 172 49 57 173 49 58 174 51 58 175 50 58 176 50 59 177 51 59 178 53 59 179 52 60 180 53 60 181 55 60 182 54 61 183 55 61 184 57 61 185 57 62 186 59 62 187 58 62 188 59 63 189 61 63 190 60 63 191 5 64 192 3 64 193 61 64 194 3 64 195 1 64 196 61 64 197 1 65 198 63 65 199 61 65 200 61 64 201 59 64 202 57 64 203 57 64 204 55 64 205 53 64 206 53 64 207 51 64 208 49 64 209 49 66 210 47 66 211 45 66 212 45 64 213 43 64 214 41 64 215 41 64 216 39 64 217 45 64 218 39 64 219 37 64 220 45 64 221 37 67 222 35 67 223 33 67 224 33 68 225 31 68 226 29 68 227 29 64 228 27 64 229 21 64 230 27 69 231 25 69 232 21 69 233 25 64 234 23 64 235 21 64 236 21 64 237 19 64 238 17 64 239 17 64 240 15 64 241 21 64 242 15 64 243 13 64 244 21 64 245 13 64 246 11 64 247 5 64 248 11 70 249 9 70 250 5 70 251 9 64 252 7 64 253 5 64 254 61 64 255 57 64 256 53 64 257 53 64 258 49 64 259 37 64 260 49 64 261 45 64 262 37 64 263 37 64 264 33 64 265 21 64 266 33 64 267 29 64 268 21 64 269 5 64 270 61 64 271 53 64 272 21 71 273 13 71 274 5 71 275 5 72 276 53 72 277 21 72 278 61 73 279 63 73 280 62 73 281 63 74 282 1 74 283 0 74 284 62 75 285 0 75 286 2 75 287 2 76 288 4 76 289 6 76 290 6 76 291 8 76 292 10 76 293 10 76 294 12 76 295 14 76 296 14 76 297 16 76 298 18 76 299 18 76 300 20 76 301 14 76 302 20 77 303 22 77 304 14 77 305 22 76 306 24 76 307 26 76 308 26 78 309 28 78 310 30 78 311 30 79 312 32 79 313 38 79 314 32 80 315 34 80 316 38 80 317 34 81 318 36 81 319 38 81 320 38 76 321 40 76 322 42 76 323 42 76 324 44 76 325 46 76 326 46 76 327 48 76 328 50 76 329 50 76 330 52 76 331 46 76 332 52 76 333 54 76 334 46 76 335 54 82 336 56 82 337 58 82 338 58 76 339 60 76 340 54 76 341 60 76 342 62 76 343 54 76 344 62 76 345 2 76 346 6 76 347 6 76 348 10 76 349 62 76 350 10 76 351 14 76 352 62 76 353 22 83 354 26 83 355 14 83 356 26 76 357 30 76 358 14 76 359 38 76 360 42 76 361 46 76 362 30 76 363 38 76 364 46 76 365 46 84 366 54 84 367 62 84 368 62 85 369 14 85 370 46 85 371</p>
        </triangles>
      </mesh>
    </geometry>
    <geometry id="Cylinder_001-mesh" name="Cylinder.001">
      <mesh>
        <source id="Cylinder_001-mesh-positions">
          <float_array id="Cylinder_001-mesh-positions-array" count="192">-2.61975e-7 1.137351 1.027922 4.13442e-7 0.7832374 2.891143 0.2218858 1.115497 1.027922 0.1528024 0.7681877 2.891143 0.435245 1.050775 1.027922 0.2997323 0.723617 2.891143 0.6318778 0.9456728 1.027922 0.4351437 0.6512382 2.891143 0.8042281 0.8042286 1.027922 0.5538328 0.5538325 2.891143 0.945672 0.6318784 1.027922 0.6512382 0.4351435 2.891143 1.050775 0.4352455 1.027922 0.7236171 0.2997322 2.891143 1.115496 0.2218863 1.027922 0.7681879 0.1528022 2.891143 1.13735 2.41341e-7 1.027922 0.7832376 2.40431e-7 2.891143 1.115496 -0.2218858 1.027922 0.7681879 -0.1528017 2.891143 1.050775 -0.4352449 1.027922 0.7236171 -0.2997316 2.891143 0.9456722 -0.6318777 1.027922 0.6512383 -0.4351429 2.891143 0.8042281 -0.804228 1.027922 0.5538328 -0.553832 2.891143 0.6318778 -0.945672 1.027922 0.4351436 -0.6512376 2.891143 0.435245 -1.050775 1.027922 0.2997323 -0.7236165 2.891143 0.2218858 -1.115496 1.027922 0.1528024 -0.7681872 2.891143 -3.61405e-7 -1.13735 1.027922 3.4497e-7 -0.7832369 2.891143 -0.2218862 -1.115496 1.027922 -0.1528015 -0.7681872 2.891143 -0.4352455 -1.050775 1.027922 -0.2997314 -0.7236165 2.891143 -0.6318784 -0.945672 1.027922 -0.4351429 -0.6512376 2.891143 -0.8042286 -0.8042281 1.027922 -0.5538319 -0.5538321 2.891143 -0.9456725 -0.631878 1.027922 -0.6512374 -0.4351431 2.891143 -1.050775 -0.4352451 1.027922 -0.7236163 -0.2997317 2.891143 -1.115497 -0.2218858 1.027922 -0.7681869 -0.1528017 2.891143 -1.137351 3.04619e-7 1.027922 -0.7832366 2.84008e-7 2.891143 -1.115497 0.2218865 1.027922 -0.7681869 0.1528023 2.891143 -1.050775 0.4352456 1.027922 -0.7236162 0.2997322 2.891143 -0.9456728 0.6318782 1.027922 -0.6512376 0.4351434 2.891143 -0.8042287 0.8042284 1.027922 -0.5538319 0.5538325 2.891143 -0.6318784 0.9456728 1.027922 -0.4351429 0.6512382 2.891143 -0.4352455 1.050775 1.027922 -0.2997314 0.723617 2.891143 -0.2218862 1.115497 1.027922 -0.1528015 0.7681878 2.891143</float_array>
          <technique_common>
            <accessor source="#Cylinder_001-mesh-positions-array" count="64" stride="3">
              <param name="X" type="float"/>
              <param name="Y" type="float"/>
              <param name="Z" type="float"/>
            </accessor>
          </technique_common>
        </source>
        <source id="Cylinder_001-mesh-normals">
          <float_array id="Cylinder_001-mesh-normals-array" count="264">0.0963099 0.9778478 0.1858443 0.2852273 0.9402699 0.1858443 0.4631845 0.8665577 0.1858441 0.6233416 0.7595441 0.1858441 0.7595444 0.6233415 0.185844 0.8665575 0.4631848 0.185844 0.9402698 0.2852276 0.185844 0.9778479 0.09630948 0.185844 0.9778479 -0.09630954 0.185844 0.9402697 -0.2852282 0.1858439 0.8665578 -0.4631844 0.185844 0.7595441 -0.6233417 0.185844 0.6233415 -0.7595443 0.185844 0.4631851 -0.8665574 0.1858441 0.2852277 -0.9402698 0.1858442 0.09630918 -0.9778479 0.1858443 -0.0963093 -0.9778478 0.1858444 -0.2852278 -0.9402696 0.1858444 -0.4631847 -0.8665575 0.1858444 -0.6233415 -0.7595441 0.1858445 -0.7595441 -0.6233415 0.1858445 -0.8665574 -0.4631847 0.1858447 -0.94027 -0.2852269 0.1858446 -0.9778478 -0.09630948 0.1858446 -0.9778478 0.09631001 0.1858446 -0.9402696 0.2852281 0.1858446 -0.8665575 0.4631844 0.1858447 -0.7595444 0.6233412 0.1858446 -0.6233421 0.7595437 0.1858446 -0.4631842 0.8665578 0.1858444 -3.88645e-7 0 1 -0.2852275 0.9402697 0.1858445 -0.09630936 0.9778479 0.1858444 0 0 -1 0.0963096 0.9778479 0.1858443 0.2852277 0.9402697 0.1858443 0.4631842 0.8665578 0.1858443 0.623342 0.7595438 0.1858441 0.7595446 0.6233411 0.1858442 0.8665574 0.4631848 0.185844 0.9402694 0.2852291 0.1858439 0.9778479 0.09630954 0.185844 0.9778479 -0.0963096 0.185844 0.9402695 -0.2852284 0.185844 0.8665579 -0.4631842 0.185844 0.7595443 -0.6233414 0.185844 0.6233412 -0.7595445 0.1858443 0.463185 -0.8665574 0.185844 0.2852278 -0.9402697 0.1858443 0.096309 -0.9778479 0.1858443 -0.09630912 -0.9778479 0.1858444 -0.2852278 -0.9402698 0.1858443 -0.4631847 -0.8665575 0.1858443 -0.6233417 -0.7595439 0.1858447 -0.7595438 -0.6233419 0.1858446 -0.8665571 -0.4631853 0.1858445 -0.9402697 -0.2852274 0.1858446 -0.9778477 -0.09631037 0.1858446 -0.9778478 0.09630954 0.1858446 -0.9402697 0.2852274 0.1858446 -0.8665578 0.463184 0.1858445 -0.7595438 0.623342 0.1858446 -0.6233425 0.7595433 0.1858446 -0.4631842 0.8665578 0.1858443 -1.61996e-6 0 1 6.47981e-6 0 1 -1.29595e-5 0 1 0 0 1 3.88789e-5 0 1 -2.59194e-5 0 1 -1.29597e-5 0 1 4.85992e-6 0 1 -6.47981e-6 0 1 -1.29597e-5 0 1 -6.47983e-6 0 1 -3.33544e-6 0 1 2.5355e-6 0 1 9.38273e-7 0 1 -0.2852282 0.9402695 0.1858443 -0.09630924 0.9778479 0.1858442 3.07298e-6 0 -1 2.1159e-6 0 -1 3.07297e-6 0 -1 3.07299e-6 0 -1 -3.07299e-6 0 -1 2.07524e-6 0 -1 -2.22483e-7 0 -1 0 0 -1</float_array>
          <technique_common>
            <accessor source="#Cylinder_001-mesh-normals-array" count="88" stride="3">
              <param name="X" type="float"/>
              <param name="Y" type="float"/>
              <param name="Z" type="float"/>
            </accessor>
          </technique_common>
        </source>
        <source id="Cylinder_001-mesh-map-0">
          <float_array id="Cylinder_001-mesh-map-0-array" count="744">1 1 0.96875 0.5 1 0.5 0.96875 1 0.9375 0.5 0.96875 0.5 0.9375 1 0.90625 0.5 0.9375 0.5 0.90625 1 0.875 0.5 0.90625 0.5 0.875 1 0.84375 0.5 0.875 0.5 0.84375 1 0.8125 0.5 0.84375 0.5 0.8125 1 0.78125 0.5 0.8125 0.5 0.78125 1 0.75 0.5 0.78125 0.5 0.75 1 0.71875 0.5 0.75 0.5 0.71875 1 0.6875 0.5 0.71875 0.5 0.6875 0.5 0.65625 1 0.65625 0.5 0.65625 0.5 0.625 1 0.625 0.5 0.625 0.5 0.59375 1 0.59375 0.5 0.59375 0.5 0.5625 1 0.5625 0.5 0.5625 0.5 0.53125 1 0.53125 0.5 0.53125 0.5 0.5 1 0.5 0.5 0.5 0.5 0.46875 1 0.46875 0.5 0.46875 0.5 0.4375 1 0.4375 0.5 0.4375 0.5 0.40625 1 0.40625 0.5 0.40625 0.5 0.375 1 0.375 0.5 0.375 0.5 0.34375 1 0.34375 0.5 0.34375 0.5 0.3125 1 0.3125 0.5 0.3125 1 0.28125 0.5 0.3125 0.5 0.28125 1 0.25 0.5 0.28125 0.5 0.25 1 0.21875 0.5 0.25 0.5 0.21875 1 0.1875 0.5 0.21875 0.5 0.1875 1 0.15625 0.5 0.1875 0.5 0.15625 1 0.125 0.5 0.15625 0.5 0.125 1 0.09375 0.5 0.125 0.5 0.09375 1 0.0625 0.5 0.09375 0.5 0.1581559 0.02826887 0.4717311 0.1581559 0.341844 0.4717311 0.0625 1 0.03125 0.5 0.0625 0.5 0.03125 1 0 0.5 0.03125 0.5 0.9853885 0.2968217 0.7968217 0.01461148 0.5146116 0.2031783 1 1 0.96875 1 0.96875 0.5 0.96875 1 0.9375 1 0.9375 0.5 0.9375 1 0.90625 1 0.90625 0.5 0.90625 1 0.875 1 0.875 0.5 0.875 1 0.84375 1 0.84375 0.5 0.84375 1 0.8125 1 0.8125 0.5 0.8125 1 0.78125 1 0.78125 0.5 0.78125 1 0.75 1 0.75 0.5 0.75 1 0.71875 1 0.71875 0.5 0.71875 1 0.6875 1 0.6875 0.5 0.6875 0.5 0.6875 1 0.65625 1 0.65625 0.5 0.65625 1 0.625 1 0.625 0.5 0.625 1 0.59375 1 0.59375 0.5 0.59375 1 0.5625 1 0.5625 0.5 0.5625 1 0.53125 1 0.53125 0.5 0.53125 1 0.5 1 0.5 0.5 0.5 1 0.46875 1 0.46875 0.5 0.46875 1 0.4375 1 0.4375 0.5 0.4375 1 0.40625 1 0.40625 0.5 0.40625 1 0.375 1 0.375 0.5 0.375 1 0.34375 1 0.34375 0.5 0.34375 1 0.3125 1 0.3125 1 0.28125 1 0.28125 0.5 0.28125 1 0.25 1 0.25 0.5 0.25 1 0.21875 1 0.21875 0.5 0.21875 1 0.1875 1 0.1875 0.5 0.1875 1 0.15625 1 0.15625 0.5 0.15625 1 0.125 1 0.125 0.5 0.125 1 0.09375 1 0.09375 0.5 0.09375 1 0.0625 1 0.0625 0.5 0.341844 0.4717311 0.2968217 0.4853885 0.25 0.49 0.25 0.49 0.2031783 0.4853885 0.1581559 0.4717311 0.1581559 0.4717311 0.1166631 0.4495527 0.08029431 0.4197056 0.08029431 0.4197056 0.05044722 0.3833368 0.02826893 0.341844 0.02826893 0.341844 0.01461154 0.2968217 0.00999999 0.25 0.00999999 0.25 0.01461154 0.2031783 0.02826887 0.1581559 0.02826887 0.1581559 0.05044728 0.116663 0.08029437 0.08029437 0.08029437 0.08029437 0.1166631 0.05044728 0.02826887 0.1581559 0.1166631 0.05044728 0.1581559 0.02826887 0.02826887 0.1581559 0.1581559 0.02826887 0.2031783 0.01461148 0.25 0.00999999 0.25 0.00999999 0.2968217 0.01461148 0.341844 0.02826887 0.341844 0.02826887 0.3833369 0.05044728 0.4717311 0.1581559 0.3833369 0.05044728 0.4197056 0.08029437 0.4717311 0.1581559 0.4197056 0.08029437 0.4495527 0.1166631 0.4717311 0.1581559 0.4717311 0.1581559 0.4853885 0.2031783 0.49 0.25 0.49 0.25 0.4853885 0.2968217 0.4717311 0.341844 0.4717311 0.341844 0.4495527 0.3833369 0.341844 0.4717311 0.4495527 0.3833369 0.4197056 0.4197056 0.341844 0.4717311 0.4197056 0.4197056 0.3833369 0.4495527 0.341844 0.4717311 0.341844 0.4717311 0.25 0.49 0.02826893 0.341844 0.25 0.49 0.1581559 0.4717311 0.02826893 0.341844 0.1581559 0.4717311 0.08029431 0.4197056 0.02826893 0.341844 0.02826893 0.341844 0.00999999 0.25 0.1581559 0.02826887 0.00999999 0.25 0.02826887 0.1581559 0.1581559 0.02826887 0.1581559 0.02826887 0.25 0.00999999 0.341844 0.02826887 0.4717311 0.1581559 0.49 0.25 0.4717311 0.341844 0.1581559 0.02826887 0.341844 0.02826887 0.4717311 0.1581559 0.4717311 0.1581559 0.4717311 0.341844 0.341844 0.4717311 0.341844 0.4717311 0.02826893 0.341844 0.1581559 0.02826887 0.0625 1 0.03125 1 0.03125 0.5 0.03125 1 0 1 0 0.5 0.7031784 0.4853885 0.75 0.49 0.7968217 0.4853885 0.7968217 0.4853885 0.841844 0.4717311 0.8833369 0.4495527 0.8833369 0.4495527 0.9197056 0.4197056 0.9495527 0.3833369 0.9495527 0.3833369 0.9717311 0.341844 0.9853885 0.2968217 0.9853885 0.2968217 0.99 0.25 0.9853885 0.2031783 0.9853885 0.2031783 0.9717311 0.1581559 0.9853885 0.2968217 0.9717311 0.1581559 0.9495527 0.1166631 0.9853885 0.2968217 0.9495527 0.1166631 0.9197056 0.08029437 0.8833369 0.05044728 0.8833369 0.05044728 0.841844 0.02826887 0.7968217 0.01461148 0.7968217 0.01461148 0.75 0.00999999 0.6166631 0.05044728 0.75 0.00999999 0.7031784 0.01461148 0.6166631 0.05044728 0.7031784 0.01461148 0.658156 0.02826887 0.6166631 0.05044728 0.6166631 0.05044728 0.5802944 0.08029437 0.5504474 0.116663 0.5504474 0.116663 0.5282689 0.1581559 0.5146116 0.2031783 0.5146116 0.2031783 0.51 0.25 0.5146116 0.2968217 0.5146116 0.2968217 0.5282689 0.341844 0.5146116 0.2031783 0.5282689 0.341844 0.5504473 0.3833368 0.5146116 0.2031783 0.5504473 0.3833368 0.5802944 0.4197056 0.6166631 0.4495527 0.6166631 0.4495527 0.658156 0.4717311 0.5504473 0.3833368 0.658156 0.4717311 0.7031784 0.4853885 0.5504473 0.3833368 0.7031784 0.4853885 0.7968217 0.4853885 0.8833369 0.4495527 0.8833369 0.4495527 0.9495527 0.3833369 0.7031784 0.4853885 0.9495527 0.3833369 0.9853885 0.2968217 0.7031784 0.4853885 0.9495527 0.1166631 0.8833369 0.05044728 0.9853885 0.2968217 0.8833369 0.05044728 0.7968217 0.01461148 0.9853885 0.2968217 0.6166631 0.05044728 0.5504474 0.116663 0.5146116 0.2031783 0.7968217 0.01461148 0.6166631 0.05044728 0.5146116 0.2031783 0.5146116 0.2031783 0.5504473 0.3833368 0.7031784 0.4853885 0.7031784 0.4853885 0.9853885 0.2968217 0.5146116 0.2031783</float_array>
          <technique_common>
            <accessor source="#Cylinder_001-mesh-map-0-array" count="372" stride="2">
              <param name="S" type="float"/>
              <param name="T" type="float"/>
            </accessor>
          </technique_common>
        </source>
        <vertices id="Cylinder_001-mesh-vertices">
          <input semantic="POSITION" source="#Cylinder_001-mesh-positions"/>
        </vertices>
        <triangles material="Material_002-material" count="124">
          <input semantic="VERTEX" source="#Cylinder_001-mesh-vertices" offset="0"/>
          <input semantic="NORMAL" source="#Cylinder_001-mesh-normals" offset="1"/>
          <input semantic="TEXCOORD" source="#Cylinder_001-mesh-map-0" offset="2" set="0"/>
          <p>1 0 0 2 0 1 0 0 2 3 1 3 4 1 4 2 1 5 5 2 6 6 2 7 4 2 8 7 3 9 8 3 10 6 3 11 9 4 12 10 4 13 8 4 14 11 5 15 12 5 16 10 5 17 13 6 18 14 6 19 12 6 20 15 7 21 16 7 22 14 7 23 17 8 24 18 8 25 16 8 26 19 9 27 20 9 28 18 9 29 20 10 30 23 10 31 22 10 32 22 11 33 25 11 34 24 11 35 24 12 36 27 12 37 26 12 38 26 13 39 29 13 40 28 13 41 28 14 42 31 14 43 30 14 44 30 15 45 33 15 46 32 15 47 32 16 48 35 16 49 34 16 50 34 17 51 37 17 52 36 17 53 36 18 54 39 18 55 38 18 56 38 19 57 41 19 58 40 19 59 40 20 60 43 20 61 42 20 62 42 21 63 45 21 64 44 21 65 45 22 66 46 22 67 44 22 68 47 23 69 48 23 70 46 23 71 49 24 72 50 24 73 48 24 74 51 25 75 52 25 76 50 25 77 53 26 78 54 26 79 52 26 80 55 27 81 56 27 82 54 27 83 57 28 84 58 28 85 56 28 86 59 29 87 60 29 88 58 29 89 37 30 90 21 30 91 5 30 92 61 31 93 62 31 94 60 31 95 63 32 96 0 32 97 62 32 98 14 33 99 30 33 100 46 33 101 1 34 102 3 34 103 2 34 104 3 35 105 5 35 106 4 35 107 5 36 108 7 36 109 6 36 110 7 37 111 9 37 112 8 37 113 9 38 114 11 38 115 10 38 116 11 39 117 13 39 118 12 39 119 13 40 120 15 40 121 14 40 122 15 41 123 17 41 124 16 41 125 17 42 126 19 42 127 18 42 128 19 43 129 21 43 130 20 43 131 20 44 132 21 44 133 23 44 134 22 45 135 23 45 136 25 45 137 24 46 138 25 46 139 27 46 140 26 47 141 27 47 142 29 47 143 28 48 144 29 48 145 31 48 146 30 49 147 31 49 148 33 49 149 32 50 150 33 50 151 35 50 152 34 51 153 35 51 154 37 51 155 36 52 156 37 52 157 39 52 158 38 53 159 39 53 160 41 53 161 40 54 162 41 54 163 43 54 164 42 55 165 43 55 166 45 55 167 45 56 168 47 56 169 46 56 170 47 57 171 49 57 172 48 57 173 49 58 174 51 58 175 50 58 176 51 59 177 53 59 178 52 59 179 53 60 180 55 60 181 54 60 182 55 61 183 57 61 184 56 61 185 57 62 186 59 62 187 58 62 188 59 63 189 61 63 190 60 63 191 5 64 192 3 64 193 1 64 194 1 65 195 63 65 196 61 65 197 61 66 198 59 66 199 57 66 200 57 67 201 55 67 202 53 67 203 53 68 204 51 68 205 49 68 206 49 69 207 47 69 208 45 69 209 45 70 210 43 70 211 41 70 212 41 67 213 39 67 214 45 67 215 39 67 216 37 67 217 45 67 218 37 71 219 35 71 220 33 71 221 33 72 222 31 72 223 29 72 224 29 67 225 27 67 226 21 67 227 27 67 228 25 67 229 21 67 230 25 67 231 23 67 232 21 67 233 21 73 234 19 73 235 17 73 236 17 67 237 15 67 238 13 67 239 13 67 240 11 67 241 5 67 242 11 67 243 9 67 244 5 67 245 9 74 246 7 74 247 5 74 248 5 67 249 1 67 250 53 67 251 1 67 252 61 67 253 53 67 254 61 75 255 57 75 256 53 75 257 53 76 258 49 76 259 37 76 260 49 67 261 45 67 262 37 67 263 37 67 264 33 67 265 29 67 266 21 67 267 17 67 268 13 67 269 37 67 270 29 67 271 21 67 272 21 77 273 13 77 274 5 77 275 5 67 276 53 67 277 37 67 278 61 78 279 63 78 280 62 78 281 63 79 282 1 79 283 0 79 284 62 33 285 0 33 286 2 33 287 2 33 288 4 33 289 6 33 290 6 80 291 8 80 292 10 80 293 10 33 294 12 33 295 14 33 296 14 33 297 16 33 298 18 33 299 18 33 300 20 33 301 14 33 302 20 81 303 22 81 304 14 81 305 22 82 306 24 82 307 26 82 308 26 33 309 28 33 310 30 33 311 30 33 312 32 33 313 38 33 314 32 33 315 34 33 316 38 33 317 34 33 318 36 33 319 38 33 320 38 83 321 40 83 322 42 83 323 42 33 324 44 33 325 46 33 326 46 33 327 48 33 328 50 33 329 50 33 330 52 33 331 46 33 332 52 33 333 54 33 334 46 33 335 54 84 336 56 84 337 58 84 338 58 85 339 60 85 340 54 85 341 60 33 342 62 33 343 54 33 344 62 33 345 2 33 346 6 33 347 6 33 348 10 33 349 62 33 350 10 33 351 14 33 352 62 33 353 22 33 354 26 33 355 14 33 356 26 33 357 30 33 358 14 33 359 38 33 360 42 33 361 46 33 362 30 33 363 38 33 364 46 33 365 46 86 366 54 86 367 62 86 368 62 87 369 14 87 370 46 87 371</p>
        </triangles>
      </mesh>
    </geometry>
    <geometry id="Cylinder-mesh" name="Cylinder">
      <mesh>
        <source id="Cylinder-mesh-positions">
          <float_array id="Cylinder-mesh-positions-array" count="192">-3.66059e-6 2.919203 0.1971712 -3.66059e-6 2.919203 3.069749 0.5695046 2.863111 0.1971712 0.5695046 2.863111 3.069749 1.117127 2.696992 0.1971712 1.117127 2.696992 3.069749 1.621819 2.427229 0.1971712 1.621819 2.427229 3.069749 2.064185 2.064188 0.1971712 2.064185 2.064188 3.069749 2.427225 1.621822 0.1971712 2.427225 1.621822 3.069749 2.696988 1.117131 0.1971712 2.696988 1.117131 3.069749 2.863108 0.5695084 0.1971712 2.863108 0.5695084 3.069749 2.919199 -1.27602e-7 0.1971712 2.919199 -1.27602e-7 3.069749 2.863108 -0.5695083 0.1971712 2.863108 -0.5695083 3.069749 2.696988 -1.11713 0.1971712 2.696988 -1.11713 3.069749 2.427225 -1.621822 0.1971712 2.427225 -1.621822 3.069749 2.064185 -2.064188 0.1971712 2.064185 -2.064188 3.069749 1.621819 -2.427229 0.1971712 1.621819 -2.427229 3.069749 1.117127 -2.696992 0.1971712 1.117127 -2.696992 3.069749 0.5695046 -2.863111 0.1971712 0.5695046 -2.863111 3.069749 -3.91579e-6 -2.919203 0.1971712 -3.91579e-6 -2.919203 3.069749 -0.5695117 -2.863111 0.1971712 -0.5695117 -2.863111 3.069749 -1.117134 -2.696992 0.1971712 -1.117134 -2.696992 3.069749 -1.621826 -2.427228 0.1971712 -1.621826 -2.427228 3.069749 -2.064192 -2.064188 0.1971712 -2.064192 -2.064188 3.069749 -2.427232 -1.621823 0.1971712 -2.427232 -1.621823 3.069749 -2.696995 -1.117131 0.1971712 -2.696995 -1.117131 3.069749 -2.863115 -0.5695084 0.1971712 -2.863115 -0.5695084 3.069749 -2.919207 0 0.1971712 -2.919207 0 3.069749 -2.863115 0.5695086 0.1971712 -2.863115 0.5695086 3.069749 -2.696995 1.117131 0.1971712 -2.696995 1.117131 3.069749 -2.427232 1.621822 0.1971712 -2.427232 1.621822 3.069749 -2.064192 2.064188 0.1971712 -2.064192 2.064188 3.069749 -1.621826 2.427229 0.1971712 -1.621826 2.427229 3.069749 -1.117134 2.696992 0.1971712 -1.117134 2.696992 3.069749 -0.5695117 2.863111 0.1971712 -0.5695117 2.863111 3.069749</float_array>
          <technique_common>
            <accessor source="#Cylinder-mesh-positions-array" count="64" stride="3">
              <param name="X" type="float"/>
              <param name="Y" type="float"/>
              <param name="Z" type="float"/>
            </accessor>
          </technique_common>
        </source>
        <source id="Cylinder-mesh-normals">
          <float_array id="Cylinder-mesh-normals-array" count="267">0.09801733 0.9951848 0 0.2902845 0.9569405 0 0.4713966 0.8819213 0 0.6343935 0.7730103 0 0.7730106 0.6343932 0 0.8819215 0.4713966 0 0.9569404 0.2902848 0 0.9951848 0.09801673 0 0.9951847 -0.09801793 0 0.9569402 -0.2902853 0 0.8819211 -0.4713971 0 0.7730104 -0.6343933 0 0.6343933 -0.7730106 0 0.4713969 -0.8819212 0 0.2902848 -0.9569404 0 0.09801685 -0.9951848 0 -0.09801697 -0.9951848 0 -0.2902848 -0.9569404 0 -0.4713969 -0.8819212 0 -0.6343931 -0.7730107 0 -0.7730104 -0.6343934 0 -0.8819209 -0.4713975 0 -0.9569405 -0.290284 0 -0.9951847 -0.09801793 0 -0.9951848 0.09801673 0 -0.9569404 0.2902846 0 -0.8819211 0.4713973 0 -0.7730104 0.6343933 0 -0.6343935 0.7730103 0 -0.4713966 0.8819214 0 1.67866e-7 0 1 -0.2902848 0.9569404 0 -0.09801697 0.9951848 0 0 0 -1 0.2902845 0.9569404 0 0.4713967 0.8819213 0 0.6343933 0.7730106 0 0.7730103 0.6343935 0 0.9569402 0.2902853 0 0.9951847 0.09801787 0 0.9951848 -0.09801679 0 0.9569405 -0.2902842 0 0.8819217 -0.4713962 0 0.4713968 -0.8819212 0 0.2902848 -0.9569404 0 0.09801691 -0.9951848 0 -0.09801703 -0.9951848 0 -0.2902848 -0.9569404 0 -0.4713969 -0.8819212 0 -0.6343933 -0.7730104 0 -0.7730107 -0.634393 0 -0.8819212 -0.4713971 0 -0.9569405 -0.2902845 0 -0.9951848 -0.09801673 0 -0.9951847 0.09801787 0 -0.9569404 0.2902846 0 -0.8819218 0.4713959 0 -0.7730108 0.6343929 0 -0.6343935 0.7730103 0 -0.4713966 0.8819214 0 0 0 1 -3.73174e-6 0 1 7.4635e-6 0 1 -1.28474e-6 0 1 3.73173e-6 0 1 -4.66465e-7 0 1 -2.56948e-6 0 1 2.52011e-6 0 1 -3.73174e-6 0 1 -7.30099e-7 0 1 6.74523e-7 0 1 9.60441e-7 0 1 -0.09801697 0.9951848 0 0 0 -1 0 0 -1 0 0 -1 -4.66469e-7 0 -1 2.33234e-7 0 -1 0 0 -1 0 0 -1 0 0 -1 2.33234e-7 0 -1 2.33235e-7 0 -1 0 0 -1 0 0 -1 0 0 -1 0 0 -1 0 0 -1 0 0 -1</float_array>
          <technique_common>
            <accessor source="#Cylinder-mesh-normals-array" count="89" stride="3">
              <param name="X" type="float"/>
              <param name="Y" type="float"/>
              <param name="Z" type="float"/>
            </accessor>
          </technique_common>
        </source>
        <source id="Cylinder-mesh-map-0">
          <float_array id="Cylinder-mesh-map-0-array" count="744">1 1 0.96875 0.5 1 0.5 0.96875 1 0.9375 0.5 0.96875 0.5 0.9375 1 0.90625 0.5 0.9375 0.5 0.90625 1 0.875 0.5 0.90625 0.5 0.875 1 0.84375 0.5 0.875 0.5 0.84375 1 0.8125 0.5 0.84375 0.5 0.8125 1 0.78125 0.5 0.8125 0.5 0.78125 1 0.75 0.5 0.78125 0.5 0.75 1 0.71875 0.5 0.75 0.5 0.71875 1 0.6875 0.5 0.71875 0.5 0.6875 1 0.65625 0.5 0.6875 0.5 0.65625 1 0.625 0.5 0.65625 0.5 0.625 1 0.59375 0.5 0.625 0.5 0.59375 1 0.5625 0.5 0.59375 0.5 0.5625 1 0.53125 0.5 0.5625 0.5 0.53125 1 0.5 0.5 0.53125 0.5 0.5 1 0.46875 0.5 0.5 0.5 0.46875 1 0.4375 0.5 0.46875 0.5 0.4375 1 0.40625 0.5 0.4375 0.5 0.40625 1 0.375 0.5 0.40625 0.5 0.375 1 0.34375 0.5 0.375 0.5 0.34375 1 0.3125 0.5 0.34375 0.5 0.3125 1 0.28125 0.5 0.3125 0.5 0.28125 1 0.25 0.5 0.28125 0.5 0.25 1 0.21875 0.5 0.25 0.5 0.21875 1 0.1875 0.5 0.21875 0.5 0.1875 1 0.15625 0.5 0.1875 0.5 0.15625 1 0.125 0.5 0.15625 0.5 0.125 1 0.09375 0.5 0.125 0.5 0.09375 1 0.0625 0.5 0.09375 0.5 0.02826893 0.341844 0.1581559 0.02826887 0.4717311 0.1581559 0.0625 1 0.03125 0.5 0.0625 0.5 0.03125 1 0 0.5 0.03125 0.5 0.9853885 0.2968217 0.7968217 0.01461148 0.5146116 0.2031783 1 1 0.96875 1 0.96875 0.5 0.96875 1 0.9375 1 0.9375 0.5 0.9375 1 0.90625 1 0.90625 0.5 0.90625 1 0.875 1 0.875 0.5 0.875 1 0.84375 1 0.84375 0.5 0.84375 1 0.8125 1 0.8125 0.5 0.8125 1 0.78125 1 0.78125 0.5 0.78125 1 0.75 1 0.75 0.5 0.75 1 0.71875 1 0.71875 0.5 0.71875 1 0.6875 1 0.6875 0.5 0.6875 1 0.65625 1 0.65625 0.5 0.65625 1 0.625 1 0.625 0.5 0.625 1 0.59375 1 0.59375 0.5 0.59375 1 0.5625 1 0.5625 0.5 0.5625 1 0.53125 1 0.53125 0.5 0.53125 1 0.5 1 0.5 0.5 0.5 1 0.46875 1 0.46875 0.5 0.46875 1 0.4375 1 0.4375 0.5 0.4375 1 0.40625 1 0.40625 0.5 0.40625 1 0.375 1 0.375 0.5 0.375 1 0.34375 1 0.34375 0.5 0.34375 1 0.3125 1 0.3125 0.5 0.3125 1 0.28125 1 0.28125 0.5 0.28125 1 0.25 1 0.25 0.5 0.25 1 0.21875 1 0.21875 0.5 0.21875 1 0.1875 1 0.1875 0.5 0.1875 1 0.15625 1 0.15625 0.5 0.15625 1 0.125 1 0.125 0.5 0.125 1 0.09375 1 0.09375 0.5 0.09375 1 0.0625 1 0.0625 0.5 0.341844 0.4717311 0.2968217 0.4853885 0.1581559 0.4717311 0.2968217 0.4853885 0.25 0.49 0.1581559 0.4717311 0.25 0.49 0.2031783 0.4853885 0.1581559 0.4717311 0.1581559 0.4717311 0.1166631 0.4495527 0.08029431 0.4197056 0.08029431 0.4197056 0.05044722 0.3833368 0.1581559 0.4717311 0.05044722 0.3833368 0.02826893 0.341844 0.1581559 0.4717311 0.02826893 0.341844 0.01461154 0.2968217 0.00999999 0.25 0.00999999 0.25 0.01461154 0.2031783 0.02826887 0.1581559 0.02826887 0.1581559 0.05044728 0.116663 0.1581559 0.02826887 0.05044728 0.116663 0.08029437 0.08029437 0.1581559 0.02826887 0.08029437 0.08029437 0.1166631 0.05044728 0.1581559 0.02826887 0.1581559 0.02826887 0.2031783 0.01461148 0.25 0.00999999 0.25 0.00999999 0.2968217 0.01461148 0.341844 0.02826887 0.341844 0.02826887 0.3833369 0.05044728 0.4197056 0.08029437 0.4197056 0.08029437 0.4495527 0.1166631 0.4717311 0.1581559 0.4717311 0.1581559 0.4853885 0.2031783 0.4717311 0.341844 0.4853885 0.2031783 0.49 0.25 0.4717311 0.341844 0.49 0.25 0.4853885 0.2968217 0.4717311 0.341844 0.4717311 0.341844 0.4495527 0.3833369 0.4197056 0.4197056 0.4197056 0.4197056 0.3833369 0.4495527 0.341844 0.4717311 0.02826893 0.341844 0.00999999 0.25 0.1581559 0.02826887 0.00999999 0.25 0.02826887 0.1581559 0.1581559 0.02826887 0.1581559 0.02826887 0.25 0.00999999 0.341844 0.02826887 0.341844 0.02826887 0.4197056 0.08029437 0.1581559 0.02826887 0.4197056 0.08029437 0.4717311 0.1581559 0.1581559 0.02826887 0.4717311 0.341844 0.4197056 0.4197056 0.341844 0.4717311 0.341844 0.4717311 0.1581559 0.4717311 0.02826893 0.341844 0.4717311 0.1581559 0.4717311 0.341844 0.341844 0.4717311 0.341844 0.4717311 0.02826893 0.341844 0.4717311 0.1581559 0.0625 1 0.03125 1 0.03125 0.5 0.03125 1 0 1 0 0.5 0.7031784 0.4853885 0.75 0.49 0.7968217 0.4853885 0.7968217 0.4853885 0.841844 0.4717311 0.8833369 0.4495527 0.8833369 0.4495527 0.9197056 0.4197056 0.9495527 0.3833369 0.9495527 0.3833369 0.9717311 0.341844 0.9853885 0.2968217 0.9853885 0.2968217 0.99 0.25 0.9853885 0.2031783 0.9853885 0.2031783 0.9717311 0.1581559 0.9495527 0.1166631 0.9495527 0.1166631 0.9197056 0.08029437 0.8833369 0.05044728 0.8833369 0.05044728 0.841844 0.02826887 0.7968217 0.01461148 0.7968217 0.01461148 0.75 0.00999999 0.6166631 0.05044728 0.75 0.00999999 0.7031784 0.01461148 0.6166631 0.05044728 0.7031784 0.01461148 0.658156 0.02826887 0.6166631 0.05044728 0.6166631 0.05044728 0.5802944 0.08029437 0.5504474 0.116663 0.5504474 0.116663 0.5282689 0.1581559 0.5146116 0.2031783 0.5146116 0.2031783 0.51 0.25 0.5146116 0.2968217 0.5146116 0.2968217 0.5282689 0.341844 0.5504473 0.3833368 0.5504473 0.3833368 0.5802944 0.4197056 0.6166631 0.4495527 0.6166631 0.4495527 0.658156 0.4717311 0.5504473 0.3833368 0.658156 0.4717311 0.7031784 0.4853885 0.5504473 0.3833368 0.7031784 0.4853885 0.7968217 0.4853885 0.9853885 0.2968217 0.7968217 0.4853885 0.8833369 0.4495527 0.9853885 0.2968217 0.8833369 0.4495527 0.9495527 0.3833369 0.9853885 0.2968217 0.9853885 0.2968217 0.9853885 0.2031783 0.9495527 0.1166631 0.9495527 0.1166631 0.8833369 0.05044728 0.9853885 0.2968217 0.8833369 0.05044728 0.7968217 0.01461148 0.9853885 0.2968217 0.6166631 0.05044728 0.5504474 0.116663 0.5146116 0.2031783 0.5146116 0.2031783 0.5146116 0.2968217 0.5504473 0.3833368 0.7968217 0.01461148 0.6166631 0.05044728 0.5146116 0.2031783 0.5146116 0.2031783 0.5504473 0.3833368 0.7031784 0.4853885 0.7031784 0.4853885 0.9853885 0.2968217 0.5146116 0.2031783</float_array>
          <technique_common>
            <accessor source="#Cylinder-mesh-map-0-array" count="372" stride="2">
              <param name="S" type="float"/>
              <param name="T" type="float"/>
            </accessor>
          </technique_common>
        </source>
        <vertices id="Cylinder-mesh-vertices">
          <input semantic="POSITION" source="#Cylinder-mesh-positions"/>
        </vertices>
        <triangles material="Material_004-material" count="60">
          <input semantic="VERTEX" source="#Cylinder-mesh-vertices" offset="0"/>
          <input semantic="NORMAL" source="#Cylinder-mesh-normals" offset="1"/>
          <input semantic="TEXCOORD" source="#Cylinder-mesh-map-0" offset="2" set="0"/>
          <p>53 30 90 37 30 91 21 30 92 14 33 99 30 33 100 46 33 101 5 60 192 3 60 193 61 60 194 3 60 195 1 60 196 61 60 197 1 60 198 63 60 199 61 60 200 61 60 201 59 60 202 57 60 203 57 60 204 55 60 205 61 60 206 55 60 207 53 60 208 61 60 209 53 61 210 51 61 211 49 61 212 49 62 213 47 62 214 45 62 215 45 63 216 43 63 217 37 63 218 43 60 219 41 60 220 37 60 221 41 64 222 39 64 223 37 64 224 37 65 225 35 65 226 33 65 227 33 60 228 31 60 229 29 60 230 29 60 231 27 60 232 25 60 233 25 60 234 23 60 235 21 60 236 21 66 237 19 66 238 13 66 239 19 67 240 17 67 241 13 67 242 17 68 243 15 68 244 13 68 245 13 61 246 11 61 247 9 61 248 9 60 249 7 60 250 5 60 251 53 69 252 49 69 253 37 69 254 49 70 255 45 70 256 37 70 257 37 60 258 33 60 259 29 60 260 29 60 261 25 60 262 37 60 263 25 60 264 21 60 265 37 60 266 13 71 267 9 71 268 5 71 269 5 60 270 61 60 271 53 60 272 21 60 273 13 60 274 5 60 275 5 60 276 53 60 277 21 60 278 62 73 285 0 73 286 2 73 287 2 74 288 4 74 289 6 74 290 6 75 291 8 75 292 10 75 293 10 76 294 12 76 295 14 76 296 14 75 297 16 75 298 18 75 299 18 77 300 20 77 301 22 77 302 22 75 303 24 75 304 26 75 305 26 78 306 28 78 307 30 78 308 30 79 309 32 79 310 38 79 311 32 80 312 34 80 313 38 80 314 34 75 315 36 75 316 38 75 317 38 81 318 40 81 319 42 81 320 42 75 321 44 75 322 46 75 323 46 75 324 48 75 325 50 75 326 50 82 327 52 82 328 54 82 329 54 75 330 56 75 331 58 75 332 58 75 333 60 75 334 54 75 335 60 83 336 62 83 337 54 83 338 62 84 339 2 84 340 14 84 341 2 75 342 6 75 343 14 75 344 6 85 345 10 85 346 14 85 347 14 75 348 18 75 349 22 75 350 22 75 351 26 75 352 14 75 353 26 75 354 30 75 355 14 75 356 38 86 357 42 86 358 46 86 359 46 87 360 50 87 361 54 87 362 30 75 363 38 75 364 46 75 365 46 88 366 54 88 367 62 88 368 62 75 369 14 75 370 46 75 371</p>
        </triangles>
        <triangles material="Material_005-material" count="64">
          <input semantic="VERTEX" source="#Cylinder-mesh-vertices" offset="0"/>
          <input semantic="NORMAL" source="#Cylinder-mesh-normals" offset="1"/>
          <input semantic="TEXCOORD" source="#Cylinder-mesh-map-0" offset="2" set="0"/>
          <p>1 0 0 2 0 1 0 0 2 3 1 3 4 1 4 2 1 5 5 2 6 6 2 7 4 2 8 7 3 9 8 3 10 6 3 11 9 4 12 10 4 13 8 4 14 11 5 15 12 5 16 10 5 17 13 6 18 14 6 19 12 6 20 15 7 21 16 7 22 14 7 23 17 8 24 18 8 25 16 8 26 19 9 27 20 9 28 18 9 29 21 10 30 22 10 31 20 10 32 23 11 33 24 11 34 22 11 35 25 12 36 26 12 37 24 12 38 27 13 39 28 13 40 26 13 41 29 14 42 30 14 43 28 14 44 31 15 45 32 15 46 30 15 47 33 16 48 34 16 49 32 16 50 35 17 51 36 17 52 34 17 53 37 18 54 38 18 55 36 18 56 39 19 57 40 19 58 38 19 59 41 20 60 42 20 61 40 20 62 43 21 63 44 21 64 42 21 65 45 22 66 46 22 67 44 22 68 47 23 69 48 23 70 46 23 71 49 24 72 50 24 73 48 24 74 51 25 75 52 25 76 50 25 77 53 26 78 54 26 79 52 26 80 55 27 81 56 27 82 54 27 83 57 28 84 58 28 85 56 28 86 59 29 87 60 29 88 58 29 89 61 31 93 62 31 94 60 31 95 63 32 96 0 32 97 62 32 98 1 0 102 3 0 103 2 0 104 3 34 105 5 34 106 4 34 107 5 35 108 7 35 109 6 35 110 7 36 111 9 36 112 8 36 113 9 37 114 11 37 115 10 37 116 11 5 117 13 5 118 12 5 119 13 38 120 15 38 121 14 38 122 15 39 123 17 39 124 16 39 125 17 40 126 19 40 127 18 40 128 19 41 129 21 41 130 20 41 131 21 42 132 23 42 133 22 42 134 23 11 135 25 11 136 24 11 137 25 12 138 27 12 139 26 12 140 27 43 141 29 43 142 28 43 143 29 44 144 31 44 145 30 44 146 31 45 147 33 45 148 32 45 149 33 46 150 35 46 151 34 46 152 35 47 153 37 47 154 36 47 155 37 48 156 39 48 157 38 48 158 39 49 159 41 49 160 40 49 161 41 50 162 43 50 163 42 50 164 43 51 165 45 51 166 44 51 167 45 52 168 47 52 169 46 52 170 47 53 171 49 53 172 48 53 173 49 54 174 51 54 175 50 54 176 51 55 177 53 55 178 52 55 179 53 56 180 55 56 181 54 56 182 55 57 183 57 57 184 56 57 185 57 58 186 59 58 187 58 58 188 59 59 189 61 59 190 60 59 191 61 31 279 63 31 280 62 31 281 63 72 282 1 72 283 0 72 284</p>
        </triangles>
      </mesh>
    </geometry>
    <geometry id="Cube_001-mesh" name="Cube.001">
      <mesh>
        <source id="Cube_001-mesh-positions">
          <float_array id="Cube_001-mesh-positions-array" count="84">-33.19787 -11.69279 -0.6734873 -33.19787 -11.69279 0.1971715 -33.19787 26.0129 -0.6734873 -33.19787 26.0129 0.1971715 -9.740268 -11.69279 -0.6734873 -9.740268 -11.69279 0.1971715 -9.740268 26.0129 -0.6734873 -9.740268 26.0129 0.1971715 -33.19787 1.422235 -0.6734873 -33.19787 1.422233 0.1971715 -9.706404 -0.03390181 -0.6734873 -9.706404 -0.03390038 0.1971715 -1.095022 26.0129 -0.6734873 -1.095022 26.0129 0.1971715 -8.351047 1.422233 -0.6734873 -8.351047 1.422235 0.1971715 6.278035 26.0129 -0.6734873 6.278035 26.0129 0.1971715 -5.600779 -0.1577076 -0.6734873 -5.600779 -0.1577062 0.1971715 13.71587 -5.136833 -0.673464 13.71587 -5.136833 0.1971948 -2.083535 -5.136833 -0.673464 -2.083535 -5.136831 0.1971948 33.00334 26.13076 -0.6734873 33.00334 26.13076 0.1971715 33.00334 -5.136833 -0.673464 33.00334 -5.136833 0.1971948</float_array>
          <technique_common>
            <accessor source="#Cube_001-mesh-positions-array" count="28" stride="3">
              <param name="X" type="float"/>
              <param name="Y" type="float"/>
              <param name="Z" type="float"/>
            </accessor>
          </technique_common>
        </source>
        <source id="Cube_001-mesh-normals">
          <float_array id="Cube_001-mesh-normals-array" count="93">-1 0 0 0 1 0 0.9999958 -0.002904713 0 0 -1 0 0 0 -1 0 0 1 0 0 1 0 0 -1 0.7319832 -0.6813228 1.10124e-6 -1.0792e-6 4.89639e-7 1 -0.4981246 -0.8671054 1.4677e-6 0 0 -1 0 7.46431e-7 1 -0.8167694 -0.5769643 1.43744e-6 0 -4.68062e-6 -1 1 0 0 -0.00440979 0.9999904 0 0 -7.45354e-7 -1 0.9999958 -0.002904295 0 0 0 -1 0 0 1 0 0 1 0.7319824 -0.6813237 1.10124e-6 0 4.67464e-6 1 -0.4981243 -0.8671057 1.38137e-6 -1.20723e-7 -1 2.21851e-6 0 7.44401e-7 1 -0.8167694 -0.5769643 7.18718e-7 1.08089e-6 -4.90266e-7 -1 1 0 0 0 -7.47387e-7 -1</float_array>
          <technique_common>
            <accessor source="#Cube_001-mesh-normals-array" count="31" stride="3">
              <param name="X" type="float"/>
              <param name="Y" type="float"/>
              <param name="Z" type="float"/>
            </accessor>
          </technique_common>
        </source>
        <source id="Cube_001-mesh-map-0">
          <float_array id="Cube_001-mesh-map-0-array" count="312">0.977706 0.3148346 0.988853 0 0.988853 0.3148346 0.9665589 0.8475762 0.9777059 0.5472488 0.9777059 0.8475762 0.988853 0.7168528 1 0.8661219 0.988853 0.8661219 1 0.4003182 0.9888529 0.698185 0.9888529 0.4003182 0.1492671 0.3010254 5.35011e-4 0 0.1684455 2.97546e-4 0.6325464 0.5474091 0.4838142 0.8484345 0.4832792 0.5481072 0.9660244 0.5472488 0.6517248 0.8481369 0.6325464 0.5474091 0.4827452 0.3011856 0.1684455 2.97546e-4 0.4832792 8.58307e-4 0.9665589 0.5472488 0.9777059 0.4365616 0.9777059 0.5472488 0.988853 0.4827461 0.977706 0.3148346 0.988853 0.3148346 0.965827 0.4365616 0.630868 0.4948464 0.9656592 0.3421669 0.9660244 0.5472488 0.6511583 0.5300217 0.965827 0.4365616 0.4827452 0.3011856 0.1678791 0.3184128 0.1492671 0.3010254 1 0.7168528 0.988853 0.6981847 1 0.6981847 0.630868 0.4948464 0.56668 0.2476501 0.9656592 0.3421669 0.9665589 0.4365616 0.9777059 0.3421669 0.9777059 0.4365616 0.01114702 0.8859415 0.02229404 0.848434 0.02229404 0.8859415 0.4825478 0.4118729 0.1475887 0.3535881 0.1678791 0.3184128 0.977706 0.6833676 0.988853 0.4827455 0.988853 0.6833676 0.56668 0.2476501 0.9665585 0 0.9656592 0.3421669 0.01114702 0.9121823 0 0.8484345 0.01114702 0.8484345 0.1475887 0.3535881 0.08340072 0.6007843 0.08376121 0.3985062 0.9999999 0 0.9888529 0.4003182 0.9888529 0 0.9665589 0.3421669 0.9777059 0 0.9777059 0.3421669 0.08340072 0.6007843 0.4832792 0.8484345 0.08296108 0.8477211 0.988853 0.6833676 0.977706 0.9282815 0.977706 0.6833676 0.977706 0.3148346 0.977706 0 0.988853 0 0.9665589 0.8475762 0.9665589 0.5472488 0.9777059 0.5472488 0.988853 0.7168528 1 0.7168528 1 0.8661219 1 0.4003182 1 0.698185 0.9888529 0.698185 0.1492671 0.3010254 0 0.3003273 5.35011e-4 0 0.6325464 0.5474091 0.6517248 0.8481369 0.4838142 0.8484345 0.9660244 0.5472488 0.9665585 0.8475762 0.6517248 0.8481369 0.4827452 0.3011856 0.1492671 0.3010254 0.1684455 2.97546e-4 0.9665589 0.5472488 0.9665589 0.4365616 0.9777059 0.4365616 0.988853 0.4827461 0.977706 0.4827461 0.977706 0.3148346 0.965827 0.4365616 0.6511583 0.5300217 0.630868 0.4948464 0.9660244 0.5472488 0.6325464 0.5474091 0.6511583 0.5300217 0.4827452 0.3011856 0.4825478 0.4118729 0.1678791 0.3184128 1 0.7168528 0.988853 0.7168528 0.988853 0.6981847 0.630868 0.4948464 0.5670405 0.4499283 0.56668 0.2476501 0.9665589 0.4365616 0.9665589 0.3421669 0.9777059 0.3421669 0.01114702 0.8859415 0.01114702 0.848434 0.02229404 0.848434 0.4825478 0.4118729 0.4823799 0.5062676 0.1475887 0.3535881 0.977706 0.6833676 0.977706 0.4827455 0.988853 0.4827455 0.56668 0.2476501 0.5662403 7.13348e-4 0.9665585 0 0.01114702 0.9121823 0 0.9121823 0 0.8484345 0.1475887 0.3535881 0.4823799 0.5062676 0.08340072 0.6007843 0.9999999 0 0.9999999 0.4003182 0.9888529 0.4003182 0.9665589 0.3421669 0.9665589 0 0.9777059 0 0.08340072 0.6007843 0.4823799 0.5062676 0.4832792 0.8484345 0.988853 0.6833676 0.988853 0.9282815 0.977706 0.9282815</float_array>
          <technique_common>
            <accessor source="#Cube_001-mesh-map-0-array" count="156" stride="2">
              <param name="S" type="float"/>
              <param name="T" type="float"/>
            </accessor>
          </technique_common>
        </source>
        <vertices id="Cube_001-mesh-vertices">
          <input semantic="POSITION" source="#Cube_001-mesh-positions"/>
        </vertices>
        <triangles material="Material_001-material" count="52">
          <input semantic="VERTEX" source="#Cube_001-mesh-vertices" offset="0"/>
          <input semantic="NORMAL" source="#Cube_001-mesh-normals" offset="1"/>
          <input semantic="TEXCOORD" source="#Cube_001-mesh-map-0" offset="2" set="0"/>
          <p>9 0 0 2 0 1 8 0 2 3 1 3 6 1 4 2 1 5 10 2 6 5 2 7 4 2 8 5 3 9 0 3 10 4 3 11 10 4 12 0 4 13 8 4 14 11 5 15 1 5 16 5 5 17 7 6 18 9 6 19 11 6 20 6 4 21 8 4 22 2 4 23 7 1 24 12 1 25 6 1 26 0 0 27 9 0 28 8 0 29 13 5 30 19 5 31 17 5 32 7 5 33 15 5 34 13 5 35 6 7 36 14 7 37 10 7 38 11 8 39 14 8 40 15 8 41 19 9 42 21 9 43 17 9 44 13 1 45 16 1 46 12 1 47 14 10 48 19 10 49 15 10 50 12 11 51 18 11 52 14 11 53 21 3 54 22 3 55 20 3 56 21 12 57 25 12 58 17 12 59 19 13 60 22 13 61 23 13 62 18 14 63 20 14 64 22 14 65 25 15 66 26 15 67 24 15 68 17 16 69 24 16 70 16 16 71 20 17 72 24 17 73 26 17 74 20 3 75 27 3 76 21 3 77 9 0 78 3 0 79 2 0 80 3 1 81 7 1 82 6 1 83 10 18 84 11 18 85 5 18 86 5 3 87 1 3 88 0 3 89 10 4 90 4 4 91 0 4 92 11 5 93 9 5 94 1 5 95 7 5 96 3 5 97 9 5 98 6 19 99 10 19 100 8 19 101 7 1 102 13 1 103 12 1 104 0 0 105 1 0 106 9 0 107 13 20 108 15 20 109 19 20 110 7 21 111 11 21 112 15 21 113 6 4 114 12 4 115 14 4 116 11 22 117 10 22 118 14 22 119 19 23 120 23 23 121 21 23 122 13 1 123 17 1 124 16 1 125 14 24 126 18 24 127 19 24 128 12 4 129 16 4 130 18 4 131 21 25 132 23 25 133 22 25 134 21 26 135 27 26 136 25 26 137 19 27 138 18 27 139 22 27 140 18 28 141 16 28 142 20 28 143 25 29 144 27 29 145 26 29 146 17 16 147 25 16 148 24 16 149 20 30 150 16 30 151 24 30 152 20 3 153 26 3 154 27 3 155</p>
        </triangles>
      </mesh>
    </geometry>
  </library_geometries>
  <library_visual_scenes>
    <visual_scene id="Scene" name="Scene">
      <node id="Cubo" name="Cubo" type="NODE">
        <matrix sid="transform">1.00228 -0.9135348 0 -40.30251 0.9135348 1.00228 0 29.65167 0 0 1.356138 26.04942 0 0 0 1</matrix>
        <instance_geometry url="#Cubo-mesh" name="Cubo">
          <bind_material>
            <technique_common>
              <instance_material symbol="Material_014-material" target="#Material_014-material">
                <bind_vertex_input semantic="MapaUV" input_semantic="TEXCOORD" input_set="0"/>
              </instance_material>
              <instance_material symbol="Material_012-material" target="#Material_012-material">
                <bind_vertex_input semantic="MapaUV" input_semantic="TEXCOORD" input_set="0"/>
              </instance_material>
            </technique_common>
          </bind_material>
        </instance_geometry>
      </node>
      <node id="Plano" name="Plano" type="NODE">
        <matrix sid="transform">10.88186 -2.555779 -30.97382 -22.61947 5.590914 4.752083 -38.70023 16.91464 2.562863 0.4850648 215.9391 15.55098 0 0 0 1</matrix>
        <instance_geometry url="#Plano-mesh" name="Plano">
          <bind_material>
            <technique_common>
              <instance_material symbol="Material_010-material" target="#Material_010-material">
                <bind_vertex_input semantic="MapaUV" input_semantic="TEXCOORD" input_set="0"/>
              </instance_material>
            </technique_common>
          </bind_material>
        </instance_geometry>
      </node>
      <node id="Cube_014" name="Cube.014" type="NODE">
        <matrix sid="transform">-0.9265125 0.1862692 0 -2.861812 -0.1862692 -0.9265125 0 14.25178 0 0 0.9450512 -3.020034 0 0 0 1</matrix>
        <instance_geometry url="#Cube_015-mesh" name="Cube.014">
          <bind_material>
            <technique_common>
              <instance_material symbol="Material_005-material" target="#Material_005-material">
                <bind_vertex_input semantic="UVMap" input_semantic="TEXCOORD" input_set="0"/>
              </instance_material>
            </technique_common>
          </bind_material>
        </instance_geometry>
      </node>
      <node id="Cube_013" name="Cube.013" type="NODE">
        <matrix sid="transform">0.1393013 1.995143 0 20.45114 -1.995143 0.1393013 0 15.17506 0 0 2 2.35104 0 0 0 1</matrix>
        <instance_geometry url="#Cube_014-mesh" name="Cube.013">
          <bind_material>
            <technique_common>
              <instance_material symbol="Material_005-material" target="#Material_005-material">
                <bind_vertex_input semantic="UVMap" input_semantic="TEXCOORD" input_set="0"/>
              </instance_material>
            </technique_common>
          </bind_material>
        </instance_geometry>
      </node>
      <node id="Cylinder_016" name="Cylinder.016" type="NODE">
        <matrix sid="transform">0.3377493 1.880173 0 15.86815 -1.880173 0.3377493 0 26.67901 0 0 1.910269 6.550146 0 0 0 1</matrix>
        <instance_geometry url="#Cylinder_016-mesh" name="Cylinder.016">
          <bind_material>
            <technique_common>
              <instance_material symbol="Material_016-material" target="#Material_016-material">
                <bind_vertex_input semantic="UVMap" input_semantic="TEXCOORD" input_set="0"/>
              </instance_material>
            </technique_common>
          </bind_material>
        </instance_geometry>
      </node>
      <node id="Cube_012" name="Cube.012" type="NODE">
        <matrix sid="transform">0.827342 -0.4567569 0 21.12495 0.4567569 0.827342 0 -1.551272 0 0 0.9450512 -3.020034 0 0 0 1</matrix>
        <instance_geometry url="#Cube_006-mesh" name="Cube.012">
          <bind_material>
            <technique_common>
              <instance_material symbol="Material_005-material" target="#Material_005-material">
                <bind_vertex_input semantic="UVMap" input_semantic="TEXCOORD" input_set="0"/>
              </instance_material>
            </technique_common>
          </bind_material>
        </instance_geometry>
      </node>
      <node id="Cube_011" name="Cube.011" type="NODE">
        <matrix sid="transform">0.9433184 0.0572031 0 41.16092 -0.0572031 0.9433184 0 -4.260361 0 0 0.9450512 -3.020034 0 0 0 1</matrix>
        <instance_geometry url="#Cube_005-mesh" name="Cube.011">
          <bind_material>
            <technique_common>
              <instance_material symbol="Material_014-material" target="#Material_014-material">
                <bind_vertex_input semantic="UVMap" input_semantic="TEXCOORD" input_set="0"/>
              </instance_material>
            </technique_common>
          </bind_material>
        </instance_geometry>
      </node>
      <node id="Cube_010" name="Cube.010" type="NODE">
        <matrix sid="transform">-0.9450062 0.009222703 0 24.19118 -0.009222703 -0.9450062 0 12.47531 0 0 0.9450512 -3.020034 0 0 0 1</matrix>
        <instance_geometry url="#Cube_013-mesh" name="Cube.010">
          <bind_material>
            <technique_common>
              <instance_material symbol="Material_014-material" target="#Material_014-material">
                <bind_vertex_input semantic="UVMap" input_semantic="TEXCOORD" input_set="0"/>
              </instance_material>
            </technique_common>
          </bind_material>
        </instance_geometry>
      </node>
      <node id="Cylinder_015" name="Cylinder.015" type="NODE">
        <matrix sid="transform">2 0 0 49.57948 0 2 0 -6.372151 0 0 2 -0.04330238 0 0 0 1</matrix>
        <instance_geometry url="#Cylinder_015-mesh" name="Cylinder.015">
          <bind_material>
            <technique_common>
              <instance_material symbol="Material_016-material" target="#Material_016-material">
                <bind_vertex_input semantic="UVMap" input_semantic="TEXCOORD" input_set="0"/>
              </instance_material>
              <instance_material symbol="Material_017-material" target="#Material_017-material">
                <bind_vertex_input semantic="UVMap" input_semantic="TEXCOORD" input_set="0"/>
              </instance_material>
            </technique_common>
          </bind_material>
        </instance_geometry>
      </node>
      <node id="Cylinder_014" name="Cylinder.014" type="NODE">
        <matrix sid="transform">2 0 0 15.8553 0 2 0 26.6395 0 0 2 1.853539 0 0 0 1</matrix>
        <instance_geometry url="#Cylinder_014-mesh" name="Cylinder.014">
          <bind_material>
            <technique_common>
              <instance_material symbol="Material_016-material" target="#Material_016-material">
                <bind_vertex_input semantic="UVMap" input_semantic="TEXCOORD" input_set="0"/>
              </instance_material>
              <instance_material symbol="Material_017-material" target="#Material_017-material">
                <bind_vertex_input semantic="UVMap" input_semantic="TEXCOORD" input_set="0"/>
              </instance_material>
            </technique_common>
          </bind_material>
        </instance_geometry>
      </node>
      <node id="Cylinder_013" name="Cylinder.013" type="NODE">
        <matrix sid="transform">1.999993 0.005252302 0 21.1481 -0.005252302 1.999993 0 8.461601 0 0 2 5.471934 0 0 0 1</matrix>
        <instance_geometry url="#Cylinder_013-mesh" name="Cylinder.013">
          <bind_material>
            <technique_common>
              <instance_material symbol="Material_012-material" target="#Material_012-material">
                <bind_vertex_input semantic="UVMap" input_semantic="TEXCOORD" input_set="0"/>
              </instance_material>
              <instance_material symbol="Material_013-material" target="#Material_013-material">
                <bind_vertex_input semantic="UVMap" input_semantic="TEXCOORD" input_set="0"/>
              </instance_material>
            </technique_common>
          </bind_material>
        </instance_geometry>
      </node>
      <node id="Cylinder_012" name="Cylinder.012" type="NODE">
        <matrix sid="transform">1.612602 -1.18301 0 21.1481 1.18301 1.612602 0 0.7207909 0 0 2 5.471934 0 0 0 1</matrix>
        <instance_geometry url="#Cylinder_012-mesh" name="Cylinder.012">
          <bind_material>
            <technique_common>
              <instance_material symbol="Material_012-material" target="#Material_012-material">
                <bind_vertex_input semantic="UVMap" input_semantic="TEXCOORD" input_set="0"/>
              </instance_material>
              <instance_material symbol="Material_013-material" target="#Material_013-material">
                <bind_vertex_input semantic="UVMap" input_semantic="TEXCOORD" input_set="0"/>
              </instance_material>
            </technique_common>
          </bind_material>
        </instance_geometry>
      </node>
      <node id="Cube_009" name="Cube.009" type="NODE">
        <matrix sid="transform">2 0 0 -44.31973 0 2 0 25.57126 0 0 2 2.35104 0 0 0 1</matrix>
        <instance_geometry url="#Cube_012-mesh" name="Cube.009">
          <bind_material>
            <technique_common>
              <instance_material symbol="Material_005-material" target="#Material_005-material">
                <bind_vertex_input semantic="UVMap" input_semantic="TEXCOORD" input_set="0"/>
              </instance_material>
            </technique_common>
          </bind_material>
        </instance_geometry>
      </node>
      <node id="Cube_005" name="Cube.005" type="NODE">
        <matrix sid="transform">-0.9450062 0.009222703 0 -30.86097 -0.009222703 -0.9450062 0 35.22646 0 0 0.9450512 -3.020034 0 0 0 1</matrix>
        <instance_geometry url="#Cube_011-mesh" name="Cube.005">
          <bind_material>
            <technique_common>
              <instance_material symbol="Material_005-material" target="#Material_005-material">
                <bind_vertex_input semantic="UVMap" input_semantic="TEXCOORD" input_set="0"/>
              </instance_material>
            </technique_common>
          </bind_material>
        </instance_geometry>
      </node>
      <node id="Cube_004" name="Cube.004" type="NODE">
        <matrix sid="transform">0.9450512 0 0 -19.25524 0 0.9450512 0 -5.539912 0 0 0.9450512 -7.945908 0 0 0 1</matrix>
        <instance_geometry url="#Cube_010-mesh" name="Cube.004">
          <bind_material>
            <technique_common>
              <instance_material symbol="Material_005-material" target="#Material_005-material">
                <bind_vertex_input semantic="UVMap" input_semantic="TEXCOORD" input_set="0"/>
              </instance_material>
            </technique_common>
          </bind_material>
        </instance_geometry>
      </node>
      <node id="Cube_008" name="Cube.008" type="NODE">
        <matrix sid="transform">1.758138 -0.9533901 0 -7.051204 0.9533901 1.758138 0 -21.03439 0 0 2 -6.490854 0 0 0 1</matrix>
        <instance_geometry url="#Cube_009-mesh" name="Cube.008">
          <bind_material>
            <technique_common>
              <instance_material symbol="Material_005-material" target="#Material_005-material">
                <bind_vertex_input semantic="UVMap" input_semantic="TEXCOORD" input_set="0"/>
              </instance_material>
            </technique_common>
          </bind_material>
        </instance_geometry>
      </node>
      <node id="Cube_007" name="Cube.007" type="NODE">
        <matrix sid="transform">1.758138 -0.9533901 0 -11.03592 0.9533901 1.758138 0 -14.69803 0 0 2 -4.793018 0 0 0 1</matrix>
        <instance_geometry url="#Cube_008-mesh" name="Cube.007">
          <bind_material>
            <technique_common>
              <instance_material symbol="Material_005-material" target="#Material_005-material">
                <bind_vertex_input semantic="UVMap" input_semantic="TEXCOORD" input_set="0"/>
              </instance_material>
            </technique_common>
          </bind_material>
        </instance_geometry>
      </node>
      <node id="Cube_006" name="Cube.006" type="NODE">
        <matrix sid="transform">2 0 0 -11.2319 0 2 0 -9.308855 0 0 2 -3.095183 0 0 0 1</matrix>
        <instance_geometry url="#Cube_007-mesh" name="Cube.006">
          <bind_material>
            <technique_common>
              <instance_material symbol="Material_014-material" target="#Material_014-material">
                <bind_vertex_input semantic="UVMap" input_semantic="TEXCOORD" input_set="0"/>
              </instance_material>
            </technique_common>
          </bind_material>
        </instance_geometry>
      </node>
      <node id="Cylinder_011" name="Cylinder.011" type="NODE">
        <matrix sid="transform">1.880731 0 0 -55.48071 0 1.880731 0 22.00744 0 0 1.880731 0.5774702 0 0 0 1</matrix>
        <instance_geometry url="#Cylinder_011-mesh" name="Cylinder.011">
          <bind_material>
            <technique_common>
              <instance_material symbol="Material_005-material" target="#Material_005-material">
                <bind_vertex_input semantic="UVMap" input_semantic="TEXCOORD" input_set="0"/>
              </instance_material>
            </technique_common>
          </bind_material>
        </instance_geometry>
      </node>
      <node id="Cylinder_010" name="Cylinder.010" type="NODE">
        <matrix sid="transform">1.880731 0 0 -36.17845 0 1.880731 0 29.93153 0 0 3.110661 0.5774702 0 0 0 1</matrix>
        <instance_geometry url="#Cylinder_010-mesh" name="Cylinder.010">
          <bind_material>
            <technique_common>
              <instance_material symbol="Material_015-material" target="#Material_015-material">
                <bind_vertex_input semantic="UVMap" input_semantic="TEXCOORD" input_set="0"/>
              </instance_material>
            </technique_common>
          </bind_material>
        </instance_geometry>
      </node>
      <node id="Cylinder_009" name="Cylinder.009" type="NODE">
        <matrix sid="transform">1.964117 -0.3771546 0 -14.88277 0.3771546 1.964117 0 -3.410568 0 0 2 3.749774 0 0 0 1</matrix>
        <instance_geometry url="#Cylinder_009-mesh" name="Cylinder.009">
          <bind_material>
            <technique_common>
              <instance_material symbol="Material_012-material" target="#Material_012-material">
                <bind_vertex_input semantic="UVMap" input_semantic="TEXCOORD" input_set="0"/>
              </instance_material>
              <instance_material symbol="Material_013-material" target="#Material_013-material">
                <bind_vertex_input semantic="UVMap" input_semantic="TEXCOORD" input_set="0"/>
              </instance_material>
            </technique_common>
          </bind_material>
        </instance_geometry>
      </node>
      <node id="Cube_003" name="Cube.003" type="NODE">
        <matrix sid="transform">2 0 0 -11.2319 0 2 0 -9.308855 0 0 2 -3.095183 0 0 0 1</matrix>
        <instance_geometry url="#Cube_004-mesh" name="Cube.003">
          <bind_material>
            <technique_common>
              <instance_material symbol="Material_005-material" target="#Material_005-material">
                <bind_vertex_input semantic="UVMap" input_semantic="TEXCOORD" input_set="0"/>
              </instance_material>
            </technique_common>
          </bind_material>
        </instance_geometry>
      </node>
      <node id="Cylinder_008" name="Cylinder.008" type="NODE">
        <matrix sid="transform">2 0 0 7.426584 0 2 0 4.269684 0 0 2 -0.04330238 0 0 0 1</matrix>
        <instance_geometry url="#Cylinder_008-mesh" name="Cylinder.008">
          <bind_material>
            <technique_common>
              <instance_material symbol="Material_004-material" target="#Material_004-material">
                <bind_vertex_input semantic="UVMap" input_semantic="TEXCOORD" input_set="0"/>
              </instance_material>
              <instance_material symbol="Material_005-material" target="#Material_005-material">
                <bind_vertex_input semantic="UVMap" input_semantic="TEXCOORD" input_set="0"/>
              </instance_material>
            </technique_common>
          </bind_material>
        </instance_geometry>
      </node>
      <node id="Cylinder_007" name="Cylinder.007" type="NODE">
        <matrix sid="transform">1.880731 0 0 -4.36924 0 1.880731 0 11.37428 0 0 1.880731 -0.04330238 0 0 0 1</matrix>
        <instance_geometry url="#Cylinder_007-mesh" name="Cylinder.007">
          <bind_material>
            <technique_common>
              <instance_material symbol="Material_011-material" target="#Material_011-material">
                <bind_vertex_input semantic="UVMap" input_semantic="TEXCOORD" input_set="0"/>
              </instance_material>
            </technique_common>
          </bind_material>
        </instance_geometry>
      </node>
      <node id="Cylinder_006" name="Cylinder.006" type="NODE">
        <matrix sid="transform">1.880731 0 0 -9.223022 0 1.880731 0 19.50154 0 0 1.880731 -0.04330238 0 0 0 1</matrix>
        <instance_geometry url="#Cylinder_006-mesh" name="Cylinder.006">
          <bind_material>
            <technique_common>
              <instance_material symbol="Material_011-material" target="#Material_011-material">
                <bind_vertex_input semantic="UVMap" input_semantic="TEXCOORD" input_set="0"/>
              </instance_material>
            </technique_common>
          </bind_material>
        </instance_geometry>
      </node>
      <node id="Cube_002" name="Cube.002" type="NODE">
        <matrix sid="transform">2 0 0 -5.608149 0 2 0 27.40936 0 0 2 7.544737 0 0 0 1</matrix>
        <instance_geometry url="#Cube_003-mesh" name="Cube.002">
          <bind_material>
            <technique_common>
              <instance_material symbol="Material_005-material" target="#Material_005-material">
                <bind_vertex_input semantic="UVMap" input_semantic="TEXCOORD" input_set="0"/>
              </instance_material>
            </technique_common>
          </bind_material>
        </instance_geometry>
      </node>
      <node id="Cube_001" name="Cube.001" type="NODE">
        <matrix sid="transform">2 0 0 -12.57597 0 2 0 28.06259 0 0 2 7.544737 0 0 0 1</matrix>
        <instance_geometry url="#Cube_002-mesh" name="Cube.001">
          <bind_material>
            <technique_common>
              <instance_material symbol="Material_005-material" target="#Material_005-material">
                <bind_vertex_input semantic="UVMap" input_semantic="TEXCOORD" input_set="0"/>
              </instance_material>
            </technique_common>
          </bind_material>
        </instance_geometry>
      </node>
      <node id="Cylinder_005" name="Cylinder.005" type="NODE">
        <matrix sid="transform">4.214011 0 0 32.80803 0 4.214011 0 4.375347 0 0 4.214011 -0.04330238 0 0 0 1</matrix>
        <instance_geometry url="#Cylinder_005-mesh" name="Cylinder.005">
          <bind_material>
            <technique_common>
              <instance_material symbol="Material_005-material" target="#Material_005-material">
                <bind_vertex_input semantic="UVMap" input_semantic="TEXCOORD" input_set="0"/>
              </instance_material>
            </technique_common>
          </bind_material>
        </instance_geometry>
      </node>
      <node id="Cylinder_004" name="Cylinder.004" type="NODE">
        <matrix sid="transform">2 0 0 -2.187973 0 2 0 -11.42406 0 0 2.978465 3.391334 0 0 0 1</matrix>
        <instance_geometry url="#Cylinder_004-mesh" name="Cylinder.004">
          <bind_material>
            <technique_common>
              <instance_material symbol="Material_015-material" target="#Material_015-material">
                <bind_vertex_input semantic="UVMap" input_semantic="TEXCOORD" input_set="0"/>
              </instance_material>
            </technique_common>
          </bind_material>
        </instance_geometry>
      </node>
      <node id="Cylinder_003" name="Cylinder.003" type="NODE">
        <matrix sid="transform">2 0 0 -21.83482 0 2 0 28.63522 0 0 2 -0.04330238 0 0 0 1</matrix>
        <instance_geometry url="#Cylinder_003-mesh" name="Cylinder.003">
          <bind_material>
            <technique_common>
              <instance_material symbol="Material_004-material" target="#Material_004-material">
                <bind_vertex_input semantic="UVMap" input_semantic="TEXCOORD" input_set="0"/>
              </instance_material>
              <instance_material symbol="Material_005-material" target="#Material_005-material">
                <bind_vertex_input semantic="UVMap" input_semantic="TEXCOORD" input_set="0"/>
              </instance_material>
            </technique_common>
          </bind_material>
        </instance_geometry>
      </node>
      <node id="Cylinder_002" name="Cylinder.002" type="NODE">
        <matrix sid="transform">2 0 0 -38.66554 0 2 0 11.51537 0 0 2 -0.04330238 0 0 0 1</matrix>
        <instance_geometry url="#Cylinder_002-mesh" name="Cylinder.002">
          <bind_material>
            <technique_common>
              <instance_material symbol="Material_003-material" target="#Material_003-material">
                <bind_vertex_input semantic="UVMap" input_semantic="TEXCOORD" input_set="0"/>
              </instance_material>
            </technique_common>
          </bind_material>
        </instance_geometry>
      </node>
      <node id="Cylinder_001" name="Cylinder.001" type="NODE">
        <matrix sid="transform">2 0 0 -37.96005 0 2 0 4.742655 0 0 2 -1.704804 0 0 0 1</matrix>
        <instance_geometry url="#Cylinder_001-mesh" name="Cylinder.001">
          <bind_material>
            <technique_common>
              <instance_material symbol="Material_002-material" target="#Material_002-material">
                <bind_vertex_input semantic="UVMap" input_semantic="TEXCOORD" input_set="0"/>
              </instance_material>
            </technique_common>
          </bind_material>
        </instance_geometry>
      </node>
      <node id="Cylinder" name="Cylinder" type="NODE">
        <matrix sid="transform">2 0 0 -28.1302 0 2 0 5.448146 0 0 2 -0.04330238 0 0 0 1</matrix>
        <instance_geometry url="#Cylinder-mesh" name="Cylinder">
          <bind_material>
            <technique_common>
              <instance_material symbol="Material_004-material" target="#Material_004-material">
                <bind_vertex_input semantic="UVMap" input_semantic="TEXCOORD" input_set="0"/>
              </instance_material>
              <instance_material symbol="Material_005-material" target="#Material_005-material">
                <bind_vertex_input semantic="UVMap" input_semantic="TEXCOORD" input_set="0"/>
              </instance_material>
            </technique_common>
          </bind_material>
        </instance_geometry>
      </node>
      <node id="Cube" name="Cube" type="NODE">
        <matrix sid="transform">2 0 0 4.053756 0 2 0 -8.3682 0 0 2 -0.04330238 0 0 0 1</matrix>
        <instance_geometry url="#Cube_001-mesh" name="Cube">
          <bind_material>
            <technique_common>
              <instance_material symbol="Material_001-material" target="#Material_001-material">
                <bind_vertex_input semantic="UVMap" input_semantic="TEXCOORD" input_set="0"/>
              </instance_material>
            </technique_common>
          </bind_material>
        </instance_geometry>
      </node>
    </visual_scene>
  </library_visual_scenes>
  <scene>
    <instance_visual_scene url="#Scene"/>
  </scene>
</COLLADA>